timestamp,reference_mode,task_id,category,task,iteration,candidate,final_output
2026-06-25T10:05:44.417817,individual,idea_0,idea,Generate 5 novel product ideas that help reduce food waste at home.,0,0,"The critique of the draft focuses on enhancing **clarity and coherence**, pointing out that while a general overview is provided, some sentences are lengthy and could benefit from being more concise. The draft could also improve readability by reordering information, highlighting the main benefits before detailing features. On **originality**, some ideas, like the smart food inventory system and recipe suggestor, are compared to existing market solutions, and the draft should better articulate their unique innovations. Regarding **completeness**, additional contextual detail on practical integration into daily life is required to improve understanding, especially for advanced technological solutions.\n\nThe rewritten draft outlines five innovative product ideas focusing on reducing food waste for sustainability:\n\n1. **Smart Food Inventory System**: Monitors food items with real-time alerts on spoilage, integrates with kitchen tech, and suggests recipes to prevent waste.\n2. **Eco-Saver Recipe Suggestor**: An app that turns leftovers into meals, filtering by dietary needs and preferences, maximizing ingredient use.\n3. **Compost Accelerator Kit**: A compact composting system that uses enzyme technology for rapid, odor-free decomposition, tracked via an app.\n4. **Freshness Extender Lids**: Smart lids that regulate gas exchange to prolong food freshness, compatible with various containers.\n5. **Nutrient Drink Maker**: Transforms underused produce into nutrient drinks, offering preset programs and a way to utilize leftovers.\n\nThese ideas promote sustainable food management and creativity, aiming to significantly reduce household food waste through innovative solutions."
2026-06-25T10:06:03.369473,individual,idea_0,idea,Generate 5 novel product ideas that help reduce food waste at home.,0,1,"The draft presents five innovative product ideas aimed at reducing household food waste, each with unique features that integrate technology and community engagement. \n\n1. **Smart Expiry Tracker**: A mobile app paired with RFID-tagged containers that notify users of approaching expiry dates and suggest recipes to prevent spoilage. It integrates with home assistants for inventory checks and ensures secure data handling.\n\n2. **Compost Boost Appliance**: A countertop device that automates compost creation using enzymes and temperature regulation, enhanced by blockchain technology for lifecycle transparency and a companion app for guidance.\n\n3. **Food Saver Device**: An advanced vacuum sealer with specialized modes and an app that logs storage duration and suggests use-by dates, supported by an online community sharing recipes to maximize food use.\n\n4. **Fridge Insight System**: An AI system with sensors and cameras that tracks food inventory, categorizes items through visual recognition, and suggests personalized grocery lists and meal ideas, all while maintaining privacy.\n\n5. **Ugly Food Box Subscription**: Provides subscribers with imperfect but nutritious produce boxes, promoting waste reduction and food diversity. It includes a zero-waste toolkit and a community platform for recipe sharing and support.\n\nThese products not only aim to minimize food waste but also encourage sustainable practices and community involvement, fostering a more sustainable future through thoughtful consumption."
2026-06-25T10:06:18.835529,individual,idea_0,idea,Generate 5 novel product ideas that help reduce food waste at home.,0,2,"The revised product descriptions effectively enhance clarity and coherence by simplifying explanations and highlighting key features. The originality is strengthened by emphasizing unique selling points, albeit some ideas still contain elements common in existing products, like vacuum-sealing. More details on interfaces, such as recipe integration and local grocery connectivity, would improve completeness. Each idea is introduced with improved clarity, emphasizing unique benefits and encouraging sustainable living.\n\n1. **Smart Leftover Manager**: Integrates smart containers with a mobile app to monitor leftover freshness, offer recipe suggestions using AI, and utilize vacuum-sealing to keep food fresh longer.\n\n2. **Odor-Free Indoor Compost Machine**: Compact urban composting solution using microbes and a deodorizing filter to turn food scraps into compost without odors, offering real-time updates and composting tips.\n\n3. **Produce-Enhancing Fridge Pads**: Reusable pads with ethylene neutralizers and antimicrobials to slow spoilage, featuring a color-coded system for refreshing.\n\n4. **Smart Meal Planner & Inventory System**: Digital meal planning with integrated inventory tracking that suggests discounted items from local markets and provides analytics for waste reduction.\n\n5. **Foray into Preserving Starter Kit**: Includes tools and guidance for canning, pickling, fermenting, and dehydrating, supported by an educational app offering tutorials and community engagement.\n\nOverall, the draft reflects an effort to combine innovative technology and practical solutions for sustainable kitchen management, while noting areas for deeper explanation."
2026-06-25T10:06:36.578600,individual,idea_0,idea,Generate 5 novel product ideas that help reduce food waste at home.,0,3,"The draft introduces five innovative product ideas aimed at reducing food waste, emphasizing both environmental sustainability and personal savings. While largely original, these concepts could be refined to highlight uniqueness, particularly in comparison to existing solutions like smart labels and inventory apps. Enhancing clarity and coherence by simplifying technical jargon and separating features from benefits would further benefit the understanding of a broader audience. Additionally, a conclusive section summarizing the products' collective impact and addressing challenges in their implementation would improve the draft's completeness and market viability.\n\nKey ideas feature products such as a Smart Compost Bin offering real-time nutritional feedback and recipe suggestions via a Bluetooth-connected app, and an Automated Pantry Manager that uses barcode scanning to track grocery inventory and suggest meal ideas. Advanced freshness labels provide visual indicators of food shelf life through color changes, while a Leftover Rejuvenator appliance transforms leftovers into new dishes with pre-installed recipes. Finally, a Regrow Kit enables users to cultivate produce from kitchen scraps with hydroponic technology and a growth-tracking app. By leveraging modern technology, these innovations encourage sustainable food management practices, promising educational benefits and enhanced household efficiency. Addressing user adoption hurdles and maintenance costs could further solidify their market appeal."
2026-06-25T10:06:54.970043,individual,idea_0,idea,Generate 5 novel product ideas that help reduce food waste at home.,0,4,"**Critique and Suggestions for Improvement:**\n\nThe draft presents innovative ideas for reducing food waste at home but can benefit from increased clarity and originality. Descriptions of features are at times verbose and repetitive, particularly regarding app integrations and alerts, which can be streamlined for greater coherence. Some ideas may appear generic, as they heavily depend on existing IoT and AI concepts; highlighting unique functionalities can enhance their distinctiveness. Including more detailed user scenarios and addressing integration challenges with existing home setups could enrich the draft's completeness.\n\n**Refined Product Ideas:**\n\n1. **Intelligent Pantry System (IPS):**\n   - **Overview:** IoT-enabled shelves monitor the quantity and shelf life of stored items using weight sensors and RFID tags, sending real-time alerts to users.\n   - **Features:** Offers recipe ideas via voice assistant, updates digital shopping lists, and communicates with family members.\n\n2. **Eco-Friendly Smart Compositor:**\n   - **Overview:** A countertop unit converting waste into compost through a grind-and-heat process.\n   - **Features:** Advanced odor-control and app-based insights for compost management.\n\n3. **Food Inventory Tag System (FITS):**\n   - **Overview:** Reusable digital tags display and track food status with LED displays and QR codes.\n   - **Features:** Sends consumption alerts, aligns with dietary preferences, and facilitates community food sharing.\n\n4. **Personalized Meal Planning AI:**\n   - **Overview:** AI-based meal planning tailored to existing kitchen supplies and user habits.\n   - **Features:** Integrates with grocery apps, advises on using leftovers, and promotes seasonal ingredients.\n\n5. **Advanced Preservation Container:**\n   - **Overview:** A smart container using vacuum sealing to maintain optimal food conditions.\n   - **Features:** Customizable settings for food types, and app reminders for food check-ups and usage strategies.\n\nThese concepts leverage technology and design to improve food efficiency at home, enhancing environmental awareness and cost savings."
2026-06-25T10:07:11.823286,individual,idea_0,idea,Generate 5 novel product ideas that help reduce food waste at home.,1,0,"To enhance food waste reduction at home, five innovative product ideas are proposed, each highlighting clarity, originality, and thorough implementation considerations:\n\n1. **Real-Time Spoilage Sensor Tags**: These advanced sensor tags adhere to food packaging, changing colors to track freshness using cutting-edge ethylene detection. They sync with a smartphone app to alert users of impending spoilage and suggest recipes, offering a distinct advantage over traditional freshness indicators.\n\n2. **Personalized Recipe and Meal Planner AI**: This voice-activated assistant customizes meal plans based on current ingredients and personal preferences. It leverages AI to monitor spoilage risks, suggest alternative meal ideas, and create shopping lists, while offering storage tips to extend ingredient life.\n\n3. **Automated Food Portioning and Storage Device**: Designed as a compact appliance, this device automatically portions and packages meals based on household consumption patterns. By integrating with smart kitchen systems, it optimizes storage times, reducing waste from over-preparation and managing leftovers efficiently.\n\n4. **Modular Fridge Organization Kit**: Featuring adjustable shelves with embedded sensors, this kit enhances fridge organization by prioritizing expiring foods. Connected to a companion app, it tracks fridge contents, ensuring older items are used first, and adapts to any fridge configuration for systematic storage.\n\n5. **Customizable Fermentation Station**: This appliance simplifies home fermentation to transform excess produce into probiotics-rich foods. Equipped with pre-set programs and a monitoring app, it aims to reduce waste while being accessible to both novices and experienced users, promoting dietary variety.\n\nThese ideas prioritize practical, sustainable solutions with a focus on user-friendliness, affordability, and seamless integration into daily life, encouraging environmentally conscious habits. Each concept addresses potential implementation barriers, enhancing their feasibility and impact."
2026-06-25T10:07:26.912748,individual,idea_0,idea,Generate 5 novel product ideas that help reduce food waste at home.,1,1,"The draft presents innovative concepts aimed at reducing household food waste, emphasizing technology, sustainability, and community involvement. However, it requires improvements in clarity and coherence, as current descriptions may lack concise delivery of crucial product functionalities. While ideas like the meal planning app and food storage system echo existing solutions, they could benefit from unique features to heighten their originality. The draft lacks comprehensiveness regarding production, distribution, and tangible impacts on food waste. \n\nKey Product Concepts:\n1. **AI-Driven Meal Planner**: Uses AI to tailor meal plans based on user habits and leftovers, with alerts for items nearing expiration and recipe suggestions for available ingredients.\n2. **Eco-Smart Storage System**: Features eco-friendly, sensor-equipped containers for tracking food freshness; syncs with an app to manage inventory and suggest uses for nearing-expiration foods.\n3. **Leftovers Culinary Lab**: Provides tools and a digital platform to creatively repurpose leftovers, encouraging waste reduction through innovative meal creation.\n4. **Local Food Exchange Hub**: Facilitates community food sharing, connecting individuals to exchange excess groceries, promoting collaboration to combat food waste.\n5. **Home Fermentation Starter Kit**: Offers guides and tools to convert surplus produce into fermented goods, supporting sustainable habits and maximizing food utility.\n\nOverall, these approaches foster sustainability, cost-efficiency, and community collaboration, contributing to a more environmentally-friendly lifestyle."
2026-06-25T10:07:47.474023,individual,idea_0,idea,Generate 5 novel product ideas that help reduce food waste at home.,1,2,"The original draft presented novel concepts but lacked clarity and coherence due to excessive detail and redundancy, particularly in app integrations. To enhance distinction between the products, each idea should focus on its unique features. Additionally, the draft would benefit from user scenarios illustrating the practical application and effectiveness of these ideas in reducing food waste. Addressing potential challenges could further improve their appeal.\n\nThe revised draft delineates five innovative, technology-driven solutions to combat food waste at home:\n\n1. **Eco-Smart Food Storage System**: Sensor-equipped containers track food freshness, sending app alerts for expiring items and suggesting recipes. It uniquely allows for ingredient donation through its 'community connect' feature.\n\n2. **Odorless Compost Crafter**: A countertop appliance turns food waste into compost using a microbial process, eliminating odor. An accompanying app provides composting tips and plant care advice.\n\n3. **Fridge Freshness Alert System**: Smart labels on food items indicate freshness via color changes, with accompanying app alerts and proactive recipes to avoid spoilage.\n\n4. **Meal Swap Community Platform**: This app facilitates community-based meal or ingredient swaps, with features for dietary preferences, customizable alerts, and contactless exchanges to foster stronger local networks.\n\n5. **DIY Preservation Mastery Kit**: Offering tools and guides for food preservation techniques, this kit connects users with mentors and workshops via an app, promoting creative food lifespan extension.\n\nThese ideas blend technology with sustainability, fostering efficient food management and community cooperation for environmental benefits."
2026-06-25T10:08:01.153803,individual,idea_0,idea,Generate 5 novel product ideas that help reduce food waste at home.,1,3,"The revised draft outlines five innovative products aimed at reducing food waste in households, focusing on sustainability and enhanced user experience through advanced technology. These products include the ""Freshness Forecast Labels,"" which use non-toxic, color-changing inks to indicate the freshness of food based on temperature changes; the ""Smart Fridge Companion,"" a device that converts any refrigerator into a smart system with sensors and an app for managing food freshness and providing recipe suggestions; the ""Food-Upcycler Appliance,"" which employs AI to transform leftovers into gourmet meals; the ""Regrow & Renew Kit,"" a hydroponic system for regrowing produce from kitchen scraps; and the ""Pantry Optimizer Tool,"" featuring smart shelves with sensors and RFID technology to monitor inventory and connect with smart home systems. Together, these products promote sustainable cooking habits and environmental benefits by reducing food waste, although further details on cost-effectiveness, marketing strategies, and user integration are needed to enhance their commercial viability and appeal."
2026-06-25T10:08:20.535979,individual,idea_0,idea,Generate 5 novel product ideas that help reduce food waste at home.,1,4,"### Concise Critique and Revised Draft Overview\n\n**Critique:**\n1. **Clarity and Coherence:** The draft outlines several product ideas but lacks clear connections to food waste reduction. Explicitly detailing how each concept contributes to minimizing waste, such as by describing specific mechanisms, would enhance comprehension.\n2. **Originality:** Ideas like meal kits and food exchange platforms exist already. Introduce unique aspects, such as blockchain for transparency, to distinguish them.\n3. **Completeness:** There's an emphasis on integrating with existing home setups, yet this is inconsistently addressed. Elaborating on how each product aligns with current technologies or habits would provide a fuller picture of their utility.\n\n**Revised Draft:**\nHere are five innovative product ideas, refined for concise communication and impact, aimed at effectively reducing home food waste by integrating into daily life:\n\n1. **Smart Fridge Assistant:** A device leveraging AI to track fridge contents, suggesting recipes and reminding users of soon-to-expire items to prevent spoilage. It integrates effortlessly with existing apps, minimizing over-purchasing without the need for new appliances.\n\n2. **Precision Meal Kit Pathway:** A subscription service offering pre-portioned, environmentally friendly meal kits sourced from local surplus. An AI-driven app adjusts meals based on pantry stock, promoting sustainable dietary habits.\n\n3. **Blockchain Food Network:** This community platform redistributes excess food with blockchain ensuring safety and earning users rewards for sustainable practices. It includes a digital map for food sharing and composting efforts.\n\n4. **Home Hydroponic Herb Oasis:** An indoor gardening system for transforming kitchen scraps into fresh herbs and vegetables. It uses a connected app for growth guidance, supporting a zero-waste lifestyle.\n\n5. **Intelligent Food Projection System:** A projector that labels food containers with expiration dates and usage alerts, facilitating prioritization and reducing waste through efficient management. It connects to smartphones for easy food status monitoring. \n\nEach concept is designed for seamless daily integration, promoting sustainability by reducing waste and maximizing convenience."
2026-06-25T10:08:37.167308,individual,idea_0,idea,Generate 5 novel product ideas that help reduce food waste at home.,2,0,"The draft offers innovative product ideas to reduce household food waste but lacks clarity and thorough market differentiation. To improve, descriptions should be concise, focusing on unique aspects compared to current solutions. The ""Smart Leftovers Companion,"" for instance, needs refined language, and distinguished features of the ""AI-powered Pantry Assistant"" should be highlighted. Additionally, addressing adoption challenges and user engagement strategies, like gamification, would enhance market readiness. Revised proposals include:\n\n1. **Smart Leftovers Innovator**: A countertop appliance with AI to analyze leftovers and suggest personalized recipes, adjusting to user preferences, differentiating from meal kits.\n   \n2. **Interactive Expiration Indicators**: Reusable labels adapting to storage conditions and syncing with an app for accurate expiration alerts, surpassing traditional labels.\n\n3. **Preservation and Planning System**: A vacuum-seal setup with RFID tags and an app offering reminders and recipes, supporting effective meal planning.\n\n4. **Intelligent Pantry Navigator**: Uses AR and machine learning to scan the pantry, predict usage, and suggest targeted grocery lists, elevating above standard apps.\n\n5. **Compost Education Hub**: A sensor-equipped composting station providing real-time feedback and educational tips, enhancing sustainable gardening practices.\n\nThese proposals aim to inspire sustainable habits and improve food management at home, emphasizing practicality and engagement."
2026-06-25T10:08:54.662147,individual,idea_0,idea,Generate 5 novel product ideas that help reduce food waste at home.,2,1,"The revised critique highlights three main areas for improvement: clarity, originality, and completeness. Clarity can be enhanced by simplifying technical descriptions and structuring each product consistently, covering functionality, benefits, uniqueness, and environmental impact. While inventive, some ideas like the ""Smart Fridge Companion Device"" and ""Automated Food Waste Composter"" require more unique features to distinguish them from existing market solutions. Additionally, the draft should delve deeper into the environmental impact, user savings, and integration with current smart home systems for a complete view.\n\nThe rewritten draft proposes five innovative products aimed at reducing home food waste through practicality, sustainability, and tech integration:\n\n1. **Smart Fridge Helper**: Manages food inventory, expiration alerts, and grocery suggestions to minimize waste and over-purchasing.\n2. **Kitchen Waste Recycler**: A composting tool paired with a seed subscription to encourage sustainable gardening.\n3. **Pantry Chef Assistant**: An app that suggests meals based on receipts and pantry contents, connects users to food banks, and tracks waste reduction.\n4. **NeighborShare Network**: A community app to share surplus food and improve event planning for waste reduction.\n5. **Precision Fermentation Kit**: A tool for easy home fermentation, promoting natural preservation and local trading of fermented goods.\n\nThese products aim to integrate smoothly into users' lives, emphasizing sustainable food practices and community engagement."
2026-06-25T10:09:15.278124,individual,idea_0,idea,Generate 5 novel product ideas that help reduce food waste at home.,2,2,"The revised draft presents five innovative product ideas aimed at reducing food waste in household settings, each focusing on unique aspects of food management to form a cohesive suite of solutions. \n\n1. **Eco-Smart Food Storage System**: Incorporates sensor-equipped containers with self-adjusting ventilation and an app for expiration alerts, recipe suggestions, and food bank donations. For instance, the app notifies users like John about expiring items and suggests recipes or donation options.\n\n2. **Odorless Compost Crafter**: A countertop appliance using odor-neutralization technology to convert waste into compost, it offers AI-generated waste management tips and plant care subscriptions, converting skeptics like Emma into composting enthusiasts.\n\n3. **Fridge Freshness Insight System**: Uses smart holographic displays to indicate food freshness directly on fridge surfaces, equipped with a virtual assistant for recipe suggestions and grocery management, ensuring users like Lisa optimize their food usage.\n\n4. **Meal Swap Community Platform**: An app facilitating meal and ingredient exchanges within local communities, measuring environmental impacts and fostering community through themed events, exemplified by users like Miguel exchanging produce and participating in community eco-initiatives.\n\n5. **DIY Preservation Mastery Kit**: Provides multimedia guides and AR workshops to explore preservation techniques. It empowers users like Alex to master food preservation with real-time AR support, enhancing their culinary skills.\n\nThese ideas leverage advanced technologies, interactive applications, and community engagement to significantly reduce food waste while enriching the culinary experience and fostering communal bonds. Improvements in narrative flow, differentiators, and demographic considerations enhance the draft's clarity, originality, and completeness."
2026-06-25T10:09:31.414861,individual,idea_0,idea,Generate 5 novel product ideas that help reduce food waste at home.,2,3,"The revised draft presents five innovative products aimed at reducing household food waste through sustainability and practicality:\n\n1. **Eco-Expiry Scanning System**: A handheld device utilizing AI for image recognition and barcode scanning, linked to a smartphone app that tracks expirations, suggests recipes, and integrates with smart home systems for proactive alerts, helping prevent food spoilage.\n\n2. **Compost Cleaver**: A countertop appliance that grinds and dehydrates food scraps into compost starter granules, featuring an odor neutralizer and a modern design, making composting clean and city-friendly.\n\n3. **SavourSaver Storage System**: Smart containers with gas sensors that detect aging produce emissions, offering real-time freshness alerts and usage suggestions via a mobile app, while providing modular designs for optimal fridge organization.\n\n4. **Recipe Roulette App**: An AI-driven application that aligns recipes with pantry inventories, prioritizes expiring ingredients, and accommodates dietary preferences, offering personalized recipe suggestions to minimize waste.\n\n5. **Leftover Linkup Platform**: A community-based app for sharing surplus food, facilitating exchanges through integrated maps and messaging, fostering eco-conscious community interaction and reducing spoilage.\n\nEach product aims to integrate sustainable practices into daily life, promoting environmental awareness and community engagement."
2026-06-25T10:09:47.469778,individual,idea_0,idea,Generate 5 novel product ideas that help reduce food waste at home.,2,4,"The revised draft introduces five innovative products designed to reduce household food waste by integrating seamlessly into daily routines:\n\n1. **Food Preservation Smart Rings:** Smart silicone rings that track spoilage gases and notify users via an app to prolong the usability of perishables.\n   \n2. **Augmented Reality Pantry Assistant:** An AR device that assesses pantry contents, to prevent over-purchasing through dynamic shopping lists and meal plans.\n\n3. **Compost Enhancement Tracker:** A compost bin sensor providing decomposition data and tips through an app to optimize composting.\n\n4. **Creative Cuisine Companion:** An AI app that offers recipes and ideas to use existing ingredients, promoting creative consumption and reducing waste.\n\n5. **Dynamic Expiry Labeling System:** Programmable labels that change color near expiry dates, trackable through an app for efficient inventory management.\n\nThese tools emphasize practicality and innovation, encouraging sustainable living by empowering users to actively reduce food waste through technology and conscious consumption practices. However, a clearer articulation of each product's unique selling proposition and potential market impact could enhance originality and completeness. Concluding with their collective role in sustainability could enhance coherence and clarity."
2026-06-25T10:10:06.042899,individual,idea_0,idea,Generate 5 novel product ideas that help reduce food waste at home.,3,0,"Critique Summary: The draft requires simplification for easier comprehension and should better articulate how each product aids in reducing food waste. While inventive, some ideas lack distinction from existing solutions and would benefit from emphasizing unique features. The draft should also link product features explicitly to their impact on waste reduction and acknowledge potential challenges.\n\nRevised Product Concepts:\n\n1. **Leftover Maestro**: An AI-powered gadget that scans leftovers and suggests recipes, transforming waste into culinary opportunities. It stands out by personalizing suggestions, learning user preferences, and incorporating gamification to encourage experimentation.\n\n2. **Dynamic Expiry Trackers**: Smart, reusable labels with sensors that adjust to storage conditions, updating users via phone alerts and voice commands to manage inventory efficiently and avoid spoilage.\n\n3. **Vacuvault**: Vacuum-sealed containers with RFID sensors and an app that tracks food freshness, suggests recipes, and offers user rewards, integrating with smart home tech for seamless kitchen management.\n\n4. **AR Pantry Planner**: An AR system providing a live, interactive kitchen map with expiration alerts and adaptable shopping lists. It enhances storage organization and engages users in waste-conscious cooking.\n\n5. **EcoCycle Companion**: An advanced composting station with sensors and a display for real-time insights, fostering sustainable behavior through community engagement and sharing accomplishments.\n\nThese solutions aim to integrate waste reduction into everyday routines, promoting sustainability through accessible and creative products."
2026-06-25T10:10:33.087676,individual,idea_0,idea,Generate 5 novel product ideas that help reduce food waste at home.,3,1,"The draft critique acknowledges the clarity of ideas but notes the use of technical jargon that might alienate some readers (e.g., ""RFID tags,"" ""ethylene absorption""). It suggests improving content order for better comprehension and enhancing originality by differentiating products like ""Eco-Anna"" from existing solutions. The draft's completeness is praiseworthy but could be improved with detailed descriptions of target audiences, market positioning, and potential challenges.\n\nThe rewritten content presents five innovative product concepts aimed at reducing food waste at home, emphasizing clarity and practicality:\n\n1. **Fridge Guardian Hub**: An AI-enabled smart device that tracks fridge contents with cameras and sensors, alerts expiration dates, and suggests recipes. It optimizes grocery shopping and curbs spoilage, cutting down carbon emissions.\n\n2. **Eco-Anna: Home Compost Innovator**: An eco-friendly indoor composting gadget for urban dwellers, converting food scraps into compost. It includes a microbial booster subscription and a community exchange platform, fostering sustainability.\n\n3. **MealWiz Pantry Connector**: A smart app for pantry management that uses receipts to track items, suggest recipes, and facilitate food sharing. It combines gamification with community events to reduce waste and generate solidarity.\n\n4. **FreshPartner Dual Grow Kit**: A dual-purpose kitchen tool that extends produce life using ethylene absorption, while a micro-hydroponic system grows fresh greens. It appeals to health enthusiasts and curtails food spoilage.\n\n5. **EventSmart Leftover Suite**: A digital tool for event planning that minimizes food waste by coordinating surplus distribution to charities and performing waste audits to improve future events, thus enhancing sustainability and social responsibility.\n\nThese products cater to modern lifestyle needs by effectively reducing food waste while promoting environmental consciousness and community collaboration."
2026-06-25T10:10:48.915669,individual,idea_0,idea,Generate 5 novel product ideas that help reduce food waste at home.,3,2,"The revised draft presents five innovative product ideas to reduce food waste at home, each with unique features:\n\n1. **Freshness Feedback System**: A smart kitchen platform using RFID tags and home assistants to monitor food freshness, send notifications, suggest meals based on ingredients, and alert users about expiring items to minimize waste.\n\n2. **Dynamic Produce Storage Unit**: An intelligent storage system with AI technology that adjusts humidity and temperature for stored produce, offering personalized tips to extend freshness.\n\n3. **Leftover Culinary Guide**: An interactive tool utilizing smart speakers to provide unique recipe ideas from leftover ingredients, encouraging creativity and efficient use of available food.\n\n4. **Neighbor Food Exchange Network**: An app facilitating local food sharing, with quality controls and incentives like discounts and community credits to prevent food from being wasted.\n\n5. **Preservation Skills Kit**: A subscription box with tools, ingredients, and guides for preservation techniques, offering online workshops and forums for educational support.\n\nThese ideas leverage technology, communal support, and educational resources to promote sustainable home food management and effectively combat food waste."
2026-06-25T10:11:06.152913,individual,idea_0,idea,Generate 5 novel product ideas that help reduce food waste at home.,3,3,"The draft outlines five innovative products to reduce food waste through sustainable, user-friendly designs. However, it requires enhancements in clarity, originality, and completeness. Descriptions of products like the ""CrispKeeper Produce Saver"" and ""FridgeForager Organizer"" are detailed, but the ""SwapShop Food Exchange Network"" lacks operational specifics. Consistent depth of detail would improve coherence. Additionally, ideas such as smart labels and meal planners already exist, indicating a need for more unique features to stand out. The draft should further explore how these products are novel compared to current solutions, emphasizing environmental and economic benefits to increase their appeal.\n\nThe product ideas include:\n\n1. **ShelfLife Smart Labels:** Biodegradable labels with sensors that track produce freshness, syncing with an app for timely usage suggestions through tailored recipes.\n\n2. **FridgeForager Organizer:** Modular bins with RFID technology for real-time inventory tracking, providing personalized recipe suggestions and expiration alerts via an app.\n\n3. **CrispKeeper Produce Saver:** A system using air-circulation and moisture-control technology to extend produce shelf life, complemented by opt-in storage technique alerts.\n\n4. **Meal Mindr Planner:** An advanced meal planning service integrating AI algorithms that update plans based on purchase histories and leftover patterns, reducing waste.\n\n5. **SwapShop Food Exchange Network:** A platform for community-based food sharing, fostering swaps and community interaction through a matching algorithm and trust-building ratings.\n\nOverall, these products aim to integrate into daily life, promoting reduced food waste, sustainability, and community cohesion."
2026-06-25T10:11:25.537733,individual,idea_0,idea,Generate 5 novel product ideas that help reduce food waste at home.,3,4,"**Critique of the Draft:**\n\n1. **Clarity and Coherence:** The draft is clear but contains jargon-heavy descriptions, particularly regarding the ""Automated Meal Planning & Inventory Fridge,"" making it difficult to grasp how features interconnect. A more straightforward presentation would enhance understanding.\n\n2. **Originality:** The product ideas, while creative, need more distinct elements to differentiate them from similar existing smart kitchen appliances. Emphasizing unique aspects would enhance their originality, especially for the ""Spoilage Sensor Vacuum Containers"" and ""Automated Meal Planning & Inventory Fridge.""\n\n3. **Completeness:** The product ideas lack detailed usage scenarios to highlight their unique benefits. Including specific use cases and potential challenges would help audiences understand their practical utility. The market impact sections are too broad and need more detailed insights into how each product would uniquely influence consumer habits or market trends.\n\n**Revised Product Ideas:**\n\n1. **Spoilage Sensor Vacuum Containers:** Equipped with spoilage sensors, these containers notify users of impending spoilage and adjust vacuum settings to extend item freshness, thereby reducing kitchen waste.\n\n2. **Interactive Food Waste App:** This mobile app gamifies waste reduction with points and rewards for creative leftover use and reaching weekly goals, promoting accountability and engagement through competition and social sharing.\n\n3. **Smart Fridge with Integrated Meal Planning:** This fridge features real-time inventory scanning, recipe suggestions, expiry reminders, and essential-only shopping lists, minimizing over-purchasing and optimizing meal management.\n\n4. **Biodegradable “Eat Me First” Food Wraps:** Using temperature-sensitive ink, these eco-friendly wraps highlight items that need immediate consumption and offer a sustainable alternative to traditional wraps.\n\n5. **Zero-Waste Recipe Box Subscription:** Delivers precisely portioned ingredients with recipes tailored to household consumption, reducing waste and promoting zero-waste cooking methods.\n\nThese innovative solutions empower consumers to significantly reduce household food waste, aligning with a broader movement towards sustainability benefiting both households and the environment."
2026-06-25T10:11:38.871977,individual,idea_0,idea,Generate 5 novel product ideas that help reduce food waste at home.,4,0,"The revised draft presents five innovative products aimed at reducing food waste through everyday integration and user-friendly features:\n\n1. **Cuisine Compass**: Scans leftover ingredients to suggest personalized recipes, catering to dietary preferences and incentivizing minimal waste with a gamified reward system.\n\n2. **Freshness Fusion Labels**: Smart, reusable labels that track food storage, sending alerts as food nears expiration and adapting expiration estimates based on real-time conditions. They educate users on optimal storage practices.\n\n3. **Airtight Insight**: Vacuum-sealed containers with RFID technology that sync with an app for freshness updates and meal planning, preventing over-purchasing by highlighting available pantry items.\n\n4. **Interactive Culinary Cartographer**: An AR system that maps pantry and fridge contents, providing visualizations and ingredient status. It aids in meal planning and suggests shopping adjustments to avoid excess.\n\n5. **SustainCycle Station**: An intelligent composting unit providing feedback on compost status via integrated sensors, fostering community engagement through shared achievements in sustainability.\n\nEach product is designed to smoothly integrate into daily routines, leveraging innovative technology to foster sustainable habits and enhance awareness of food lifecycle management. Including potential challenges could enhance the completeness of this approach."
2026-06-25T10:11:56.419052,individual,idea_0,idea,Generate 5 novel product ideas that help reduce food waste at home.,4,1,"The critique highlights several areas for improvement in the draft of product ideas aimed at reducing food waste. The draft's clarity could be enhanced by simplifying dense technical explanations to reach a broader audience. While some ideas show creativity, they often lean too heavily on app-based technology—a common feature in current markets—suggesting a need for more distinctive selling points. Completeness is also lacking, with insufficient details on how products solve the food waste issue and how challenges like privacy concerns are addressed.\n\nThe revised draft presents enhanced product concepts with a focus on originality, clarity, and practicality:\n\n1. **SmartSeal Freshness Lids**: These adaptable, reusable lids come with freshness sensors that link to an app to alert users about food nearing expiration and offer personalized tips and recipes, promoting efficient kitchen management.\n\n2. **Compost Connect Buddy**: A compact, countertop device that quickly turns scraps into pre-compost, ideal for urban spaces. It supports environmental efforts by allowing compost donations to community gardens, tracked by an app that encourages participation in waste reduction challenges.\n\n3. **PantryPal Insight System**: It features smart shelves that track pantry inventory via weight sensors, preventing overbuying and waste, and coordinating grocery management for households through user-friendly interfaces and alerts.\n\n4. **HerbSaver Aeroponics Cylinder**: Blending aesthetics with functionality, this appliance uses aeroponics to keep herbs fresh longer, fitting seamlessly into modern kitchens and supporting urban dwellers and cooking aficionados in preserving produce.\n\n5. **LeftoverLink Network**: This community platform allows neighborhood surplus food sharing, fostering engagement with features like ratings and safety guidelines, while addressing privacy to reduce food waste responsibly.\n\nThese products aim to reduce food waste by enhancing usability, fostering sustainable community habits, and ensuring convenience and efficiency for users."
2026-06-25T10:12:12.136609,individual,idea_0,idea,Generate 5 novel product ideas that help reduce food waste at home.,4,2,"The critique highlights three areas for improvement in the product idea descriptions: clarity and coherence, originality, and completeness. It suggests that breaking down the detailed descriptions into bullet points can enhance readability. While the ideas show creativity, introducing more innovative elements or cutting-edge technology could help differentiate them in the market. Additionally, providing insights into user engagement and addressing potential market challenges would offer a fuller understanding of their practicality.\n\nRevised draft proposes five innovative product ideas to tackle food waste at home, incorporating technology, creativity, and community efforts:\n\n1. **Smart Pantry Management System**: Employs IoT sensors to track pantry inventory and expiration dates, suggesting recipes and automating reorder of essentials with a virtual assistant for spoilage prevention.\n\n2. **Biodegradable Freshness Preservers**: Eco-friendly sachets that block ethylene, integrated with apps for produce longevity alerts.\n\n3. **Customizable Portion Planner**: A smart kitchen scale with a mobile app to tailor portion sizes, offering meal prep and storage tips to reduce food surplus.\n\n4. **Community Food Hub Platform**: An app for sharing excess food and organizing community fridges, enhancing ties while reducing waste.\n\n5. **Interactive Educational Cooking Assistant**: A projector delivering AR tutorials to creatively use leftovers and foster waste-conscious cooking.\n\nThese ideas aim to seamlessly integrate into everyday routines, emphasizing a sustainable approach to food management, with future consideration of market adaptation and user feedback."
2026-06-25T10:12:30.099548,individual,idea_0,idea,Generate 5 novel product ideas that help reduce food waste at home.,4,3,"The revised draft introduces five innovative product ideas to tackle food waste at home with clarity, originality, and practical implementation in mind:\n\n1. **FreshGuard Nanotube Produce Stickers**: These biodegradable stickers attach to produce, deploying ethylene inhibitors to slow over-ripening. Paired with an app, they provide freshness alerts and recipe suggestions, improving meal planning and reducing spoilage.\n\n2. **EcoCinch Zero-Waste Cooking Box**: This subscription service offers curated ingredient kits managed by an app to prevent food waste. All packaging is compostable, with an option to return non-compostable remains for loyalty credits, fostering a closed-loop, sustainable model.\n\n3. **Compostify Smart Bin**: Equipped with sensors, this compost bin analyzes waste trends and provides personalized waste-reduction advice via an app, integrating unused food items into meal planning for optimal waste management.\n\n4. **Pantry Wizard Virtual Assistant**: Featuring advanced AI, this assistant uses augmented reality for pantry scanning and expiration alerts, offering storage tips and eco-friendly shopping recommendations to enhance food management.\n\n5. **Harvest Hub Community Farmshare Program**: This platform connects users with local urban farms, facilitating surplus produce exchange through a digital marketplace and smart calendar, aligning harvest cycles with consumer needs to minimize waste.\n\nThese products strive to embed sustainability into user habits, driving environmental and economic gains while promoting zero-waste living."
2026-06-25T10:12:48.951115,individual,idea_0,idea,Generate 5 novel product ideas that help reduce food waste at home.,4,4,"The revised draft proposes innovative solutions to combat food waste at home by emphasizing clear, structured descriptions for each product idea. The **Spoilage-Sensing Smart Lids** and their integration with existing containers offer versatility. The **Interactive Pantry Navigator App** introduces gamified pantry management to encourage creative ingredient use, while **Dynamic “Use-It-First” Labels** with reusable features prioritize sustainability. The **AI-Enhanced Composting Genie** simplifies composting through intelligent guidance, and **Tailored Portion-Controlled Meal Kits** customize portions to eliminate waste, using user data. Collectively, these ideas focus on enhancing sustainable kitchen practices by merging technology with user engagement, setting them apart from existing market solutions."
2026-06-25T10:05:39.432373,individual,idea_2,idea,Generate 5 services that use AI to support elderly people living alone.,0,0,"The revised draft focuses on AI-driven services designed to support elderly people living independently, aiming to enhance their well-being while ensuring safety. It critiques the original draft for clarity, suggesting the use of simpler language to explain AI functionalities. It also notes a lack of originality in some services, recommending a focus on cutting-edge technologies like predictive analytics for improved relevance. The comprehensive overview is enhanced by suggesting the inclusion of specific examples and potential partnerships to demonstrate real-world application and feasibility.\n\nThe following five AI services are highlighted:\n\n1. **AI-Powered Health Monitoring Systems:** Using wearable devices, these systems track health metrics and alert caregivers when anomalies arise, thus facilitating timely medical intervention.\n   \n2. **Intelligent Home Assistants with Voice Control:** Smart assistants help manage home environments via voice commands, providing medication reminders and anticipating user needs, which enhance autonomy and reduce fall risks.\n   \n3. **AI-Enhanced Social Engagement Platforms:** These platforms use AI conversational agents to promote virtual interactions through video calls and games, combating loneliness and fostering social bonds.\n   \n4. **AI-Based Fall Detection and Emergency Systems:** Equipped with sensors, these systems detect falls, assess their severity, and notify emergency services if necessary, ensuring quick emergency responses.\n   \n5. **Adaptive Cognitive and Memory Care Apps:** AI designs exercises for cognitive improvement and routine support, helping maintain mental acuity and manage daily tasks efficiently.\n\nThese services cater to the unique needs of seniors, promoting safety and connection while offering peace of mind to caregivers and families. Partnerships with tech firms could further innovate these solutions."
2026-06-25T10:05:59.775122,individual,idea_2,idea,Generate 5 services that use AI to support elderly people living alone.,0,1,"To improve the draft, consider the following:\n\n1. **Clarity and Coherence:** The draft outlines AI-driven services for elderly care but would benefit from specific, real-world examples or case studies to illustrate each service's practical application and enhance understanding.\n\n2. **Originality:** Introducing more cutting-edge AI innovations, like integrations with IoT or blockchain, could elevate the originality and showcase advanced solutions.\n\n3. **Completeness:** To provide a well-rounded perspective, address potential challenges like privacy issues, technological adoption barriers, and data security concerns.\n\nRevised Content:\n\nAs the global population ages, enhancing elderly care through AI technology becomes critical. Innovative AI solutions empower individuals to live independently and securely, especially those living alone. Here are five AI-driven elderly care services:\n\n1. **AI Health Monitoring:** Wearables and sensors track health metrics like heart rate, analyzed by AI for early issue detection. For instance, alerts for abnormal activity can notify caregivers of potential risks, aiding proactive health management with reminders and scheduling support.\n\n2. **Virtual Companions:** These AI-powered assistants engage in meaningful conversations, facilitate social connections, and recommend activities, combating loneliness and promoting mental wellness with features like birthday call reminders.\n\n3. **Cognitive Support Systems:** AI platforms offer tailored therapy programs and memory aids, enhancing mental acuity and independence by adapting to user progress and assisting with daily memory tasks.\n\n4. **Smart Home Automation:** AI optimizes home settings for safety and comfort, such as automatic stove-off features for forgetful users, and offers emergency alerts for falls, ensuring constant home safety.\n\n5. **Mobility Assistance:** AI-driven transport services cater to seniors with safe, accommodating travel options. Enhanced navigation tools assist with mobility aids, facilitating active, independent lifestyles.\n\nWhile these services provide significant benefits, addressing privacy concerns, technology adoption challenges, and data security is essential for successful implementation, ensuring these solutions genuinely enhance elderly care."
2026-06-25T10:06:16.986794,individual,idea_2,idea,Generate 5 services that use AI to support elderly people living alone.,0,2,"The draft effectively outlines five innovative AI-driven services designed to support elderly people living alone, focusing on their safety, health, and quality of life. However, to enhance clarity and readability, descriptions could be broken down using bullet points or numbered lists. The current services discussed are fairly common in AI applications for elderly care; introducing more novel technologies could enhance originality. Delving deeper into specifics like technological limitations, integration challenges, and user accessibility is recommended. Real-world examples or pilot programs can further validate these services.\n\nHere are the proposed services:\n\n1. **AI-Powered Personal Health Assistant:**\n   - Monitors health via wearable devices and home sensors.\n   - Identifies health anomalies and alerts caregivers.\n   - Sends medication and appointment reminders.\n\n2. **Smart Home Automation with Voice-Controlled Assistance:**\n   - Controls environment settings with voice commands.\n   - Features automatic shut-off for appliances and emergency options.\n\n3. **Companion AI Chatbot:**\n   - Facilitates social engagement and mental activity.\n   - Monitors mood changes to alert caregivers if necessary.\n\n4. **Fall Detection and Emergency Response System:**\n   - Uses sensors and cameras to detect falls, minimizing false alarms.\n   - Sends immediate alerts to emergency services.\n\n5. **AI-Driven Nutrition and Meal Planning:**\n   - Provides personalized meal plans.\n   - Integrates with grocery delivery and smart appliances for meal prep.\n\nThese services aim to empower elderly individuals to live safely and independently, enhancing wellness through technology. Incorporating real-world examples could reinforce their feasibility and effectiveness."
2026-06-25T10:06:37.833104,individual,idea_2,idea,Generate 5 services that use AI to support elderly people living alone.,0,3,"**Draft Critique and Recommendations:**\n\n1. **Clarity and Coherence:**\n   - The draft is clear but could be more structured with subheadings to group similar features, enhancing readability.\n   - Service descriptions should be more concise to retain reader engagement and highlight key points effectively.\n\n2. **Originality:**\n   - The draft covers common AI applications in elder care but could explore more innovative or less conventional uses. Emphasizing novel features or unique concepts would enhance originality and show AI's future potential beyond current technology.\n\n3. **Completeness:**\n   - Enhancing descriptions with operational context (e.g., installation, ease-of-use) would provide completeness. Using examples or scenarios would illustrate how services integrate into daily routines.\n\n**Rewritten Draft Summary:**\n\nHere are five AI-driven services designed to support elderly individuals living alone, focusing on safety, health, social connectivity, and well-being:\n\n1. **Comprehensive Health Monitoring:**\n   - Utilizes AI for continuous health tracking and predictive analytics, sending alerts for anomalies. It adapts to individual health histories for precision in detecting health issues.\n\n2. **Enhanced Home Safety and Security:**\n   - Addresses safety by detecting unusual patterns and bolstering security. Features include intelligent fall detection and seamless emergency integration, delivered through non-invasive, user-friendly installation.\n\n3. **Interactive Social and Companionship Platforms:**\n   - Leverages natural language processing for meaningful interactions, promoting social engagement and routine establishment with daily prompts, and plans for emotion-sensitive feedback for personalized interactions.\n\n4. **Medication Management and Adherence Solutions:**\n   - Smart tracking of medication schedules with voice alerts, RFID smart pillboxes for compliance, and integration with pharmacies for efficient prescription management. Examples include auto-adjustment of plans based on health data.\n\n5. **Tailored Nutrition and Fitness Guidance:**\n   - AI develops personalized nutrition and fitness plans aligned with health conditions, featuring virtual coaching and VR for immersive fitness experiences.\n\nThese AI services provide a comprehensive support system, empowering elderly independence while ensuring effective management of health, safety, and social connections."
2026-06-25T10:06:54.613168,individual,idea_2,idea,Generate 5 services that use AI to support elderly people living alone.,0,4,"The revised draft provides a clearer, more cohesive proposal of AI-driven services tailored for elderly individuals living alone, emphasizing safety, companionship, and well-being. The services include:\n\n1. **AI-Powered Health Monitoring System**: Utilizes wearable devices to track vital signs such as heart rate and detect anomalies through predictive algorithms, alerting caregivers to potential health issues. This facilitates early identification of health risks and swift medical response.\n\n2. **Intelligent Virtual Companion**: Employs AI chatbots or avatars for engaging dialogues, emotional support, and loneliness reduction via sophisticated natural language processing. It offers personalized interactions, reminders, and memory aids.\n\n3. **Smart Home Safety Automation**: Automates home security and convenience through AI for voice-activated control, energy-saving operations, and hazard detection. This enhances comfort and safety, fostering independent living.\n\n4. **AI-Enhanced Nutrition and Meal Planning**: AI plans meals aligned with dietary needs and health conditions, suggesting customized menus, handling grocery orders, and providing nutritional guidance for healthier living.\n\n5. **Comprehensive Cognitive and Physical Exercise Platform**: Tailors exercise plans to personal health data, fostering mental engagement and physical activity through algorithmically customized routines and adaptive cognitive games.\n\nOverall, the draft emphasizes innovative AI applications that enhance elderly care by addressing health, safety, nutrition, and social needs, though it would benefit from specifying technologies or algorithms used to bolster feasibility and originality."
2026-06-25T10:07:17.478645,individual,idea_2,idea,Generate 5 services that use AI to support elderly people living alone.,1,0,"The revised proposal offers a suite of innovative AI-driven services tailored to support elderly individuals living independently by addressing their safety, well-being, and social engagement needs. It introduces five key services:\n\n1. **Comprehensive AI Health Monitoring and Predictive Analytics:** Utilizes wearables and IoT devices to continuously monitor vital signs, employing predictive algorithms to alert caregivers to potential health issues. It integrates with healthcare networks for personalized plans, aiming to reduce hospital admissions through proactive care.\n\n2. **Proactive AI Smart Home Management System:** Customizes home environments by automating settings like lighting and temperature while providing medication and appointment reminders. It detects deviations in routines that may indicate health risks, enhancing safety.\n\n3. **AI-Driven Social Companion Bots:** These robots use natural language processing for engaging interactions, preventing loneliness and fostering connections with family and friends through video communications.\n\n4. **Advanced AI Fall Prevention and Detection System:** Analyzes environmental and health data to predict and prevent falls, dispatching emergency alerts with health information to responders promptly if a fall occurs, thus improving safety and response times.\n\n5. **AI-Powered Cognitive and Lifestyle Enrichment Platforms:** Tailors cognitive exercises and lifestyle tools using machine learning to match users' cognitive statuses, supporting mental agility and managing routines with personalized reminders.\n\nThe proposal emphasizes collaboration with tech and healthcare sectors to enhance applicability and tackles potential challenges like privacy and affordability for successful implementation."
2026-06-25T10:07:34.774742,individual,idea_2,idea,Generate 5 services that use AI to support elderly people living alone.,1,1,"The revised draft focuses on AI technologies that enhance the quality of life for elderly individuals living alone, addressing the growing necessity due to an aging population. It details five AI-based services designed to improve independence and safety:\n\n1. **Intelligent Health Monitoring Systems** provide continuous tracking of vital signs with wearables and sensors. They detect anomalies and distinguish falls, alerting emergency contacts as needed.\n\n2. **AI-Powered Virtual Companions** combat loneliness by offering personalized interaction through conversation, activity suggestions, and cognitive games while managing smart home devices.\n\n3. **Cognitive Support Platforms** like Replika deliver customized cognitive therapy, adjusting to user progress and notifying caregivers for sustained cognitive health.\n\n4. **Advanced Smart Home Automation** safeguards residents with features like automated lighting and emergency alerts, integrating IoT technology for environmental monitoring and comfort.\n\n5. **AI-Enhanced Mobility Services** utilize user-friendly ride services and autonomous vehicles to ensure safe travel, optimizing routes and featuring accessibility aids for navigation.\n\nThe draft suggests addressing integration challenges such as privacy, user reluctance, and data security by simplifying user interfaces, strengthening privacy policies, and partnering with healthcare providers. Educating seniors about these technologies is essential for trust and integration, promoting widespread adoption of these AI-driven elderly care solutions."
2026-06-25T10:08:02.331172,individual,idea_2,idea,Generate 5 services that use AI to support elderly people living alone.,1,2,"The revised draft outlines five innovative AI-driven solutions designed to enhance the quality of life for elderly individuals living alone. These services promise to improve both their physical and emotional well-being through advanced, user-friendly technology integration:\n\n1. **AI-Powered Health Monitoring System:** This service integrates with wearable technology to track vital signs and predict health issues using AI algorithms, ensuring early detection and timely intervention.\n\n2. **Intelligent Home Automation:** Utilizing voice and gesture recognition, this system adapts to user preferences for enhanced comfort and safety, automating tasks like appliance control and environmental adjustments.\n\n3. **Conversational AI for Engagement:** Provides emotional support through virtual companionship, using sentiment analysis to maintain user engagement and notify caregivers of any concerning emotional shifts.\n\n4. **Advanced Fall Detection:** A sophisticated network of sensors accurately distinguishes falls from non-critical events and offers immediate support, ensuring rapid response in emergencies.\n\n5. **AI-Enhanced Nutritional Guidance:** Offers personalized diet and exercise recommendations, facilitating meal preparation and grocery deliveries to meet individual health needs.\n\nThese solutions highlight the transformative impact of AI technologies, offering customized, seamless support to promote independence and enrich the daily lives of the elderly."
2026-06-25T10:08:19.458204,individual,idea_2,idea,Generate 5 services that use AI to support elderly people living alone.,1,3,"The draft outlines AI services designed to enhance elderly independence at home, yet requires improved transitions and novel features. The services include:\n\n1. **AI-Enhanced Health Monitoring System:** Uses wearables and AI for vital sign analysis, predicting health issues for timely alerts.\n2. **Intelligent Safety and Home Security:** Utilizes sensors and cameras to detect anomalies, ensuring safety through emergency alerts.\n3. **Virtual Companion and Social Engagement Platform:** Employs AI for companionship via conversation and social interaction, fostering emotional well-being.\n4. **Adaptive Medication Management System:** Tracks and adjusts medication schedules based on health data, integrating with pharmacy services for adherence.\n5. **Personalized Nutrition and Fitness Advisor:** Crafts health plans using AI and augmented reality for exercises, adapting to health changes.\n\nFor improved clarity, a unified introduction and linking statements are suggested. To boost originality, incorporating examples leveraging new AI technologies and addressing the challenges in elderly care would enhance the narrative's depth and relevance."
2026-06-25T10:08:36.828334,individual,idea_2,idea,Generate 5 services that use AI to support elderly people living alone.,1,4,"The revised proposal unfolds a suite of AI-driven services designed to improve the lives of elderly individuals living alone by enhancing safety, health, and social engagement. Core components include:\n\n1. **AI-Powered Health Monitoring**: Employing advanced wearables and IoT sensors, this system continuously checks vital signs and utilizes predictive analytics for early health issue detection. Real-time alerts to healthcare providers and family members ensure prompt medical attention.\n\n2. **Intelligent Virtual Companion**: Using sophisticated natural language processing, this AI engages seniors in meaningful dialogue, offering companionship and emotional support, while also providing medication reminders and cognitive exercises to enhance mental acuity.\n\n3. **Smart Home Safety & Automation**: This integrates AI with home automation for security and convenience, featuring voice-activated device management and hazard detection systems. Environmental settings like lighting and climate control are automated to align with residents' routines, promoting safety and comfort.\n\n4. **AI-Enhanced Nutrition & Meal Planning**: Tailored to dietary needs, this assistant creates personalized meal plans, suggests recipes, and automates grocery orders, aiming to support healthier eating choices with nutritional insights.\n\n5. **Cognitive & Physical Exercise Platform**: Offering personalized exercise routines, this platform uses machine learning to adapt plans based on user feedback, fostering physical and cognitive wellness.\n\nThe proposal acknowledges potential challenges such as data privacy and affordability, advocating for ongoing evaluation to ensure practical and innovative solutions. These AI services aim to enrich the lives of elderly individuals by supporting health monitoring, social interaction, home safety, and active living."
2026-06-25T10:08:49.905914,individual,idea_2,idea,Generate 5 services that use AI to support elderly people living alone.,2,0,"The revised proposal outlines AI-powered services designed to enhance the independent living of elderly individuals by focusing on accessibility, practicality, and privacy. It emphasizes five key areas:\n\n1. **Smart Health Monitoring:** Utilizing wearables and smart home devices, this service proactively tracks health indicators to predict and prevent potential issues, integrating with healthcare providers to reduce emergency visits.\n\n2. **Automated Home Safety and Management:** AI optimizes the home environment for safety and comfort by adjusting settings based on user preferences and detecting hazards, while also reminding users about medications and appointments.\n\n3. **Virtual Social Interaction Tools:** Through AI chatbots and voice technology, this service facilitates communication to combat loneliness, linking users with family and community events to promote social engagement.\n\n4. **Enhanced Fall Detection and Prevention:** By using motion sensors and AI, the system prevents falls and provides immediate alerts to emergency contacts, offering swift medical response if needed.\n\n5. **Tailored Cognitive and Lifestyle Activities:** Personalized cognitive challenges and coaching are provided to support mental wellness and daily living, enhancing life quality with games and planning aids.\n\nWhile the services are practical, the proposal could benefit from more innovative angles and specific examples to fully address the unique challenges faced by the elderly, making the solutions feel applicable and impactful."
2026-06-25T10:09:03.905932,individual,idea_2,idea,Generate 5 services that use AI to support elderly people living alone.,2,1,"The draft proposes AI-driven services to support elderly individuals living alone, enhancing their independence, safety, and quality of life. However, it requires improvement in clarity and originality. The services include:\n\n1. **Health Monitoring and Emergency Alert System**: Utilizes wearables and sensors to track vital signs, with AI detecting issues to alert healthcare services swiftly.\n   \n2. **AI-Powered Virtual Companionship**: Offers social interaction, cognitive games, and integrates with smart homes for assistance with daily routines to counter loneliness.\n\n3. **Cognitive Health Support**: Provides personalized cognitive exercises and identifies early cognitive decline signs for timely intervention.\n\n4. **Home Environment and Safety Automation**: Uses IoT and AI to automate safety features and home controls, enhancing security and comfort.\n\n5. **Senior-Friendly Mobility Solutions**: Features AI-enhanced transportation, including smart ride-hailing and autonomous navigation tailored for seniors.\n\nThe draft suggests robust data security and partnerships with healthcare providers to validate these technologies. It also emphasizes user-friendly designs and privacy assurances to promote acceptance, along with educational programs to facilitate integration into daily life. Yet, more innovative ideas and detailed challenges should be explored to distinguish these services from existing solutions."
2026-06-25T10:09:19.011399,individual,idea_2,idea,Generate 5 services that use AI to support elderly people living alone.,2,2,"The revised draft outlines five innovative AI-driven services designed to enhance the lives of the elderly living alone, focusing on safety, well-being, and independence. These services are:\n\n1. **Intelligent Health Monitoring and Alert System:** This service uses wearables and smart home devices to track vital signs and predict health issues, alerting healthcare providers proactively.\n\n2. **Smart Home Environment Optimizer:** An adaptive system that automates daily tasks and optimizes living conditions tailored to user preferences, while ensuring safety with features like automatic device shut-offs.\n\n3. **Interactive Emotional Well-being Companion:** An AI companion that combats loneliness through conversation, cognitive activities, and music therapy, identifying emotional distress and notifying caregivers when necessary.\n\n4. **Predictive Fall Detection and Assistance Platform:** This service employs motion sensors and AI to predict and prevent falls, offering immediate emergency contact if needed, thus reducing potential recovery complications.\n\n5. **Customizable Dietary and Shopping Assistance:** AI provides personalized meal plans based on health profiles, suggests recipes, and coordinates grocery deliveries to ensure proper nutrition without needing travel.\n\nThe critique suggests improvements in clarity for better understanding and highlights the need for more innovative features and areas of support, such as financial management and transportation, to provide comprehensive elderly care solutions."
2026-06-25T10:09:36.465352,individual,idea_2,idea,Generate 5 services that use AI to support elderly people living alone.,2,3,"The revised draft offers a solid critique of the original content and presents a summary of innovative AI services designed to support elderly individuals in living independently. It highlights five main services: \n\n1. **Health Insight and Alert System**: Utilizes AI with wearable tech and sensors to monitor health metrics and predict potential health issues, providing real-time alerts and health reports for proactive care.\n\n2. **Integrated Smart Home Management**: Employs AI-driven sensors to ensure safety and comfort by automating safety features and optimizing environmental settings based on user preferences.\n\n3. **Virtual Social Companion for Emotional Well-being**: Uses advanced natural language processing to act as a social companion, helping combat loneliness by promoting social engagement and monitoring mood patterns for emotional health.\n\n4. **Adaptive Medication and Health Management**: Manages medication schedules with personal customization based on health data, coordinating pharmacy supplies, tracking healthcare visits, and storing medical documentation securely.\n\n5. **AI-Augmented Fitness and Wellness Experience**: Implements augmented reality to provide personalized fitness and wellness programs, catering to physical abilities and health goals, while offering nutritional advice.\n\nThese services are designed to enhance the quality of life by addressing challenges such as mobility, social connection, and health management, thus promoting a secure and enriched independent lifestyle for the elderly."
2026-06-25T10:09:51.422330,individual,idea_2,idea,Generate 5 services that use AI to support elderly people living alone.,2,4,"The revised proposal outlines AI-powered services aimed at improving the lives of elderly individuals living alone by focusing on safety, health, social interaction, and convenience. However, the draft requires improvements for clarity, originality, and completeness. The description of services, like the ""Interactive Virtual Companion,"" should be more concise for better accessibility, and the proposal needs to distinguish its services from existing solutions by highlighting unique features. Additionally, details on how the services can integrate into the elderly's lifestyles, along with the implementation of affordability and privacy measures, should be expanded. The revised services include:\n\n1. **AI-Enabled Health Monitoring & Alert System**: Uses wearable tech and IoT sensors to track health metrics and alert irregularities, promoting timely healthcare interventions.\n   \n2. **Interactive Virtual Companion**: Engages in dialogue, offers medication reminders, and customized cognitive activities to support mental and emotional well-being.\n\n3. **Smart Home AI Integration**: Automates security, lighting, and climate settings to create a secure, adaptable living space.\n\n4. **Personalized AI-Assisted Nutrition & Grocery Management**: Provides meal plans and grocery management to simplify maintaining a balanced diet.\n\n5. **Customized Exercise & Cognitive Program**: Delivers tailored physical and cognitive routines that adapt through machine learning.\n\nThe services prioritize data privacy and affordability, ensuring they enhance independence and life quality for the elderly while being financially accessible and continuously improved based on user feedback."
2026-06-25T10:10:11.802845,individual,idea_2,idea,Generate 5 services that use AI to support elderly people living alone.,3,0,"The revised draft aims to address and improve on critiques such as clarity, originality, and completeness by outlining AI-driven services for elderly individuals living independently. Key adjustments include simplifying language to enhance clarity and highlighting unique features that set these services apart from existing solutions. The proposed services include:\n\n1. **Health and Well-being Navigator:** Integrates with health devices to track and analyze vital signs, predicting potential health issues and offering accessible health advice, while facilitating direct healthcare provider communication.\n\n2. **Smart Home Adaptation and Control:** Automates home environment settings with user-friendly controls, ensuring comfort and safety while providing reminders for medications and appointments.\n\n3. **AI Social Interaction Hub:** Engages users with personalized conversations and emotional support, suggesting activities to combat loneliness and strengthen social ties with family and community.\n\n4. **Intelligent Fall Risk Management System:** Analyzes movement to prevent falls, offers safety suggestions, and alerts contacts if a fall occurs, enhancing home safety.\n\n5. **Cognitive and Lifelong Learning Platform:** Delivers personalized cognitive activities and virtual experiences, adjusting content based on assessments to support mental acuity and enjoyment through learning.\n\nTogether, these services ensure elderly individuals can thrive independently by focusing on personalization, innovation, and comprehensive support."
2026-06-25T10:10:28.404004,individual,idea_2,idea,Generate 5 services that use AI to support elderly people living alone.,3,1,"The draft presents innovative AI-driven services to enhance the independence, safety, and quality of life for seniors living alone while identifying areas for improvement. The critique suggests that the descriptions should be more specific, focusing on the unique role of AI rather than conflating multiple technologies like IoT and VR. It also notes the need to distinguish these services from existing solutions by emphasizing novel AI applications tailored to the elderly. The draft proposes five services: \n\n1. **AI-Enhanced Health and Wellness Monitor**: This service integrates AI with wearable devices to continuously track and manage health metrics, providing personalized health plans and emergency alerts.\n\n2. **Chatbot Companionship Platform**: A conversational AI that tackles loneliness by engaging seniors in storytelling, cognitive games, and virtual reality connections, ensuring privacy and data protection.\n\n3. **Predictive Health Analytics Tool**: Utilizes AI and big data to anticipate health risks and recommend preventive actions, facilitating proactive healthcare planning with notifications to users and medical professionals.\n\n4. **Smart Home Safety System**: Combines AI with IoT to detect hazards and automate emergency responses, managing home safety features like lighting and temperature, while alerting caregivers.\n\n5. **AI-Based Mobility Solutions**: Offers AI-enhanced navigation and ride-sharing services tailored to the elderly, considering physical and cognitive abilities to enhance mobility.\n\nTo ensure the services are effective, the draft recommends addressing implementation challenges, privacy, and user-friendliness. Collaborations with experts and workshops to educate seniors could reduce technology reluctance, fostering confidence and independence."
2026-06-25T10:10:47.234945,individual,idea_2,idea,Generate 5 services that use AI to support elderly people living alone.,3,2,"To enhance the independence and well-being of elderly individuals living alone, innovative AI technologies offer solutions focusing on safety, health, and comfort. Five AI-driven services support elder care:\n\n1. **Health Intelligence and Alert System:** AI continuously monitors vital signs through wearables, predicting health risks and alerting caregivers. It manages medication schedules, promoting adherence and preventing complications.\n\n2. **Smart Home Automation:** AI optimizes household functions such as lighting and climate control based on personal routines, increases safety through automatic shutdowns, and alerts for smoke or leaks, ensuring a secure environment.\n\n3. **Virtual Companion for Mental and Emotional Health:** This service combats loneliness and supports cognitive health through conversations, activities, and emotional monitoring, alerting caregivers to potential mental health issues.\n\n4. **Fall Detection and Response System:** Advanced sensors and AI detect falls quickly, prompting immediate contact with emergency services and family to reduce injury risks.\n\n5. **AI-Powered Financial and Mobility Assistance:** It includes tools for financial management and fraud prevention, alongside a transport assistant for safe, efficient travel necessary for healthcare and social engagement.\n\nThese services enhance quality of life and autonomy for the elderly, while emphasizing privacy and ethical use of sensitive data."
2026-06-25T10:11:09.283255,individual,idea_2,idea,Generate 5 services that use AI to support elderly people living alone.,3,3,"The critique of the draft highlights several areas for improvement, emphasizing the need for clarity, originality, and completeness. The services, although comprehensive, require a more consistent structure to improve readability and coherence. Each service could benefit from unique elements to show innovation, and additional detail is needed to illustrate how they adapt to users' changing needs and incorporate feedback for continuous improvement.\n\nIn the rewritten draft, five AI services for elderly individuals living alone are outlined, designed to enhance independence, safety, and quality of life:\n\n1. **Integrated Health Monitoring and Alert System**: Utilizes AI wearables and sensors for 24/7 health monitoring, predictive analytics for health issue forecasts, and emergency alerts, encouraging proactive medical care.\n\n2. **Smart Safety and Adaptive Environment Control**: Employs AI-driven IoT for adaptive home safety management, intelligently adjusting lighting, climate, and security, while evolving with user preferences.\n\n3. **Conversational Virtual Companion**: Offers empathetic companionship using deep learning, engaging users in meaningful dialogue, reducing loneliness, and facilitating social connections.\n\n4. **Dynamic Medication and Healthcare Coordination**: Automates medication management, integrates refills, maintains health records, and schedules healthcare logistics with personalized notifications.\n\n5. **Customized Fitness and Nutrition Advisor**: Creates fitness and nutrition plans based on individual health metrics, with AR-assisted workouts and adaptive dietary suggestions.\n\nThese services purposefully adapt over time, utilizing user feedback to remain effective and relevant."
2026-06-25T10:11:24.128621,individual,idea_2,idea,Generate 5 services that use AI to support elderly people living alone.,3,4,"The revised proposal outlines a suite of AI-powered services tailored to support elderly individuals living alone by enhancing their independence, safety, and quality of life. The services focus on clarity, technological innovation, and seamless integration into everyday activities, all while ensuring affordability and privacy. Key components include:\n\n1. **AI Health Monitoring System:** This system employs wearable and IoT tech to track vital signs continuously. Real-time AI analysis alerts healthcare providers and family if anomalies occur, enabling prompt intervention.\n\n2. **Conversational Companion and Mental Wellness Assistant:** This acts as a virtual friend, engaging users in dialogue and activities to combat isolation. It offers medication reminders and personalized daily routines to promote mental wellness.\n\n3. **Home Automation and Security System:** By automating security and home management settings, this AI system responds to user habits, alerting caregivers about unusual activities, enhancing safety and comfort.\n\n4. **Nutrition and Meal Planning Assistant:** Customized meal plans respond to dietary needs and health changes, integrating with grocery services to automate shopping tasks and support healthy eating.\n\n5. **Physical and Cognitive Activities Program:** Tailored exercise and cognitive tasks evolve through machine learning, fostering fitness and mental acuity by adapting to the user's health data.\n\nThese services emphasize robust data privacy, flexible pricing, and provide support and education for non-tech-savvy users. Collectively, they offer elderly individuals enhanced quality of life through improved independence and security."
2026-06-25T10:11:39.130093,individual,idea_2,idea,Generate 5 services that use AI to support elderly people living alone.,4,0,"The revised draft identifies AI-driven services aimed at aiding elderly individuals living alone through tailored solutions for health monitoring, home automation, social engagement, fall prevention, and cognitive stimulation. The critique highlights areas for improvement, suggesting simplification of technical terms for clarity, enhancing originality by exploring mental health applications and community integration, and offering a more comprehensive view by discussing integration with existing technologies and potential implementation challenges. These services emphasize simplicity, safety, and independent living but require seamless integration with current care systems to optimize effectiveness and overcome adoption hurdles."
2026-06-25T10:11:57.361654,individual,idea_2,idea,Generate 5 services that use AI to support elderly people living alone.,4,1,"**Critique and Recommendations for an AI-Driven Elderly Support Proposal:**\n\n1. **Clarity and Coherence:** \n   - Simplify language and avoid technical jargon to enhance accessibility for readers unfamiliar with AI or health technologies, thus improving readability.\n\n2. **Originality:** \n   - Current ideas such as AI health monitoring and conversational AI are common. To stand out, introduce innovative features or emphasize unique selling points.\n\n3. **Completeness:** \n   - The proposal introduces promising services but could benefit from detailed real-world examples to illustrate their specific benefits to seniors.\n\n**Revised Proposal:**\n\nTo promote health, safety, and independence for elderly individuals living alone, consider these five AI-driven service innovations, designed with their unique needs in mind:\n\n1. **AI-Powered Personalized Health Companion:** \n   - Real-time monitoring using wearable devices and home sensors to track vital signs. It alerts medical personnel and family during abnormal health patterns, enabling timely interventions.\n\n2. **Conversational AI Friend:** \n   - Utilizing natural language processing to provide companionship and mental stimulation, this platform reduces loneliness with personalized conversations and content.\n\n3. **Proactive Health Alert System:** \n   - By assessing health records and lifestyle data, this AI anticipates risks like falls or medication issues, offering preventive advice for better healthcare management.\n\n4. **Smart Home Safety Network:** \n   - Integrating AI with IoT devices to enhance home safety by detecting hazards and managing emergency responses to maintain a secure living environment.\n\n5. **Dynamic AI Navigation and Support:** \n   - Assisting mobility, this service offers route and transport recommendations tailored to individual needs, ensuring secure and confident travel.\n\nThese services leverage advanced AI technology to cater to seniors while emphasizing ease of use, privacy, and data security. Collaborations with healthcare professionals and technology educators will be crucial for successful implementation. Including case studies or user scenarios could further illustrate their practical benefits."
2026-06-25T10:12:13.709060,individual,idea_2,idea,Generate 5 services that use AI to support elderly people living alone.,4,2,"The draft outlines a set of AI-powered services aimed at enhancing the quality of life for elderly individuals living independently, focusing on health, safety, and social connectivity. Key suggestions for improvement include making language more concise for clarity, introducing more innovative and original elements to distinguish the proposal from standard applications of AI in elder care, and addressing the integration and interoperability of these services. The rewritten version introduces five services: Real-Time Health and Wellness Monitoring, providing proactive healthcare interventions; Adaptive Home Automation for Safety, offering emergency alerts and voice controls; Virtual Companions for Emotional Care, aimed at combating loneliness; Smart Fall Detection and Assistance Network, ensuring swift emergency responses; and Personalized Financial and Mobility Services, assisting with financial management and transportation. These services are designed to foster autonomy and safety while ensuring interoperability for a seamless user experience, all while maintaining data privacy and ethical standards."
2026-06-25T10:12:33.760279,individual,idea_2,idea,Generate 5 services that use AI to support elderly people living alone.,4,3,"The original draft effectively outlines AI-driven services for elderly care but could benefit from simplified language to increase accessibility for a general audience. Structural improvements include consolidating service descriptions under clear categories (Description, Innovation, Adaptability) and eliminating redundancy. While it covers common AI applications, adding unique features, scenarios, or success stories would enhance originality and demonstrate impact. Additionally, the draft lacks details on implementation and potential challenges such as privacy and connectivity, which are crucial for comprehensive understanding.\n\n**Revised Summary:**\n\nAI-driven services can significantly enhance the quality of life for elderly individuals living alone by reinforcing independence, safety, and social connectivity. Key services include:\n\n1. **Comprehensive Health Monitoring**: Uses wearable devices and smart home sensors to track health metrics and alert caregivers about issues, offering personalized tips through historical data analysis.\n\n2. **Smart Home Safety Network**: Utilizes IoT devices to manage home security and comfort, identifying deviations in routine for automatic adjustments.\n\n3. **AI Social Companion**: Provides emotional support and conversation, leveraging natural language processing to suggest relevant community events and reduce loneliness.\n\n4. **Medication and Healthcare Assistant**: Automates medication reminders and integrates with telehealth for consistent care, addressing privacy concerns.\n\n5. **Virtual Fitness and Nutrition Advisor**: Offers personalized fitness and diet plans using augmented reality, updating recommendations based on user interaction.\n\nThese services are designed to be dynamic and personalized, focusing on safety, reliability, and usability to improve the independence and well-being of elderly individuals."
2026-06-25T10:12:49.957235,individual,idea_2,idea,Generate 5 services that use AI to support elderly people living alone.,4,4,"The draft outlines an **AI Empowerment Suite for Independent Living**, aiming to improve the quality of life for elderly individuals living alone through a comprehensive set of services. These include a **Holistic Health and Anomaly Detection System** for continuous health monitoring and instant alerts, a **Companion Chatbot and Social Engagement Interface** to combat loneliness and manage daily tasks, an **Adaptive Smart Home Ecosystem** for automated home safety and convenience, a **Tailored Nutrition and Meal Planning Assistant** for personalized dietary management, and an **Interactive Physical and Cognitive Development Program** for physical and mental stimulation.\n\nTo enhance clarity and coherence, the draft could begin with an overview linking the services into a cohesive system, reflecting a logical progression from basic health to advanced social engagement. Adding examples and case studies would underscore originality and innovation, while discussing challenges such as user adaptability and cost would improve completeness. The suite prioritizes privacy and accessibility, ensuring seamless integration into existing healthcare environments for a future-ready living experience."
2026-06-25T10:05:44.150024,individual,idea_1,idea,Generate 5 new interaction concepts for supporting remote teamwork.,0,0,"The revised draft outlines five innovative concepts to enhance remote teamwork by using advanced technology and psychological insights. \n\n1. **AI-Driven Dynamic Collaboration Pods** utilize AI to form adaptable groups based on skills and traits, enhancing team interactions beyond traditional setups. A pilot program for cross-department collaborations is suggested to refine these AI processes.\n\n2. **Immersive 3D Virtual Workspaces** offer customizable VR environments for team collaboration, simulating real or creative project-themed spaces. Addressing VR adoption through workshops and trials is recommended.\n\n3. **Advanced Asynchronous Collaboration Platforms** integrate visualization tools with project management systems to facilitate continuous collaboration across time zones, with an emphasis on adaptive data visuals and integration with existing tools. Testing with geographically diverse teams is proposed.\n\n4. **Real-Time Emotion and Engagement Monitoring** employs machine learning to assess emotional and engagement cues, presented via a dashboard for team sentiment management. Privacy and ethical considerations are emphasized, with an opt-in approach for implementation.\n\n5. **Gamified Collaboration Enhancement Platforms** introduce a gamification layer to projects, promoting engagement through achievements and leaderboards. Quarterly thematic initiatives aligned with organizational goals are advised to maintain engagement.\n\nThese concepts aim to tackle digital collaboration challenges, emphasizing the need for clear explanation, originality, implementation strategies, and addressing potential barriers."
2026-06-25T10:05:59.353975,individual,idea_1,idea,Generate 5 new interaction concepts for supporting remote teamwork.,0,1,"The critique of the draft emphasizes the need for clearer explanations, more originality, and completeness in discussing innovative digital workspace concepts. It suggests simplifying language, exploring unique angles and value propositions, and detailing potential challenges. The rewritten draft proposes five concepts: immersive virtual workspaces using VR/AR for personalized zones and spontaneous interactions; an AI-driven visual collaboration platform for dynamic brainstorming; an AI meeting insight manager for summarizing discussions and aligning action items; a virtual team bonding arcade with interactive games for team engagement; and an instant recognition feedback loop for real-time performance acknowledgment. These concepts aim to enhance communication, creativity, and team cohesion in remote settings, but could benefit from clearer implementation details and differentiation from existing solutions."
2026-06-25T10:06:14.751852,individual,idea_1,idea,Generate 5 new interaction concepts for supporting remote teamwork.,0,2,"The draft critique highlights areas for improvement in clarity, originality, and completeness. While the interaction concepts are mostly clear, they require a more systematic structure for better readability, such as using bullet points and consistent sub-headings. Although the ideas are generally innovative, some, like virtual workspaces and AI meeting facilitators, are becoming common, so emphasizing unique features is crucial for differentiation. To enhance completeness, the draft should address potential implementation challenges, such as technical limitations, user adoption, and privacy concerns, alongside benefits.\n\nThe rewritten draft proposes five concepts to enhance remote teamwork:\n\n1. **Virtual Workspace Zones** involve customizable virtual environments with zones for different tasks, using avatars and spatial audio. Benefits include improved presence cues, but ease of navigation must be addressed.\n\n2. **Interactive Workflow Dashboard** integrates task management and communication, supported by AI insights. It streamlines processes but needs to balance simplicity with functionality.\n\n3. **AI-Powered Dynamic Meeting Facilitation** offers AI assistance for meeting tasks, reducing administrative burdens and enhancing productivity. Data privacy is a significant consideration.\n\n4. **Gamified Team Engagement Platform** uses points and challenges to boost morale. While increasing engagement, it should avoid hyper-competition.\n\n5. **Augmented Reality Collaboration Tools** allow interaction with 3D models in AR, useful for spatial projects. Technical access and user training need attention.\n\nThese concepts aim to enhance remote team interactions by addressing productivity and engagement, with a focus on practical implementation strategies."
2026-06-25T10:06:32.134656,individual,idea_1,idea,Generate 5 new interaction concepts for supporting remote teamwork.,0,3,"The draft aims to enhance remote teamwork by presenting five novel interaction concepts to improve communication, productivity, and team cohesion. It suggests creating virtual co-working platforms with enhanced spatial audio and customizable avatars for realistic interactions. While the concept of virtual avatars and spatial audio isn't entirely original, the draft should highlight what makes these implementations unique or better incorporate novel integrations or use cases.\n\nAI-assisted creative workshops are proposed to support brainstorming with dynamic content generation, while adaptive collaboration boards transform based on meeting context, using AI to deliver relevant tools and visualizations automatically. Cross-functional mentorship networks are suggested for fostering skill development and camaraderie through structured virtual meet-ups. Lastly, immersive team-building events using AR/VR aim to strengthen team bonds through interactive activities.\n\nThe draft can improve by providing specific examples or scenarios to visualize the concepts' applications, thus enhancing their relatability. It should also address potential implementation challenges for a more comprehensive overview. Overall, these concepts seek to overcome remote work barriers by creating an engaging virtual environment, mirroring the immediacy and authenticity of in-person interactions."
2026-06-25T10:06:53.373332,individual,idea_1,idea,Generate 5 new interaction concepts for supporting remote teamwork.,0,4,"The revised draft introduces five advanced concepts to revolutionize remote teamwork, emphasizing clarity, originality, and practicality:\n\n1. **AI-Enhanced Virtual Whiteboard**: This tool enriches brainstorming with AI-driven features that suggest idea connections and document meeting flows. It integrates seamlessly with project management software, offering transcription, summarization, and voice command capabilities to facilitate inclusive collaboration.\n\n2. **Full-Immersion VR Workspace**: Designed to replicate office spontaneity, this platform provides expressive avatars, realistic soundscapes, and interactive project boards. It promotes organic collaboration through virtual ""desk visits"" while managing privacy.\n\n3. **Intercultural Time-Zone Scheduler**: This scheduling tool respects global diversity by considering time zones and cultural nuances. It offers automatic time conversions, cultural insights for considerate meeting times, and customizable preferences for personal scheduling convenience.\n\n4. **Team Sentiment and Mood Tracker**: A tool that aggregates sentiment data from team communications, offering insights via an intuitive dashboard. It features analysis across platforms, an interactive mood tracker, AI-powered morale activities, and regular reports to aid leadership.\n\n5. **Project Storyline Visualization Platform**: This narrative-inspired tool uses storytelling elements in project tracking to enhance clarity and engagement. It includes concept boards for phases, role cards for task management, retrospective reviews, and gamified milestones for team motivation.\n\nBy integrating cutting-edge technologies with thoughtful design, these concepts aim to boost productivity, engagement, and inclusive collaboration in remote teams."
2026-06-25T10:07:13.102121,individual,idea_1,idea,Generate 5 new interaction concepts for supporting remote teamwork.,1,0,"The draft for improving remote teamwork highlights the need for more structure and clarity, as it currently presents concepts in unseparated paragraphs, potentially confusing readers. Although intriguing, the originality of some ideas, like AI decision support and storyboarding, could be questioned, as they build upon existing solutions. Recommendations for showcasing their novel aspects and the absence of an introduction and conclusion impair completeness by not framing the concepts or explaining their relevance to modern remote work.\n\n**Revised Draft:**\nIn the evolving domain of remote work, it is essential to enhance teamwork with cutting-edge solutions. Here are five proposed concepts that utilize technology to address common remote collaboration challenges:\n\n1. **Adaptive Team Matching Algorithm**: This algorithm incorporates personality and work habits alongside skills and availability, dynamically adjusting to optimize team dynamics and performance.\n2. **Augmented Reality Brainstorming**: AR technology enables interactive sessions where ideas can be visualized and manipulated in real-time, mimicking the energy of in-person collaborations.\n3. **Integrated Mindfulness Check-ins**: A platform for mental well-being in remote teams, offering tailored mindfulness exercises to promote a supportive working environment.\n4. **AI-Powered Decision Support**: These tools provide real-time, data-driven insights with personalized learning algorithms that align with team decision-making styles.\n5. **Collaborative Storyboarding Workspace**: A digital platform for multimedia-enhanced project visualization, facilitating both synchronous and asynchronous collaboration.\n\nIn summary, these concepts aim to address connectivity, engagement, and decision-making, enhancing remote work into a more seamless and productive experience through adaptability and ethical innovation."
2026-06-25T10:07:30.920124,individual,idea_1,idea,Generate 5 new interaction concepts for supporting remote teamwork.,1,1,"The draft presents five innovative concepts to enhance remote teamwork by focusing on communication, creativity, and cohesion. However, it requires improvements in clarity, originality, and completeness. While the clarity of each concept's introductory explanation is strong, explicit connections between each concept's features and the specific remote team challenges they address are needed. This includes clearly stating the pain points addressed. Originality is diminished by overlap, particularly in AI and analytics between the Adaptive Workspace Ecosystem and the Smart Team Alignment Dashboard. Introducing new technologies like augmented reality could improve distinctiveness. The draft lacks depth in implementation strategies, potential barriers, and real-world application examples. Including user privacy and data security considerations is essential, especially in AI-driven systems, to provide a balanced view.\n\nIn summary, the concepts leverage technologies to personalize workspaces, foster creativity, enable VR interactions, deliver continuous feedback, and align teams, potentially transforming remote collaboration. These ideas would benefit from expanded implementation details, differentiated technologies, and consideration of privacy issues to become more actionable and innovative."
2026-06-25T10:07:48.930504,individual,idea_1,idea,Generate 5 new interaction concepts for supporting remote teamwork.,1,2,"The revised content critiques the original draft's clarity, originality, and completeness, suggesting improvements in conciseness and depth. It reimagines innovative solutions for remote teamwork as follows:\n\n1. **Customizable Virtual Workspaces:** Personalized virtual environments, built via an intuitive interface, enhance team identity by allowing customization with modules like sharing boards and calendars. While offering significant benefits, the challenge lies in ensuring simplicity and stability.\n\n2. **Contextual AI Meeting Assistant:** An AI-driven tool for meetings, providing contextual insights from integrated communications. It boosts discussion effectiveness but faces hurdles in data security and information overload management.\n\n3. **Immersive Team-Building Adventure Tool:** A platform offering gamified scenarios for team-building, aligning with company goals and fostering camaraderie. It must balance fun with professional development and inclusivity.\n\n4. **Intuitive Asynchronous Collaboration System:** Enables asynchronous engagement through timelines and AI prompts, encouraging equal team input and thoughtful decisions. Challenges include maintaining user interest across time zones.\n\n5. **Hands-Free Voice Task Manager:** Integrating with existing productivity tools, it uses voice recognition for efficient task management, promoting multitasking and accessibility. The key challenge is robust accent and language support to avoid miscommunication.\n\nThese concepts aim to innovate remote teamwork by enhancing engagement, efficiency, and inclusivity while addressing implementation challenges."
2026-06-25T10:08:10.557880,individual,idea_1,idea,Generate 5 new interaction concepts for supporting remote teamwork.,1,3,"The draft suggests five innovative interaction concepts aimed at enhancing remote teamwork by fostering engagement, productivity, and cohesion. Critically, the clarity of descriptions should be improved for readability, and originality should be highlighted by detailing unique applications of certain concepts that may seem commonplace, such as AI tools and gamified trackers.\n\n1. **Immersive Virtual Reality Project Rooms**: These virtual spaces mimic physical offices, complete with interactive whiteboards and communal areas, enabling natural interactions and presence through avatars. This can, for example, help marketing teams engage with data visualizations for campaign ideation.\n\n2. **AI-enhanced Collaboration Assistant**: An AI tool optimizes team dynamics by analyzing interactions to automate tasks like meeting summaries and suggest workflow improvements, such as recommending breaks during long meetings to maintain engagement.\n\n3. **Emotional Intelligence Dashboard**: It uses sentiment analysis to provide real-time emotional feedback during meetings, helping manage morale proactively. For example, it can suggest team-building activities when a drop in enthusiasm is detected post-milestone.\n\n4. **Interactive Skill Exchange Platform**: A real-time skill-sharing platform for cross-functional learning, facilitating on-the-spot sessions that integrate into daily tasks. It aids, for instance, an employee needing data visualization help by connecting them with a more knowledgeable colleague.\n\n5. **Milestone Motivation Gameboard**: A gamified platform where teams track and celebrate progress through digital interfaces, recognizing achievements with virtual rewards and badges, seamlessly integrating these celebrations into the workflow. Sales teams, for instance, earn badges and tokens for achieving quarterly targets, fostering motivation through virtual recognition.\n\nEach concept addresses remote work challenges, balancing the need for physical workspace interaction with issues like VR access, data privacy, and the effectiveness of reward systems. Enhanced implementation strategies should focus on these nuances to ensure effective deployment."
2026-06-25T10:08:28.315645,individual,idea_1,idea,Generate 5 new interaction concepts for supporting remote teamwork.,1,4,"**Draft Critique Summary:**\n\nThe draft presents five innovative concepts focused on enhancing remote teamwork, examining clarity, originality, and completeness. The ""Adaptive AI Collaboration Hub"" and ""Diverse Thought Mapping Tool"" require clearer explanations, such as detailed examples or contexts for terms like ""weighted voting."" Originality could be strengthened by highlighting unique features or introducing entirely new ideas, as the ""Immersive Mixed Reality Meetings"" and ""Intelligent Task Prioritization Module"" bear similarities to existing technologies. Some sections lack detail regarding practical application and potential challenges, such as the ""Dynamic Wellbeing and Productivity Tracker."" Including these would improve the overall depth.\n\n**Revised Draft:**\n\nThe revised draft outlines innovative concepts to transform remote teamwork, emphasizing clarity, originality, and comprehensiveness through technology:\n\n1. **Adaptive AI Collaboration Hub**: A dynamic platform that aligns tools and resources with your project's phases, providing real-time problem-solving advice and seamless integration with existing apps for tailored project support.\n\n2. **Virtual Reality Co-Working Environments**: Interactive spaces surpassing traditional video calls, offering immersive meetings with tools for onsite-like discussions and 3D prototype manipulations, enhancing engagement and productivity.\n\n3. **Inclusive Idea Incubator**: A platform fostering diverse input through anonymous brainstorming and merit-based idea assessments, featuring dynamic concept clustering and transparent voting that values underrepresented team contributions.\n\n4. **Enhanced Wellbeing and Efficiency Dashboard**: This dashboard tracks productivity and team morale, offering personalized work-life balance recommendations and organizing group wellness activities to sustain morale and efficiency.\n\n5. **Predictive Task Management System**: Using machine learning, this system prioritizes tasks by urgency and impact, autonomously adjusting project management tools for seamless workflow and optimal performance.\n\nThese concepts harness advanced technological and design solutions, ensuring efficient, diverse, and inclusive remote collaboration across geographical boundaries."
2026-06-25T10:08:49.877102,individual,idea_1,idea,Generate 5 new interaction concepts for supporting remote teamwork.,2,0,"The critique highlights areas needing enhancement in the five innovative concepts aimed at revolutionizing remote teamwork through state-of-the-art technology:\n\n1. **Clarity and Coherence**: While concepts are clearly described, providing practical examples of their applications could enhance understanding, particularly how the Virtual Reality Collaboration Pods function technically. There's also a lack of distinction on the specific challenges these technologies address in remote work environments.\n\n2. **Originality**: Many ideas, though innovative, overlap with existing technologies. Emphasizing their unique features, such as how the Dynamic Collaborative Canvas differs from tools like Miro or MURAL, would highlight their distinctiveness.\n\n3. **Completeness**: Some concepts need more depth regarding implementation and potential challenges, such as the data sources for the Smart Team Configuration Engine. The conclusion could better encapsulate the benefits and synergy of all concepts in promoting remote teamwork.\n\nIn the revised draft, the concepts are presented as follows:\n\n1. **Smart Team Configuration Engine**: Utilizes AI to propose adaptive team structures, considering metrics like emotional intelligence, with data from secure, consent-based sources.\n\n2. **Virtual Reality Collaboration Pods**: Enable immersive virtual meetings simulating physical presence, enhancing collaboration in ways traditional video conferencing cannot.\n\n3. **Wellness and Resilience Platform**: Offers personalized well-being pathways beyond mental health check-ins, aiming to combat remote work stress.\n\n4. **Real-time Conflict Resolution Hub**: An AI-driven solution that preemptively addresses communication frictions, providing mediation tools and training resources.\n\n5. **Dynamic Collaborative Canvas**: A digital workspace that integrates project management and creative ideation with predictive AI to support diverse team needs.\n\nIn conclusion, these technologies are set to redefine remote teamwork by enhancing connectivity and engagement while supporting decision-making, thus preparing organizations for future challenges and opportunities."
2026-06-25T10:09:11.785521,individual,idea_1,idea,Generate 5 new interaction concepts for supporting remote teamwork.,2,1,"The revised draft proposes five innovative concepts to enhance remote teamwork by addressing specific pain points with diverse technological solutions and strategic implementations. \n\n1. **Augmented Reality Collaboration Space (ARCS):** ARCS uses augmented reality to convert physical spaces into immersive virtual meeting areas, enhancing communication and engagement. By integrating cross-platform apps and ensuring secure data practices, ARCS aims to make remote meetings more dynamic.\n\n2. **Holistic Mental Health & Wellness Dashboard:** This dashboard aggregates data from health and organizational tools to offer personalized recommendations, addressing burnout and sustaining productivity in remote teams. Privacy is ensured through encryption and voluntary participation.\n\n3. **Virtual Project Adventure Rooms (VPAR):** Merging gamification with project goals, VPAR enhances team cohesion through interactive challenges tied to real objectives. It uses secure, customizable gaming platforms to foster creative collaboration and track team development.\n\n4. **Adaptive Learning Pathways (ALP):** ALP tailors educational resources to align with individual and team development needs, addressing skill gaps and supporting long-term growth. It collaborates with learning management systems to secure private education records.\n\n5. **Dynamic Team Experience Optimization (DTEO):** An AI-driven system that optimizes team dynamics by tailoring assignments and meeting formats. DTEO uses ethical, transparent AI models to enhance interactions, reduce meeting fatigue, and allow user control over data use.\n\nThese concepts collectively address the multifaceted challenges of remote teamwork, promising to redefine productivity and engagement through their innovative approaches and sustainable target strategies."
2026-06-25T10:09:31.435802,individual,idea_1,idea,Generate 5 new interaction concepts for supporting remote teamwork.,2,2,"The revised content critiques a draft for remote teamwork tools, emphasizing the need for clarity, originality, and completeness. The critique suggests organizing the content more clearly, minimizing jargon, and differentiating each concept by highlighting unique, novel features. It notes that some ideas, like the Virtual Reality Team Retreat and AI-Powered Insight Aggregator, mirror existing trends, urging a focus on distinctive characteristics. The critique also recommends adding practical implementation scenarios for completeness and addressing challenges more comprehensively.\n\nThe rewritten draft presents five concepts to improve remote team efficiency and engagement, each with unique features and applications:\n\n1. **Dynamic Virtual Collaboration Canvas:** An adaptive digital space with interactive tools that evolves based on team interactions, enhancing productivity by anticipating needs.\n\n2. **AI-Powered Insight Aggregator:** Collects and analyzes communications to provide real-time summaries and actionable insights, focusing on user privacy and tailored recommendations.\n\n3. **Immersive VR Team Bonding Experience:** A virtual space for team-building aligned with company culture, accessible to all team members with customizable scenarios to overcome VR challenges.\n\n4. **Time-Zone Aware Workflow Scheduler:** Aligns schedules across time zones, accommodating holiday variations and integrating with calendars to support global teams.\n\n5. **Gesture-Responsive Virtual Assistant:** Utilizes gesture recognition for task management, inclusive for those with mobility restrictions, ensuring accurate and efficient operation.\n\nThese concepts aim to redefine remote teamwork through innovative, user-focused solutions, ready to tackle contemporary work environment challenges."
2026-06-25T10:09:49.784527,individual,idea_1,idea,Generate 5 new interaction concepts for supporting remote teamwork.,2,3,"The revised content refines innovative interaction concepts to enhance remote teamwork by focusing on clarity, originality, and integration. Key ideas include:\n\n1. **Augmented Reality Collaboration Pods**: These enable teams to blend digital and physical spaces for enhanced problem-solving, like overlaying schematics on video feeds, making remote collaboration as effective as being together in person.\n\n2. **Adaptive AI Workflow Orchestrator**: This app adapts to team dynamics by analyzing interactions to prioritize tasks, resolve scheduling conflicts, and suggest optimal collaboration times, facilitating smooth cross-timezone project coordination.\n\n3. **Virtual Empathy Circles**: Regular online sessions for sharing personal challenges and successes promote understanding and empathy, reinforcing team cohesion with anonymity options and guided prompts.\n\n4. **Cross-team Hackathon Hub**: A virtual platform fostering daily innovation sprints across departments, gamifying participation to reveal hidden talents and enhance team synergy beyond traditional roles.\n\n5. **Dynamic Team Narrator Platform**: This tool creates multimedia narratives of team achievements, documenting project progress and celebrating successes to strengthen bonds and highlight contributions.\n\nImplementing these concepts requires addressing user experience, inclusivity, privacy, and potential obstacles like integration difficulty and data privacy, ensuring effective adoption and engagement in remote work settings."
2026-06-25T10:10:08.498307,individual,idea_1,idea,Generate 5 new interaction concepts for supporting remote teamwork.,2,4,"The draft critique highlights concerns with clarity, originality, and completeness. The critique suggests reducing jargon, ensuring smoother transitions, and distinguishing novel ideas from existing solutions. It also recommends providing detailed examples to illustrate practical applications.\n\nThe rewritten draft presents innovative concepts for remote teamwork enhancement through adaptive technology:\n\n1. **Adaptive AI Collaboration Hub**: An evolving assistant integrates with tools, providing real-time solutions and connecting teams with experts during challenges, enhancing productivity.\n\n2. **Immersive Virtual Team Environments**: Offers 3D interactive spaces that surpass conventional video calls, fostering engagement and creativity with features like virtual whiteboards.\n\n3. **Anonymous Idea Incubator**: Allows anonymous idea submissions, using AI to cluster proposals and a weighted voting system for fair evaluations, promoting diverse innovation.\n\n4. **Holistic Wellbeing and Productivity Tracker**: Monitors both project progress and team wellbeing, offering productivity insights and organizing wellness activities to maintain team morale.\n\n5. **Proactive Task Management System**: Uses predictive analytics to prioritize and adjust tasks dynamically, optimizing workflow and reducing disruptions.\n\nThese concepts blend technology and creativity to enhance global remote teamwork, emphasizing inclusive, adaptable, and intelligent collaboration solutions."
2026-06-25T10:10:24.966519,individual,idea_1,idea,Generate 5 new interaction concepts for supporting remote teamwork.,3,0,"The revised content emphasizes enhancing remote teamwork through five innovative interaction concepts:\n\n1. **Adaptive Team Synergy AI**: A platform that optimizes team dynamics by analyzing individual skills and emotions, suggesting role adjustments and tailored training when project requirements change.\n\n2. **Personalized Virtual Collaboration Worlds**: Customizable virtual environments enabling teams to choose ideal workspaces, supporting engagement through shared document handling and interactive elements beyond standard VR or AR.\n\n3. **Holistic Well-being Platform**: A system integrating wellness with workflows, offering personalized micro-breaks and meditation sessions informed by bio-feedback to promote balance between work and personal health.\n\n4. **Interactive Communication Companion**: A tool that enhances communication by providing real-time feedback on tone and context, with post-conversation reports to improve interaction quality.\n\n5. **Predictive Collaborative Platform**: A digital workspace predicting project needs by analyzing past work patterns, automating tasks, and integrating seamlessly with existing tools for customized solutions.\n\nEach concept aims to transform remote collaboration by combining technological advancements with a focus on operational efficiency and team member well-being, setting a new standard for innovation in remote work."
2026-06-25T10:10:40.817217,individual,idea_1,idea,Generate 5 new interaction concepts for supporting remote teamwork.,3,1,"The draft critique identifies areas for improvement in clarity, originality, and completeness. While the draft presents innovative interaction concepts for enhancing remote teamwork using cutting-edge technologies, it suffers from overlapping objectives and lack of distinct differentiation between similar concepts like Holographic Collaboration Arenas (HCA) and AI-Powered Collaboration Concierge (APCC). There is a need for more detailed explanations of these technologies and their unique features compared to existing solutions. Some concepts repurpose existing technologies, impacting their originality. To improve, the draft should focus on highlighting truly novel aspects, preferably with illustrative examples and potential challenges for real-world application.\n\nThe revised draft outlines five interaction concepts aimed at revolutionizing remote teamwork. These include Holo​​graphic Collaboration Arenas (HCA) for immersive virtual interactions, Wellbeing Ecosystem Analytics (WEA) for integrating health data with AI to combat burnout, Cross-Departmental Innovation Hubs (CDIH) to promote interdisciplinary collaboration, Intelligent Interaction Navigator (IIN) for personalized AI-driven workflow management, and Adaptive Knowledge Networks (AKN) for team-specific skill development. These concepts focus on fostering connections, enhancing productivity, and supporting well-being through advanced technologies, offering a roadmap for a more interconnected and innovative workplace."
2026-06-25T10:10:55.271962,individual,idea_1,idea,Generate 5 new interaction concepts for supporting remote teamwork.,3,2,"The revised draft outlines five innovative tools designed to enhance teamwork and personal development in remote work settings. These include a **Sentiment and Emotion Tracking Interface** for gauging team morale during virtual meetings, **Customized Learning Hubs** offering tailored learning experiences based on team needs, and an **AI-Personalized Mentorship Assistant** that aligns career paths with organizational goals. Additionally, the **Decision-Path Visualization Tool** facilitates transparent group decision-making, while the **Global Awareness and Inclusion Suite** enhances cross-cultural sensitivity. Emphasizing privacy, seamless integration, and addressing remote work challenges, these concepts cater to enhancing collaboration and inclusivity in digital team environments. However, the draft could further benefit from simplifying technical jargon, providing detailed use cases, and highlighting unique aspects of each tool."
2026-06-25T10:11:12.406840,individual,idea_1,idea,Generate 5 new interaction concepts for supporting remote teamwork.,3,3,"The original draft requires better clarity and coherence, specifically in detailing how concepts will be practically implemented in remote work settings. While the ideas are creative, they lack concrete examples and explanations. In terms of originality, the concepts are innovative but often iterate on existing ideas, such as the Virtual Whiteboard Retreat, which doesn’t significantly deviate from current virtual collaboration tools. Adding unique elements could enhance their novelty. The draft also misses specifics on user engagement strategies, potential implementation challenges, and illustrative case studies, which would strengthen the proposal.\n\nThe revised draft suggests five innovative concepts for remote teamwork:\n\n1. **Immersive Unified Workspace**: Utilizing spatial computing to create 3D virtual environments for enhanced multimedia and interaction, transforming collaboration beyond typical virtual whiteboards.\n\n2. **AI-Driven Social Pulse**: An AI dashboard that assesses team dynamics and suggests activities, promoting mental health and mitigating stress, thus enhancing overall team wellbeing.\n\n3. **Conversational Empathy Engine**: A tool for fostering empathetic communication by suggesting personalized conversation starters based on past interactions, improving emotional intelligence and reducing misunderstandings.\n\n4. **Global Skill Swap Connect**: A platform for cross-industry virtual workshops where teams can exchange knowledge, driving innovation and addressing skill gaps through shared learning.\n\n5. **Dynamic Project Journey Visualizer**: An interactive tool allowing teams to create multimedia narratives of their project journeys, enhancing motivation and unity by vividly highlighting collective achievements.\n\nThese concepts emphasize seamless user experiences, inclusivity, privacy, and smooth integration into existing systems to bolster engagement and resilience in remote work settings."
2026-06-25T10:11:30.717359,individual,idea_1,idea,Generate 5 new interaction concepts for supporting remote teamwork.,3,4,"The original draft presented innovative ideas for enhancing remote work interaction but needed improvement in clarity and coherence. Some descriptions were too wordy, and transitions between ideas were abrupt. Furthermore, while concepts were creative, some lacked a distinct unique angle, such as ""Remote Shadowing Platform"" and ""Skill-Exchange Marketplace,"" which could benefit from more differentiation from existing solutions. The draft also lacked detailed practical applications for the proposed tools, which would help readers see the utility in their workflows.\n\nThe rewritten draft introduces five innovative concepts aimed at revolutionizing remote work collaboration and productivity:\n\n1. **Adaptive Workspace Canvas**: A digital platform that dynamically adjusts to project needs, offering tailored tools and minimizing distractions based on team size and project requirements to optimize meetings.\n\n2. **Virtual Workflow Shadowing**: Enables team members to experience others’ roles through live demos, promoting empathy and knowledge sharing within teams.\n\n3. **AI-Facilitated Cultural Interaction Pods**: Uses AI to create virtual meetups that pair diverse team members for themed discussions, fostering inclusivity and cultural understanding.\n\n4. **Sentiment Intelligence Communicator**: Analyzes communication tone in real time, offering constructive feedback to maintain positive interactions.\n\n5. **Integrated Skill-Exchange Platform**: A virtual marketplace for sharing skills and knowledge, integrating workshops and mentorships into team workflows for continuous growth.\n\nThese concepts emphasize flexibility, inclusivity, and smart technology, providing adaptable solutions tailored to the dynamics and goals of remote teams."
2026-06-25T10:11:48.830165,individual,idea_1,idea,Generate 5 new interaction concepts for supporting remote teamwork.,4,0,"The critique highlights areas for improvement in clarity, originality, and completeness of the interaction concepts for enhancing remote teamwork. The revised concepts offer innovative enhancements: the **Emotion-Aware Virtual Assistant** improves remote interactions by using localized emotion recognition to maintain team morale, focusing on privacy. The **Augmented Reality Collaboration Hub** distinguishes itself by enabling real-time, colocational changes, offering immersive integration of digital and physical spaces. The **Dynamic Skill Exchange Network** advances typical matchmaking by continuously optimizing skill development through project-specific pairings. Meanwhile, the **Contextual Time Zone Facilitator** employs machine learning for dynamic scheduling based on team availability and preferences, fostering asynchronous collaboration. Finally, the **Team Culture Enrichment Platform** uses personalization algorithms to offer diverse and engaging team-building activities. These concepts aim to surpass existing solutions by addressing potential challenges, like privacy and scalability, to effectively enhance productivity and well-being in remote settings."
2026-06-25T10:12:11.727723,individual,idea_1,idea,Generate 5 new interaction concepts for supporting remote teamwork.,4,1,"The draft critique emphasizes the need for improved clarity, originality, and completeness in the revised content of interaction concepts for remote teamwork. The original clarity can be enhanced by ensuring coherent transitions, particularly between problems and solutions, while maintaining a consistent structure for each concept. The originality of ideas like ""Holographic Collaboration Arenas 2.0"" could be strengthened by highlighting unique features that differentiate them from existing solutions. Additionally, incorporating a wider variety of illustrative examples across different industries and addressing socio-cultural challenges related to remote work will improve the appeal and depth of the concepts.\n\nThe revised draft outlines five advanced interaction concepts that aim to transform remote teamwork:\n\n1. **Holographic Collaboration Arenas 2.0 (HCA 2.0)**: These 3D virtual environments revolutionize remote collaboration with life-sized holographic avatars and project models, aiding real-time design adjustments but facing challenges like high costs and cultural adaptability.\n\n2. **Wellbeing Ecosystem Analytics (WEA) Plus**: By integrating AI and wearables, this platform enhances wellness and productivity, yet it must navigate privacy concerns and data management ethics.\n\n3. **Interdisciplinary Synergy Platforms (ISP)**: These platforms bring together multi-disciplinary teams through algorithms, fostering innovation but needing tailored communication tools to bridge disciplinary gaps.\n\n4. **Intelligent Workflow Orchestrator (IWO)**: This AI-driven tool predicts workflow barriers and guides teams in task prioritization, requiring trust-building and change management to integrate smoothly.\n\n5. **Dynamic Knowledge Networks (DKN)**: AI maps organizational expertise, offering development paths and mentorship but demands ongoing skill updates and promotion of knowledge sharing.\n\nThese concepts leverage cutting-edge technologies to address remote teamwork challenges, requiring strategic implementation to realize their full potential."
2026-06-25T10:12:24.088003,individual,idea_1,idea,Generate 5 new interaction concepts for supporting remote teamwork.,4,2,"The revised draft enhances remote teamwork through five innovative interaction concepts designed for practical application and accessibility:\n\n1. **Virtual Collaboration Lounge:** A digital space for spontaneous, informal interactions akin to hallway encounters, featuring virtual whiteboards, instant polls, and coffee break areas to foster community and ease of communication.\n\n2. **Dynamic Skill Share Platform:** A hub for showcasing team skills and facilitating peer learning, enabling quick connections between tasks and in-house experts, thus promoting continuous learning and improved project outcomes.\n\n3. **Adaptive Workflow Visualizer:** A real-time tool for displaying project timelines, task dependencies, and team availability, offering visual updates to maintain alignment and transparency in team projects.\n\n4. **Inclusive Feedback Loop System:** A system enabling diverse input from remote team members via asynchronous video or audio notes, accommodating varied work styles and ensuring comprehensive participation.\n\n5. **Cultural Insight Hub:** A resource library providing quick access to country-specific norms and etiquette, enhancing cross-cultural communication and reducing misunderstandings within global teams.\n\nThese concepts focus on simplicity, inclusivity, and interactivity, addressing remote work challenges and improving team connectivity and efficiency."
2026-06-25T10:12:44.419525,individual,idea_1,idea,Generate 5 new interaction concepts for supporting remote teamwork.,4,3,"The revised draft suggests innovative interaction concepts to enhance remote teamwork by focusing on clarity, originality, and practicality.\n\n1. **Immersive Collaboration Hub**: Utilizes AR and VR for a virtual office that replicates physical presence, allowing for spontaneous interaction and creativity. Features like spatial audio and haptic feedback create lifelike interactions, offering an immersive alternative to traditional virtual tools.\n\n2. **Sentiment Insight Platform**: An AI tool integrated with collaboration suites like Slack, it monitors team sentiment and suggests interventions while ensuring privacy with anonymized data, thus maintaining team dynamics and offering actionable insights for leaders.\n\n3. **AI-Powered Communication Coach**: Analyzes team conversations to suggest empathetic responses, adapting to communication styles and resolving misunderstandings efficiently. It's scalable, working for small and large teams.\n\n4. **Cross-Industry Skill Exchange**: Facilitates skill sharing across industries through virtual workshops and mentoring, fostering diverse learning and innovation, exemplified by collaborations such as a tech startup and non-profit working on eco-friendly technologies.\n\n5. **Dynamic Project Storyboard**: An interactive tool that documents project developments with timelines and videos, uniting remote teams by celebrating achievements and maintaining morale and engagement, regardless of physical distance.\n\nThese concepts aim to enhance collaboration, communication, and cohesion in remote environments leveraging innovative technology."
2026-06-25T10:12:55.987229,individual,idea_1,idea,Generate 5 new interaction concepts for supporting remote teamwork.,4,4,"The revised draft proposes innovative strategies for enhancing remote teamwork by addressing modern team challenges with five key concepts:\n\n1. **Adaptive Collaboration Canvas**: A dynamic digital workspace that adapts resources and tools to the project phase, reducing clutter and streamlining meetings.\n\n2. **Virtual Role Exchange Program**: An immersive platform allowing team members to experience the roles of their colleagues, fostering empathy and collaborative problem-solving.\n\n3. **AI-Powered Cultural Connection Circles**: Sessions organized by AI for cultural exchange and inclusivity, helping team members appreciate diverse backgrounds.\n\n4. **Emotion-Sensitive Communication Assistant**: Provides real-time feedback on conversation tones to enhance emotional intelligence and improve dialogue.\n\n5. **Integrated Skill Sharing Network**: A hub for mentorship, skill exchange, and workshops, aligning with team objectives to promote professional growth and team success.\n\nThese concepts aim to simplify integration and promote emotional connection and continuous learning, offering practical and innovative solutions for remote teamwork."
2026-06-25T10:05:43.671656,individual,idea_3,idea,Generate 5 ideas for playful urban installations using light and sound.,0,0,"**Critique of the Original Draft:**\n\n1. **Clarity and Coherence:** While detailed, the draft occasionally lacks clarity and smooth transitions between setting, technology, and user interaction—phrases like ""capturing and altering light"" need simplification for clarity.\n   \n2. **Originality:** The concepts, though creative, resemble existing installations like musical fountains and interactive digital walls. Adding novel twists could differentiate them from standard urban features.\n\n3. **Completeness:** The draft could be enriched with examples of suitable locations and considerations for potential challenges, such as maintenance, accessibility, and environmental impact.\n\n---\n\n**Rewritten Draft:**\n\n1. **Dynamic Light and Sound Passageway:** Imagine a pedestrian tunnel in a busy city square, reacting uniquely to each person's movements via motion sensors and acoustics. It creates a personalized symphony using local sounds—market chatter, river flows—paired with custom light displays, enhancing everyday interactions.\n\n2. **Interactive Water Symphony:** Introduce multi-sensory water features in urban parks that go beyond standard shows. Community-driven consoles allow visitors to play DJ, selecting music and altering light displays. Themes like “Seasons” or “City Rush Hour” encourage artistic expression and community engagement.\n\n3. **Sunlight Spectrum Playground:** Develop playgrounds with rotating prisms that capture sunlight by day and emit LED lights at night. Interactive sound systems respond to play, inviting physical interaction. Tailor the playgrounds to diverse neighborhoods, adapting to local climates and cultures.\n\n4. **Harmonic Urban Ensemble:** Transform public squares into interactive orchestras, where everyday objects, equipped with sensors and speakers, engage users audibly and visually. Incorporate storytelling through projected lights, celebrating local histories and nurturing cultural connections.\n\n5. **Evolving Light Graffiti Wall:** Create an interactive mural where light and sound facilitate collective art-making. Infrared sensors detect hand movements to provide visual and auditory feedback, encouraging participation. Augmented Reality displays complete artworks, preserving the participatory spirit with community open sessions for creation.\n\nThese installations aim to revitalize urban spaces, reflecting on the interplay between environment, technology, and community. Considering location suitability, inclusivity, and sustainability ensures their successful integration into city life."
2026-06-25T10:06:05.128221,individual,idea_3,idea,Generate 5 ideas for playful urban installations using light and sound.,0,1,"The revised draft proposes five innovative urban installations designed to transform public spaces through playful light and sound. Each concept aims to enhance community engagement and creativity:\n\n1. **Interactive Light and Sound Pathways:** Pressure-sensitive tiles narrate city-themed stories as pedestrians walk, turning commutes into unique storytelling journeys. An app supports customization, while sustainable materials address durability challenges.\n\n2. **Sound-Responsive Light Clouds:** Floating LED clouds change colors and soundscapes in response to ambient noise, fostering calmness or vibrancy. AI adjusts displays based on noise type and time, emphasizing solar efficiency and versatility.\n\n3. **Whispering Benches with Story Networks:** Park benches whisper stories or riddles when occupied, connected through an app for extended engagement and user-generated content. Eco-friendly design with recycled materials facilitates community interaction.\n\n4. **User-Directed Light Water Fountains:** Interactive fountains allow visitors to create personalized light and sound displays via motion sensors, promoting educational themes on sustainability and community-driven events.\n\n5. **Ambient Sonic Flower Gardens:** Oversized, responsive floral sculptures offer light patterns and ambient sounds, creating urban tranquility. They adapt to pedestrian activity and use biodegradable materials to encourage mindfulness.\n\nThese installations aim to revive urban spaces, intertwining art with sustainability and community integration, ensuring enjoyable and meaningful city experiences."
2026-06-25T10:06:24.519572,individual,idea_3,idea,Generate 5 ideas for playful urban installations using light and sound.,0,2,"The revised urban installation ideas emphasize innovation and interactivity while suggesting improvements in clarity, originality, and completeness. The projects include: \n\n1. **Symphony of Flora**: An interactive park with illuminated musical flower sculptures responsive to visitors, offering a sensory experience that varies with the time of day.\n2. **Melodic Pathway**: A pedestrian walkway with pressure-sensitive tiles that activate light shows and soundscapes, turning foot traffic into spontaneous musical events.\n3. **Light Conductor Plaza**: Urban plazas featuring touch-sensitive panels controlling light and sound patterns, allowing collaborative artistic creation.\n4. **Secretive Whisper Trees**: Boulevard trees equipped with LEDs and speakers, transmitting whispered messages via lights and sounds for a mystical experience.\n5. **Atmospheric Chime Columns**: Light and sound columns placed in busy areas, activated by motion to create soothing sonic sanctuaries.\n\nThese playful installations aim to foster community engagement, enhance urban aesthetics, and spark social interaction through innovative use of light and sound."
2026-06-25T10:06:43.394088,individual,idea_3,idea,Generate 5 ideas for playful urban installations using light and sound.,0,3,"**Critique of the Draft:**\n\nThe draft effectively communicates its ideas, but could enhance clarity by simplifying complex sentences. While the concepts are creative, they mirror existing installations, suggesting a need for more originality. The draft also lacks discussion on implementation challenges like energy efficiency, maintenance, or accessibility.\n\n**Revised Draft:**\n\nUrban installations that combine light and sound can rejuvenate public spaces and foster community engagement. Here are five innovative concepts:\n\n1. **Interactive Sound and Light Playground:** A playground that uses sensory technology in equipment to trigger LED lights and sound effects, enhancing play with dynamic visuals and sounds, and encouraging cooperative play among children.\n\n2. **Dynamic Musical Aqua Light Show:** An app-controlled interactive fountain that combines music and colorful lights, responding to visitors' movements for a personalized, engaging experience.\n\n3. **Multisensory Light Tunnel:** A pedestrian tunnel with motion sensors that trigger waves of color and sound. The tunnel adapts its themes according to time and crowd, offering new sensory experiences each visit.\n\n4. **The Harmonic Sound and Light Sculpture:** A public installation where people can create personal light and sound shows through motion-sensitive controls, fostering interactive artistic expression.\n\n5. **Kinetic Streetlight Symphony:** Streetlights turned into interactive musical instruments that react to movement with melodies and changing lights, transforming city strolls into musical experiences.\n\nThese installations aim to enrich urban aesthetics while prioritizing energy efficiency and accessibility, ensuring inclusive, engaging, and sustainable public spaces."
2026-06-25T10:07:03.885642,individual,idea_3,idea,Generate 5 ideas for playful urban installations using light and sound.,0,4,"The revised draft of the urban installation ideas emphasizes transforming public spaces through interactive light and sound features that promote community engagement and cultural expression. The Interactive Melody Path offers a sensory experience with musical tiles, while the Atmospheric Symphony Tower adapts its light and sound to environmental changes. Narrative Light Benches serve as storytelling platforms celebrating local heritage, while the Celestial Canopy provides atmospheric settings for events. Lastly, the Interactive Digital Wall allows for collaborative digital art creation. Each concept incorporates community involvement, encouraging local programming and cultural participation. However, the originality could be enhanced by integrating cutting-edge technologies, and addressing sustainability and potential challenges would improve the draft's completeness."
2026-06-25T10:07:22.383969,individual,idea_3,idea,Generate 5 ideas for playful urban installations using light and sound.,1,0,"The critique highlights three key areas for improvement in the draft of innovative urban installations using light and sound: clarity and coherence, originality, and completeness. It notes that while the ideas are creative, they lack specific details on functionality and cultural inspiration, as seen in the ""Cultural Light Spectrum Bridge."" Additionally, sustainability isn't uniformly addressed across all projects, suggesting that installations like the ""Interactive Night Sky Canopy"" need clearer explanations of energy sources.\n\nFor originality, the critique advises leveraging distinctive interaction scenarios and emerging technologies, such as AR elements or community-sourced storytelling, to differentiate these installations further. It also calls for more in-depth exploration of user engagement in projects like the ""Choreographed Light and Music Plaza,"" and emphasizes that community involvement should be a core component rather than secondary.\n\nThe revised draft presents five imaginative concepts: the ""Mystical Forest Pathway,"" ""Choreographed Light and Music Plaza,"" ""Cultural Light Spectrum Bridge,"" ""Sonic Flora Garden,"" and ""Interactive Night Sky Canopy."" Each is designed to captivate urban dwellers through innovative use of technology and community engagement, promoting sustainability and cultural interaction. These installations aim to transform urban spaces into vibrant, inclusive experiences that merge art, technology, and ecological mindfulness."
2026-06-25T10:07:38.470568,individual,idea_3,idea,Generate 5 ideas for playful urban installations using light and sound.,1,1,"The revised draft discusses urban installations designed to enhance community engagement and sustainability through interactive light and sound. The critique identifies areas for improvement, emphasizing clarity and accessibility. It suggests simplifying language, highlighting unique or innovative aspects, and weaving sustainability more prominently throughout the concepts. The draft introduces several installations:\n\n1. **Kinetic Arches of Light and Sound:** Motion-responsive arches use LEDs and sound to create an educational and entertaining path for pedestrians.\n\n2. **Echo Garden Mazes:** Labyrinths feature solar-powered lights and speakers, shifting sensory experiences in response to visitor movements.\n\n3. **Interactive Murals of Sound and Light:** LED panels and audio outputs allow users to create art and music, reflecting local culture and fostering personal expression.\n\n4. **Dynamic Piazza Symphonies:** City squares transform with light and sound that follows crowd movements, highlighting local artists' works.\n\n5. **Sonic Luminescence Amongst Urban Trees:** Artificial trees with interactive features offer enchanting experiences and deeper environmental connections.\n\nOverall, the installations are designed to invigorate urban life, promote community bonds, and reflect a commitment to eco-friendly design."
2026-06-25T10:07:53.447105,individual,idea_3,idea,Generate 5 ideas for playful urban installations using light and sound.,1,2,"The revised urban installation concepts aim to transform city spaces through interactive art, emphasizing sustainability, community, and culture. Specific installations include:\n\n1. **Harmonic Bridge**: A bridge that produces musical sounds and light displays through pedestrian movement, fostering collaborative experiences with local artist contributions and prioritizing safety.\n\n2. **Luminous Labyrinth**: An eco-friendly maze in a city square with touch-responsive light walls that guide explorers, enhancing public spaces and encouraging communal interactions.\n\n3. **Cosmic Canopy**: Overhead installations in parks, simulating a night sky with energy-efficient lights and an educational app for learning about constellations, blending recreation with education.\n\n4. **Echoes of History Wall**: A sensor-activated narrative wall sharing historic stories in a neighborhood, enhancing heritage awareness and engaging the community using durable, vandalism-resistant materials.\n\n5. **Silent Disco Boulevard**: A pedestrian street transformed with motion-sensor lights and wireless headphones, creating soundless dance festivals that attract diverse groups and boost local economies.\n\nThese installations enhance urban environments by integrating light, sound, and community interaction while addressing sustainability and cultural engagement challenges."
2026-06-25T10:08:08.854091,individual,idea_3,idea,Generate 5 ideas for playful urban installations using light and sound.,1,3,"The draft presents inventive concepts for urban installations using light and sound to transform public spaces into interactive areas. However, clarity and coherence could be improved by offering more detailed descriptions of how interactions with these installations work. While the ideas are creative, elements like interactive facades and storytelling could benefit from unique twists or contemporary tech integration to stand out. The draft also lacks depth in discussing the potential impacts of these installations, such as their contributions to community engagement, cultural expression, or environmental education.\n\nThe revised concepts include:\n\n1. **Light Garden Symphony**: A garden that responds to movement with unique light sequences and sounds, powered by solar energy, fostering environmental awareness.\n   \n2. **Resonating Light Waves**: Waterfront arches that blend light and sound, powered by kinetic energy, offering a rhythmic, interactive experience.\n\n3. **Chime and Shine Facade**: A touch-responsive building facade creating light and sound patterns, promoting creative collaboration and sustainability.\n\n4. **Color Pulse Plaza**: A plaza where steps trigger colorful lights and notes, encouraging communal artistic expression and celebrating diversity.\n\n5. **Storytelling Light Trees**: A park installation of interactive light projectors and speakers, offering narrative experiences via a mobile app to foster cultural storytelling.\n\nEach concept prioritizes sustainability through solar and kinetic energy and enhances urban areas by providing culturally enriching, educational, and creative public experiences."
2026-06-25T10:08:26.450126,individual,idea_3,idea,Generate 5 ideas for playful urban installations using light and sound.,1,4,"The revised draft presents five engaging, interactive installations aimed at revitalizing public spaces. The **Harmonious Plaza** uses motion sensors to trigger compositions by local artists through interactive light columns, powered by solar panels and LEDs, with real-time data displays to promote sustainability. The **Mosaic of Echoes** transforms a park pathway with stepping stones that play local sounds and incorporate AR elements for cultural engagement. **Chime Forest** features interactive poles resembling trees, chiming based on user interaction and environmental conditions, complemented by a mobile app for community-sharing sound maps. **Star Stream** is a celestial light walkway emitting sounds that evolve with ambient noise, integrating community soundscapes for personalization. Lastly, the **Urban Kaleidoscope** consists of kinetic light prisms in a city square, reflecting designs with sound collages from urban or natural noises, powered by kinetic energy. These concepts highlight clarity, originality, and community impact, emphasizing environmental sustainability and active public participation."
2026-06-25T10:08:49.225188,individual,idea_3,idea,Generate 5 ideas for playful urban installations using light and sound.,2,0,"The revised draft proposes five engaging urban installations that merge light, sound, and cultural narratives, underscoring originality, sustainability, and community engagement. Each concept is designed to transform public spaces into vibrant, interactive environments. \n\n1. **Mystical Forest Pathway** creates an enchanted urban trail with motion-triggered lights and soundscapes, incorporating local folklore through dynamic lighting and shadows. Sustainability is achieved with solar-powered sensors, and community engagement is fostered by inviting contributions from local artists.\n\n2. **Dynamic Light Plaza** features a responsive area where movements activate light shows and soundscapes, celebrating diverse cultural themes each month. Energy-efficient technology and regular community workshops encourage local musicians and dancers to create personalized experiences.\n\n3. **Cultural Story Bridge** is a pedestrian structure with lights that change according to community-submitted narratives, reflecting shared cultural themes. Kinetic foot traffic generates power, and residents are invited to share stories, visually interpreted through lighting.\n\n4. **Harmonic Plant Garden** offers an immersive musical experience where plant interactions produce soundscapes inspired by global ecosystems. Solar and water-efficient systems support sustainability, while collaborations with botanists and musicians keep the garden innovative.\n\n5. **Celestial Canopy** presents a starry light display mirroring the real-time night sky, with interactive constellations and soundscapes. This installation features celestial stories from various cultures, powered by wind energy, and includes events led by historians and astronomers to enhance public understanding.\n\nThese installations creatively redefine urban spaces, promoting cultural appreciation and sustainable practices while actively involving the community."
2026-06-25T10:09:07.225141,individual,idea_3,idea,Generate 5 ideas for playful urban installations using light and sound.,2,1,"The critique highlights three main areas for improvement in the draft of urban installations using light and sound: clarity and coherence, originality, and completeness.\n\n1. **Clarity and Coherence:** Some descriptions lack clarity, particularly regarding user interaction with technology and operational consistency across installations. Enhancing how user devices integrate, especially in the Harmonious Canopy Avenues, and standardizing user experience explanations would improve comprehension.\n\n2. **Originality:** While the concepts are creative, they risk blending into common urban design trends like motion-triggered effects. Introducing more unique, less explored technologies could heighten originality and distinction among these ideas.\n\n3. **Completeness:** Sustainability details, such as renewable energy integration, need expansion beyond mere mentions of solar panels or recycled materials. Further context on community interaction and urban landscape integration would provide a comprehensive overview.\n\nThe draft proposes five innovative urban installations centered on community engagement and sustainability:\n1. **Symphony Streetwalks:** Uses motion sensors for light and sound along sidewalks, enhancing routine paths with solar-powered LEDs.\n2. **Choral Light Reefs:** Features movement-detecting, recycled luminescent ""reefs"" in parks, encouraging environmental awareness.\n3. **Resonant Reflection Ponds:** Combines nature and technology with color-shifting orbs and soundscapes powered by solar panels in urban oases.\n4. **Harmonious Canopy Avenues:** Integrates personal smartphone interaction with tree-installed sound and light modules for immersive experiences.\n5. **Starlight Sound Circles:** Uses vertical light beams in communal spaces to create interactive, personalized auditory and visual experiences, fostering community and ecological responsibility.\n\nThese designs aim to enliven urban spaces with sustainable, engaging installations that celebrate community and nature."
2026-06-25T10:09:23.561999,individual,idea_3,idea,Generate 5 ideas for playful urban installations using light and sound.,2,2,"The revised draft presents five innovative urban installations, focusing on interactivity, sustainability, and community engagement through light and sound. First, the **Rhythmic Riverwalk** features interactive stepping stones along city riverbanks, lighting up and playing music when stepped on, using solar-powered LEDs and local sound samples to foster community interaction. Second, **Sonic Storyteller Benches** are equipped with sensors and adaptive lighting for narrating local stories, inviting community submissions for updates, and utilizing solar and motion-sensing technology. Third, **Kaleidoscope Kiosks** respond to ambient city sounds, projecting light patterns and reinforcing environmental sustainability with recycled materials. Fourth, in **Whispering Woods** installations in parks, motion sensors trigger ambient soundscapes of wildlife, enhanced by twinkling lights, promoting mindfulness and biodiversity appreciation. Finally, **Aurora Avenues** transform quiet streets with LED arrays mimicking northern lights and motion-triggered tranquil sounds, revitalizing nighttime cityscape areas. These concepts prioritize sustainability and community involvement while enhancing urban environments."
2026-06-25T10:09:41.516534,individual,idea_3,idea,Generate 5 ideas for playful urban installations using light and sound.,2,3,"The revised concepts aim to transform urban spaces into dynamic, interactive environments by integrating light, sound, and sustainable energy solutions. These installations prioritize interactivity, cultural representation, and eco-friendliness:\n\n1. **LuminoMaze Adventure**: A city square becomes an eco-friendly light labyrinth where visitor movement triggers specific light patterns and soundtracks, reflecting various cultural themes. Solar panels power this evolving exhibit, educating and engaging the community.\n\n2. **Bridge Symphony**: Pedestrian bridges turn into kinetic soundscapes where steps generate musical notes and light displays, minimizing energy use through kinetic energy from foot traffic and transforming commutes into musical experiences.\n\n3. **Unity Sphere Pavilion**: A geodesic sphere in a park reacts to voice and movement, modulating local music or literary traditions onto its exterior, symbolizing community dialogue and powered sustainably by solar energy.\n\n4. **Illuminated Passageways**: Underpasses are rejuvenated with responsive LED lighting and soundscapes, creating vibrant corridors that adapt to pedestrian activity and celebrate urban movement using energy-efficient technology.\n\n5. **Cultural Wave Pavilion**: Positioned over city plazas, this canopy uses motion and sound technology to reflect local culture, adapting to events and powered by solar and human energy to showcase urban diversity.\n\nThese concepts balance playful interaction with sustainability to promote environmental and cultural appreciation while breathing life into urban settings. Future plans include maintenance and community involvement to ensure lasting impact and inclusivity."
2026-06-25T10:10:01.297530,individual,idea_3,idea,Generate 5 ideas for playful urban installations using light and sound.,2,4,"The revised draft critiques several aspects of the original proposals for urban installations. Key improvements include achieving greater clarity and coherence by diversifying interaction mechanisms and thematic foci, thus making each concept distinct and more concise. Originality is addressed by adding unique cultural or historical themes, enhancing the creativity of ideas that involve commonly used elements like interactive light panels and soundscapes. Completeness is enhanced by proposing specific examples and considering potential challenges. The improved concepts are:\n\n1. **Sonic Garden**: Interactive flower sculptures in a park respond to touch with lights and nature sounds, powered by solar energy, providing an urban escape that mirrors nature over time.\n\n2. **Pulse Bridge**: A pedestrian bridge that lights up and plays music with each step, promoting community interaction by transforming footsteps into creative expressions of light and sound.\n\n3. **Echo Alley**: Urban alleys featuring smart panels that react to movement with lights and stories, sharing local heritage and fostering community pride.\n\n4. **Gesture Symphony**: An open-air stage where passersby can compose music and lights with motion-tracking, blending play with artistic expression.\n\n5. **Whispering Pathways**: A walkway lined with trees that sing or recite poetry in response to movement, encouraging mindfulness and appreciation for nature.\n\nThese installations aim to encourage community interaction, creativity, and environmental consciousness, transforming urban spaces into dynamic, connective art experiences."
2026-06-25T10:10:24.806166,individual,idea_3,idea,Generate 5 ideas for playful urban installations using light and sound.,3,0,"**Critique and Suggestions for Revised Urban Installation Concepts:**\n\n1. **Clarity and Coherence:** The concepts could be structured into clear sub-sections like ""Concept,"" ""Technology,"" and ""Community Involvement"" to enhance readability. Streamlining verbose sections can also improve understanding, particularly in technological descriptions.\n\n2. **Originality:** While imaginative, some components seem conventional, resembling existing installations. Introducing more innovative technology or unique storytelling could improve originality.\n\n3. **Completeness:** The notion of community involvement is present but could be expanded to address maintenance, funding, and demographic impacts for a fuller picture.\n\n**Revised Urban Installation Concepts:**\n\nHere are five transformative urban art installations using light and sound to animate public spaces. Each emphasizes originality, sustainability, and community engagement:\n\n1. **Luminous Echo Gardens:** \n   - An urban park becomes an interactive, bioluminescent-inspired ecosystem, with solar and kinetic energy-powered sensors activating lights and wildlife soundscapes. Ecologists and artists collaborate to keep narratives dynamic.\n\n2. **Sonic Story Tunnels:** \n   - Pedestrian pathways evolve into storytelling corridors with motion-triggered, energy-efficient lighting and narratives. Local workshops engage the community in creating and showcasing stories.\n\n3. **Interactive Light Orchestra:** \n   - A public square transforms into an orchestral stage, with participants' gestures powering light and sound via smart grid technology. Open sessions invite youth performances, nurturing local talent.\n\n4. **Reflections of Urban Waters:** \n   - Urban walls display simulated waterways through light projections and soundscapes, with mirrored surfaces and eco-friendly energy sources. Workshops promote ecological awareness through public art.\n\n5. **Galactic Soundwaves:** \n   - City plazas offer a cosmic experience with light and sound installations simulating celestial alignments. Powered by wind and solar energy, these installations host astronomy events, making stargazing accessible.\n\nThese installations aim to rejuvenate urban areas by integrating advanced technology with cultural storytelling, fostering sustainability, and promoting a sense of community."
2026-06-25T10:10:44.601549,individual,idea_3,idea,Generate 5 ideas for playful urban installations using light and sound.,3,1,"Critique Summary:\n\n1. **Clarity and Coherence:** The original draft’s technical details are sometimes too complex for general readers, with long sentences diluting comprehension. Simplifying these complexities and breaking ideas into digestible parts would improve clarity.\n\n2. **Originality:** The concepts exhibit creativity but could further emphasize interactivity and sustainability to stand apart from existing ideas. Unique features linking installations to specific urban landscapes could enhance originality.\n\n3. **Completeness:** While broad descriptions are provided, elaborating on feasibility and potential impact would benefit the concepts. Offering examples or scenarios could help make these ideas feel more complete and actionable.\n\nRevised Concepts:\n\n1. **Melodic Pathways:** Sidewalks that produce gentle notes with each step, transforming footsteps into a musical experience. Utilizing kinetic energy through piezoelectric technology, these paths create vibrant connections as melodies harmonize, offering a sustainable, joyful interaction with the urban environment.\n\n2. **Luminous Rain Gardens:** Bioluminescent gardens that react to nature and human presence, creating a serene light dance. Using solar-powered LEDs, these spaces foster environmental appreciation and responsibility, providing a tranquil urban retreat.\n\n3. **Interactive Skyline Canopy:** Drone-driven light and sound shows in city squares, controlled through a mobile app. This solar-powered installation invites public participation, offering a dynamic urban spectacle that merges technology with creativity sustainably.\n\n4. **Soundwave Garden Benches:** Benches emitting nature-inspired soundscapes as one sits or moves, enhancing relaxation with solar energy. These interactive seats enrich community spirit by blending nature and urban rhythms.\n\n5. **Aurora Dance Halls:** Motion sensor-equipped open-air dance floors project light shows synchronized with dancers’ movements. Solar-powered, these installations turn urban spaces into vibrant, engaging stages, celebrating creativity and community.\n\nThese enhanced descriptions focus on engaging narratives and potential urban impacts, ensuring greater audience captivation."
2026-06-25T10:11:00.081054,individual,idea_3,idea,Generate 5 ideas for playful urban installations using light and sound.,3,2,"The original draft's critique highlighted areas needing improvement: clarity, originality, and completeness. It suggested that overly detailed descriptions could dilute the message and stressed the importance of an explicit link between installations and their community or environmental impact. The use of similar technologies across installations was noted for potentially reducing novelty, and it recommended introducing unique elements or themes to stand out. For completeness, the critique advised detailing the installations' benefits beyond aesthetics and addressing maintenance and sustainability more thoroughly than just mentioning solar power.\n\nIn the revised draft, five installations are proposed:\n\n- **Lumina Pathways**: Interactive pathways in parks activate with lighting and folk music in response to pedestrian movement, promoting nature engagement and physical activity using solar-powered materials.\n\n- **Echo Towers**: Found in urban squares, these structures remix city sounds into a multisensory experience with LED screens and speakers, adding cultural depth to daily city life.\n\n- **Lightwave Platforms**: Vacant lots are revitalized into hubs where kinetic tiles power lights and trigger local music, fostering cultural expression through interactive sound.\n\n- **Resonant Reflections**: Motion-sensitive installations in underpasses create interactive visual and auditory experiences for commuters, enhancing neglected spaces with surprise and engagement.\n\n- **Celestial Courtyards**: Courtyards feature LEDs mimicking starlit skies, responding to sounds to create tranquil community gathering spots, fostering spontaneous interactions within urban settings."
2026-06-25T10:11:15.809892,individual,idea_3,idea,Generate 5 ideas for playful urban installations using light and sound.,3,3,"The draft of the urban installation ideas, while detailed, suffers from dense explanations that may overwhelm readers. Enhancing clarity by presenting core concepts before delving into details, particularly for ideas like the ""Community Pulse Plaza,"" could improve understanding. Although the innovations are notable, their originality could be heightened by incorporating more cutting-edge technologies like augmented reality or holographic projections. The completeness of the ideas would be strengthened by elaborating on the sustainable aspects, such as the specific innovations in kinetic and solar energy use.\n\nThe revised draft offers five imaginative concepts for urban installations that integrate light and sound with community engagement and sustainability:\n\n1. **Interactive Storytelling Arches**: Arches in walkways activate cultural folklore through lights and sounds, powered by kinetic energy from footsteps.\n\n2. **Solar Harmonic Blooms**: Flower-like sculptures in gardens use solar energy to create nighttime light and sound displays, encouraging energy awareness.\n\n3. **Echoing Light Trails**: Pedestrian paths come alive with colorful lights and harmonics, responding to foot traffic and powered by renewable energy.\n\n4. **Cultural Resonance Wall**: A wall that plays light and music bursts when touched, reflecting local cultures, using energy from solar and kinetic sources.\n\n5. **Community Pulse Plaza**: A sculpture reflecting the city’s rhythm through light and sound, driven by public data, sustained by renewable energy, with interactive workshops.\n\nThese imaginative installations aim to spark curiosity, enhance connectivity, and promote sustainability, transforming urban areas into vibrant, engaging cultural spaces."
2026-06-25T10:11:33.547929,individual,idea_3,idea,Generate 5 ideas for playful urban installations using light and sound.,3,4,"The revised ideas propose five innovative urban installations employing light and sound to foster community engagement and cultural appreciation, with enhanced clarity, originality, and details about logistics.\n\n1. **Aurora Plaza**: A city square becomes an interactive Aurora Borealis scene, using projection mapping for vibrant visuals synchronized with music. Visitors can personalize themes via a mobile app, and local folklore is projected during weekly ""Story Light"" sessions, enhancing cultural connection.\n\n2. **Resonance Tunnel**: An underpass is transformed with motion-activated sensors triggering lights and world music, powered by solar technology. Collaborations with local musicians and community workshops emphasize sustainability and cultural diversity.\n\n3. **Harmonic Playground**: A playground where equipment triggers light and sound, allowing children to create music as they play. Monthly workshops foster creativity and tech interest, creating educational play experiences.\n\n4. **Heritage Lanterns**: Interactive lanterns illuminating parks and streets tell stories of cultural icons or events, glowing colorfully and narrating through local artists. Lantern tours promote storytelling and community bonding.\n\n5. **Space-Time Corridor**: Projection mapping creates a journey through cosmic and historical narratives, with live performances enriching the experience. Local experts ensure educational value through accurate, compelling content.\n\nThese installations prioritize sustainability and inclusivity, aiming to enrich urban spaces with engaging, culturally diverse experiences that foster community identity."
2026-06-25T10:11:51.952174,individual,idea_3,idea,Generate 5 ideas for playful urban installations using light and sound.,4,0,"The revised ideas for urban installations emphasize clarity, originality, completeness, and community engagement. Each concept utilizes sustainable technology and fosters local involvement to transform public spaces into dynamic sensory experiences:\n\n1. **Choreographed Light Rivers:** Pathways become 'rivers of light,' with pressure-sensitive panels and solar power enabling vibrant, responsive patterns. Local artists collaborate on unique designs, enhancing community interaction through workshops and tours.\n\n2. **Resonant Skylines:** Buildings turn into musical instruments, playable via augmented reality apps that synchronize with sensors, harmonizing notes with light displays. Community-crafted soundscapes celebrate diverse cultural contributions, enriched by interactive events.\n\n3. **Vibrant Reflection Zones:** Sounds within designated areas trigger interactive light and sound patterns using solar-powered setups, exploring acoustic play. Schools and groups engage in educational activities to understand sound-light dynamics.\n\n4. **Constellation Courtyards:** Virtual constellations, synced with real-time astronomical data, form evolving nocturnal displays complemented by thematic soundscapes. Astronomy clubs and schools conduct tours, nurturing a collective learning atmosphere.\n\n5. **Reimagined Story Bridges:** Bridges tell local stories through dynamic light and sound, enhanced by AR features for historical reenactments. Community storytelling festivals invite personal narratives, integrating them into immersive shows.\n\nThese proposals redefine urban spaces by marrying art and technology, fostering sustainability and community spirit."
2026-06-25T10:12:11.616094,individual,idea_3,idea,Generate 5 ideas for playful urban installations using light and sound.,4,1,"The critique highlights the need for improved coherence, originality, and completeness in the draft describing urban installations. While the installation descriptions are clear, the introduction should better connect each idea to themes of clarity, interactivity, and sustainability. Ideas such as ""Digital Skies"" and ""Echo Benches"" require a stronger integration of sustainability. Some concepts, like ""Musical Footprints"" and ""Kinetic Light Plaza,"" are familiar and could benefit from distinct features to enhance originality. Additionally, more depth concerning technical implementation and cultural relevance is needed to make each installation unique to its environment.\n\nThe revised draft introduces five innovative urban installations that blend light and sound, emphasizing sustainability and cultural integration:\n\n1. **Symphony Steps**: Pedestrian pathways that turn footsteps into music, highlighting local culture through sound collections created with community musicians, powered by kinetic energy.\n\n2. **Luminescent Sanctuaries**: Interactive gardens using solar-powered, bioluminescent plants and motion-triggered sounds, featuring local flora and folk sounds for ecological and cultural enrichment.\n\n3. **Ethereal Aerials**: Drone displays in public squares, with themes designed by or voted on by the community via a mobile app, reflecting current events and cultural diversity.\n\n4. **Sound of History Benches**: Solar-powered seating areas that play audio narratives about local heritage, with integrated local stories and soundscapes for immersive, educational engagement.\n\n5. **Dance of Light Plazas**: Motion-activated LED and sound installations in plazas, creating a dynamic space for dance and play, powered by solar technology, to enhance community interaction.\n\nThese installations integrate technology and local culture, creating interactive, sustainable urban experiences that adapt to diverse environments and celebrate cultural diversity."
2026-06-25T10:12:29.538554,individual,idea_3,idea,Generate 5 ideas for playful urban installations using light and sound.,4,2,"**Critique Summary:** The draft's main strengths are well-explained ideas, although clarity could be improved by reducing verbosity and repetition, particularly regarding sustainability themes. Incorporating more vivid language and highlighting distinct features could boost originality. The draft also needs more detail on potential implementation and audience engagement to enhance completeness.\n\n**Revised Draft Overview:** Five innovative urban installations utilizing light and sound are proposed:\n\n1. **Chime Gardens:** Located in city parks, these eco-friendly and solar-powered pillars produce soothing chime sounds and dynamic color palettes, transforming parks into peaceful, introspective spaces.\n\n2. **Harmonic Streetscapes:** Pedestrian pathways that generate interactive color and sound displays using kinetic energy from footsteps, promoting community interaction and renewable energy awareness.\n\n3. **Sonic Canopies:** Kinetic umbrellas in plazas create concerts of sound and light through movement, offering artistic shelter and enhancing social gatherings.\n\n4. **Interactive Soundstream Bridges:** Bridges that activate light and soundscapes mimicking water streams through pedestrian and vehicle movement, transforming everyday crossings into serene experiences powered sustainably.\n\n5. **Constellation Walkways:** Waterfront paths with LED constellations adapting to city sounds, providing peaceful environments and educational astronomy insights.\n\nEach installation blends artistic and sustainable elements, fostering public engagement and creatively reimagining urban spaces."
2026-06-25T10:12:48.378931,individual,idea_3,idea,Generate 5 ideas for playful urban installations using light and sound.,4,3,"The revised draft proposes five innovative urban installations that integrate light, sound, community involvement, and sustainability to transform ordinary spaces into extraordinary experiences. Each idea is distinct yet interconnected through its focus on storytelling, interaction, and renewable energy use:\n\n1. **Interactive Tale Tunnel**: This installation uses illuminated arches and embedded speakers to bring local folklore to life, powered by footsteps on piezoelectric tiles, promoting sustainable practices.\n\n2. **Solar Sonata Petals**: Grand flower-like sculptures in parks capture solar energy by day and produce a light and sound show by night, educating the public on solar power and offering sustainability workshops.\n\n3. **Footprint Harmonies**: An interactive path with pressure-sensitive tiles creates unique light and sound compositions with each step, powered by kinetic energy, and features information kiosks discussing renewable energy.\n\n4. **Cultural Echo Panels**: An art wall that creates light and sound shows upon touch, reflecting cultural history, with energy supplied by solar and kinetic sources, encouraging community storytelling.\n\n5. **City Beat Pavilion**: A central sculpture that visualizes urban data as dynamic light and sound displays, hosting sustainability workshops and powered by renewable energy, engaging citizens in their urban environment.\n\nThese installations enhance urban spaces by fostering curiosity, community interaction, and environmental awareness, functioning as dynamic canvases for cultural expression and sustainable living."
2026-06-25T10:13:09.155582,individual,idea_3,idea,Generate 5 ideas for playful urban installations using light and sound.,4,4,"The critique of the draft highlights key areas for improvement: \n\n1. **Clarity and Coherence**: While generally clear, the draft requires more detailed explanations of the mechanisms in each installation, such as the specific functions of sensors in ""Reflections of the River"" and how light and sound are personalized in ""Melodic Monuments,"" to enhance reader understanding and visualization.\n\n2. **Originality**: Although the concepts are creative, they risk appearing derivative or overly complex. For instance, ""Melodic Monuments"" employs the common technique of projection mapping—distinguishing these ideas with unique elements could help them stand out.\n\n3. **Completeness**: Although sustainability is mentioned, the draft could be strengthened by detailing specific sustainable practices or materials used in each concept, making the strategies more actionable.\n\n**Revised Summary**: Five urban installations using light and sound are proposed to boost community engagement, sustainability, and cultural diversity:\n\n1. **Reflections of the River**: A riverside path with LED lights and mirrored sculptures reacting to pedestrian movement, combined with river-sourced soundscapes and workshops by local artists.\n\n2. **Sonic Bloom Garden**: Solar-powered kinetic flower sculptures mimicking fauna sounds and changing lights, with educational panels and workshops for children.\n\n3. **Melodic Monuments**: Augmented reality at historical sites conveys history through synchronized narratives, with historian collaborations and customizable app experiences.\n\n4. **Vibrant Vista**: A skyscraper turns into a digital canvas with monthly themed light displays and city symphonies, fostering community input and using energy-efficient LEDs.\n\n5. **Echoes of Unity**: Park pillars transforming spoken words into light and sound, celebrating linguistic diversity and crafted from recycled materials with language preservation group collaborations.\n\nThese projects emphasize interaction, inclusivity, and sustainable design, transforming urban landscapes into educational and cultural hubs."
2026-06-25T10:05:45.950627,individual,reasoning_0,reasoning,Explain why traffic congestion occurs in large cities and propose 3 countermeasures.,0,0,"**Critique of the Original Draft:**\n\n1. **Clarity and Coherence:**\n   - The draft's comprehensive take on traffic congestion could benefit from clearer transitions between problems and solutions. Aligning each solution directly with its corresponding problem would enhance coherence.\n\n2. **Originality:**\n   - The draft presents standard congestion causes and solutions. Incorporating innovative solutions or case studies from cities that have successfully tackled congestion could add originality.\n\n3. **Completeness:**\n   - While the causes of congestion are well-covered, discussing the economic and environmental impacts and potential challenges of proposed solutions would provide a more balanced view.\n\n**Rewritten Draft:**\n\nTraffic congestion in major cities worldwide stems from various factors such as high vehicle density due to urban growth without road expansion, limited public transit options, infrastructure constraints, inefficient traffic management, urban sprawl, and behavioral preferences for personal vehicles. These elements create a complex problem requiring a multi-faceted approach:\n\n1. **Expanding Public Transportation:**\n   - Investing in reliable and broad-reaching public transit systems, integrating various transit modes, and enhancing last-mile connectivity can reduce car reliance.\n\n2. **Advanced Traffic Management Systems:**\n   - Implementing AI-driven smart traffic signals and comprehensive traffic analytics can improve traffic flow, while dynamic road pricing manages road use during peak times.\n\n3. **Promoting Sustainable Travel:**\n   - Encouraging carpooling through incentives and expanding infrastructure for cycling and walking supports reduced vehicle use.\n\nCollective action from planners, policymakers, and residents—through enhanced infrastructure, smart traffic management, and sustainable choices—can alleviate congestion, improving livability and environmental outcomes."
2026-06-25T10:06:15.998377,individual,reasoning_0,reasoning,Explain why traffic congestion occurs in large cities and propose 3 countermeasures.,0,1,"The draft on traffic congestion highlights key causes, such as high population density, limited public transport, inadequate urban planning, and economic and cultural dynamics, yet it could improve in clarity by ensuring seamless transitions between points and emphasizing economic and cultural impacts more distinctly. To enhance originality, consider including unconventional solutions or recent advances in traffic management. It would also benefit from addressing policy interventions and regulatory measures not currently discussed, such as controlling vehicle numbers or promoting eco-friendly transport, and exploring emerging technologies like autonomous vehicles.\n\n**Proposed Countermeasures for Traffic Congestion:**\n\n1. **Enhance Public Transport:** Develop comprehensive, efficient public transport systems with an integrated model and unified ticketing to attract users, thus reducing dependency on private vehicles.\n\n2. **Smart Traffic Management:** Utilize adaptive traffic technologies and real-time data to optimize traffic flow and deliver timely updates to commuters for improved congestion management.\n\n3. **Sustainable Transport Advocacy:** Promote biking, walking, and carpooling through dedicated infrastructure and incentives. Policies supporting eco-friendly travel are essential for these initiatives' success.\n\nThese strategies aim to address both systemic and behavioral factors contributing to traffic congestion, fostering a sustainable urban environment tailored to diverse city residents' needs."
2026-06-25T10:06:36.051526,individual,reasoning_0,reasoning,Explain why traffic congestion occurs in large cities and propose 3 countermeasures.,0,2,"The revised draft addresses traffic congestion in large cities, highlighting a mix of interconnected causes such as urbanization, outdated infrastructure, increased vehicle ownership, insufficient public transit, and centralized economic activities. It suggests improvements for clarity by organizing overlapping factors like population density and economic growth. While originality is limited, the inclusion of non-traditional methods or unique urban interventions could enhance it. The draft calls for more detailed implementation steps in countermeasures, such as developing robust public transportation, adopting smart traffic systems, and encouraging innovative urban planning. These strategies, supported by government and community efforts, have the potential to alleviate congestion and improve urban living conditions."
2026-06-25T10:06:58.153609,individual,reasoning_0,reasoning,Explain why traffic congestion occurs in large cities and propose 3 countermeasures.,0,3,"The draft on traffic congestion identifies the primary causes and suggests countermeasures for urban areas. It highlights high vehicle volumes and inefficient infrastructure, inadequate public transport, and incidents with behavioral factors as key contributors. However, it could better connect these points, such as explaining how increased vehicle volume and poor infrastructure perpetuate congestion. Originality could be enhanced by incorporating lesser-known strategies and case studies from various cities to provide a broader perspective. The draft also misses contemporary issues like the impact of ride-hailing services and innovations such as telecommuting or urban planning revisions.\n\n**Revised Summary of Causes and Countermeasures:**\n\nTraffic congestion in large cities results from a combination of factors, including surging urban populations that overwhelm insufficient road networks and public transportation systems. Additionally, incidents and poor driving behaviors exacerbate these challenges. To address these issues, cities should enhance public transportation networks with diverse transit options and technologies to boost convenience and reduce car dependency. Implementing congestion pricing can regulate demand during peak times, as seen successfully in Stockholm and San Francisco. Moreover, smart traffic management through advanced systems can optimize flow and mitigate delays. Further exploration of telecommuting and strategic urban planning is also crucial in creating sustainable urban environments."
2026-06-25T10:07:18.222246,individual,reasoning_0,reasoning,Explain why traffic congestion occurs in large cities and propose 3 countermeasures.,0,4,"The draft highlights the multifaceted issue of traffic congestion in large cities, identifying key causes such as high vehicle density, inefficient public transit, urban planning challenges, economic activities, and erratic driving behaviors. To enhance clarity, the draft could organize countermeasures into distinct sections with clear headlines. Additionally, introducing unique perspectives, such as innovative global solutions, could enrich the content. The countermeasures proposed include enhancing public transportation through infrastructure investment and incentives, adopting smart urban planning technologies like dynamic traffic lights, and implementing policy measures such as congestion pricing and innovative zoning. Examples like Bogotá’s TransMilenio and Los Angeles’ traffic management systems exemplify successful strategies. While challenges exist in funding and public consensus, integrated planning, technology use, and policy can significantly improve traffic flow and urban sustainability."
2026-06-25T10:07:36.052457,individual,reasoning_0,reasoning,Explain why traffic congestion occurs in large cities and propose 3 countermeasures.,1,0,"The draft on traffic congestion provides a structured approach but lacks depth in explaining specific causes, like the link between urban sprawl and vehicle dependency. Additionally, while it includes common strategies such as ""smart traffic systems"" and public transport investment, it could be more original by incorporating unique examples or emerging technologies. The draft also misses discussing essential elements like policy interventions, land use planning, and technological advancements in vehicles. Revised content should emphasize these areas for a comprehensive perspective.\n\nTraffic congestion in large cities arises from urbanization, inadequate infrastructure, and societal habits, necessitating nuanced solutions. Key factors include high vehicle density, insufficient public transport, poorly planned urban environments, outdated traffic management, and cultural preferences favoring personal cars. To address these issues, cities should revolutionize public transport with technologies like real-time data tracking, adopt AI-enhanced traffic systems, explore congestion-based pricing models like Singapore, and encourage sustainable commuting through infrastructure adaptations and incentivizing electric vehicles. A collaborative effort among policymakers, urban planners, and citizens is crucial for building sustainable urban environments that alleviate congestion, promote economic efficiency, and improve quality of life."
2026-06-25T10:07:54.775234,individual,reasoning_0,reasoning,Explain why traffic congestion occurs in large cities and propose 3 countermeasures.,1,1,"The revised draft critiques a report on traffic congestion and provides an enhanced overview, emphasizing clarity and coherence, originality, and completeness. Key issues like high population density, increased vehicle ownership, and inadequate public transportation are discussed, with insufficient structure noted as a weakness. Originality is lacking, and the content could be bolstered with innovative solutions and examples, such as congestion pricing's success in London. \n\nThe rewrite outlines causes, including economic growth and cultural preferences for personal vehicles, with examples like New York's density and Mumbai's vehicle spike. Solutions proposed include:\n\n1. **Public Transport Expansion and Integration:** Drawing on Tokyo and Singapore's models, improved infrastructure and systems can reduce car reliance, while Seoul's affordability increases ridership.\n   \n2. **Advanced Traffic Management:** Technologies such as Sydney's adaptive signals and London's real-time data analytics and congestion pricing can optimize flows and reduce peak-hour traffic.\n\n3. **Sustainable Transport Promotion:** Amsterdam's cycling paths, San Francisco's carpool incentives, and Copenhagen's awareness campaigns illustrate successful non-motorized and shared transport initiatives.\n\nBy addressing both systemic and behavioral elements, cities can alleviate congestion and promote sustainable urban mobility, leveraging technology and strategic redesigns to transform urban travel landscapes."
2026-06-25T10:08:07.590036,individual,reasoning_0,reasoning,Explain why traffic congestion occurs in large cities and propose 3 countermeasures.,1,2,"The revised draft provides a clearer, more coherent discussion on the multi-faceted issue of traffic congestion in cities, emphasizing the need for targeted strategies. It suggests enhancing public transport by expanding metro lines, increasing bus frequencies, and adopting sustainable options like integrated ticketing systems. The implementation of smart traffic technologies, such as adaptive traffic signals and real-time navigation apps, is highlighted using successful examples like Amsterdam's Intelligent Transport Systems. Additionally, it advocates for decentralized and mixed-use urban development to reduce travel needs, encourage community living, and utilize remote work options. The critique points out the original draft's gaps in specificity and originality, suggesting more detailed accounts of public transit shortcomings and innovative solutions with global examples. Moreover, it underscores the necessity of addressing potential implementation barriers through coordinated efforts among government, planners, and communities for a sustainable future."
2026-06-25T10:08:25.708463,individual,reasoning_0,reasoning,Explain why traffic congestion occurs in large cities and propose 3 countermeasures.,1,3,"The draft highlights urban traffic congestion as a pressing issue driven by rapid population growth outpacing transportation infrastructure. Inefficient road design, poor traffic management, incidents like accidents, and the proliferation of ride-hailing services exacerbate the problem. Proposed solutions include expanding public transportation systems to offer viable alternatives to personal vehicles, as exemplified by Singapore's MRT network. Implementing congestion pricing, as successfully done in Stockholm, can regulate road usage during peak times, lessen car dependency, and fund public transit improvements. Additionally, integrating smart traffic systems, utilizing data and AI for real-time management, can enhance traffic flow, as seen in Pittsburgh and Los Angeles. The draft suggests that while these measures are effective, embracing telecommuting, carpooling, and urban planning for pedestrian and cyclist-friendly spaces can further tackle congestion sustainably, necessitating a multifaceted and flexible approach to urban mobility."
2026-06-25T10:08:37.393047,individual,reasoning_0,reasoning,Explain why traffic congestion occurs in large cities and propose 3 countermeasures.,1,4,"The revised draft efficiently outlines strategies to address urban traffic congestion by linking solutions to specific root causes. It identifies high vehicle density, outdated transport systems, and poor urban planning as key issues contributing to traffic woes. To tackle these, the draft proposes expanding and modernizing public transport systems to reduce reliance on personal vehicles, leveraging smart traffic technologies for real-time congestion management, and implementing effective policy frameworks like congestion pricing and zoning reforms. Each strategy is accompanied by successful city examples, ensuring clarity and coherence. However, the draft could improve by incorporating innovative solutions and a deeper exploration of implementation challenges to enhance originality and completeness. By integrating these strategies into a cohesive urban strategy with community engagement, cities can effectively improve mobility and sustainability."
2026-06-25T10:08:52.772534,individual,reasoning_0,reasoning,Explain why traffic congestion occurs in large cities and propose 3 countermeasures.,2,0,"Traffic congestion in large cities arises from urbanization, high vehicle density, inadequate public transit, urban sprawl, outdated traffic systems, and cultural preferences for cars. Effective solutions require linking countermeasures directly to these causes. Suggested strategies include:\n\n1. **Enhancing Public Transportation**: Expand and integrate high-capacity systems like subways and buses, utilize real-time data for seamless transit, and ensure affordability.\n\n2. **Smart Traffic Management**: Implement AI and IoT technologies to optimize traffic flow and swiftly address issues, improving efficiency and reducing bottlenecks.\n\n3. **Policy and Incentive Strategies**: Introduce dynamic congestion pricing, successful in cities like London, to manage peak-time traffic. Encourage carpooling with incentives and dedicated lanes for high-occupancy vehicles.\n\nConfronting congestion involves infrastructure improvements, strategic policies, and innovative technology, demanding collaboration among stakeholders. Emerging trends like remote work could further mitigate congestion, promoting sustainable urban living and enhancing quality of life."
2026-06-25T10:09:13.342495,individual,reasoning_0,reasoning,Explain why traffic congestion occurs in large cities and propose 3 countermeasures.,2,1,"The draft effectively addresses traffic congestion in urban areas by identifying key factors such as high population density, increased vehicle ownership, and inadequate public transit systems. To enhance clarity, it should explicitly connect each proposed solution to specific causes of congestion. While it references well-known cities like Tokyo and Singapore, incorporating insights from smaller cities with innovative strategies could add originality. Furthermore, discussing obstacles like funding and cultural resistance would provide a more comprehensive view.\n\nTo tackle congestion, it suggests a multi-dimensional approach:\n\n1. **Public Transport Expansion:** Develop accessible, cost-effective systems, as seen in Tokyo and Singapore, and integrate with behavioral incentives like those used in Seoul to reduce car dependency.\n\n2. **Advanced Traffic Management:** Utilize technology such as adaptive traffic lights and congestion pricing, modeled by Sydney and London, while addressing potential privacy and cost concerns.\n\n3. **Promotion of Sustainable Transport:** Encourage biking, walking, and ride-sharing, inspired by Amsterdam, Copenhagen, and San Francisco, to decrease reliance on personal vehicles.\n\nThese solutions require consideration of challenges like budget constraints and stakeholder resistance. A balanced approach combining infrastructure upgrades, technological innovations, and behavior changes can alleviate congestion and foster sustainable urban living."
2026-06-25T10:09:30.245304,individual,reasoning_0,reasoning,Explain why traffic congestion occurs in large cities and propose 3 countermeasures.,2,2,"The draft effectively outlines traffic congestion's causes, such as excessive vehicle numbers, inadequate public transportation, and centralized urban design, and proposes innovative solutions. To enhance the original draft, it should more clearly emphasize the cause-and-effect relationships between congestion factors and solutions. While the proposed countermeasures—expanding public transport, adopting smart traffic technologies, and decentralizing urban developments—are structured well, the introduction needs a smoother transition into the solutions section to maintain reader flow. To boost originality, incorporating emerging technologies like electric bikes and congestion pricing could be beneficial. Additionally, a deeper examination of congestion's socioeconomic impacts and the solutions' broader benefits could present a more comprehensive perspective on improving urban quality of life. Overall, successful congestion management hinges on collaborative efforts among government, planners, and communities to overcome financial and public resistance challenges, aiming for cities that are more livable and sustainable."
2026-06-25T10:09:49.001969,individual,reasoning_0,reasoning,Explain why traffic congestion occurs in large cities and propose 3 countermeasures.,2,3,"The revised draft addresses traffic congestion in large cities, highlighting its roots in rapid urbanization, inefficient infrastructure, and rising ride-hailing services. To remedy the issue, a multi-faceted approach is crucial. Key solutions include expanding public transportation, as seen in Singapore's MRT system, to offer reliable and affordable alternatives to private cars. Congestion pricing, successfully implemented in Stockholm, discourages unnecessary traffic during peak times and funds infrastructure improvements. The deployment of smart traffic management systems using AI and real-time data, like in Pittsburgh and Los Angeles, optimizes traffic flow through adaptive signals. Additionally, supporting telecommuting, carpooling, and non-motorized transit options can further ease congestion, contributing to a sustainable and livable urban environment."
2026-06-25T10:10:02.929902,individual,reasoning_0,reasoning,Explain why traffic congestion occurs in large cities and propose 3 countermeasures.,2,4,"The revised draft addresses urban traffic congestion as a complex issue exacerbated by high vehicle density, insufficient infrastructure, and a reliance on personal vehicles. It proposes a holistic approach to mitigation: \n\n1. **Public Transport Expansion:** Investment in expanding and modernizing public transport options, like interconnected buses and high-speed trains, can reduce reliance on personal vehicles. Successful examples from cities such as Singapore and Seoul highlight the efficacy of robust transit networks.\n\n2. **Smart Traffic Management:** Utilizing intelligent systems with adaptive traffic signals and real-time data can enhance traffic flow. For example, Los Angeles benefits from such technology, achieving smoother traffic and reduced congestion.\n\n3. **Innovative Policies:** Implementing congestion pricing, demonstrated in London and Stockholm, and zoning reforms can discourage excessive vehicle use during peak times, fund public transit improvements, and promote mixed-use developments to reduce commuting needs.\n\nConcluding, a comprehensive strategy integrating these elements, supported by community involvement, not only improves urban mobility and quality of life but also supports sustainable growth in cities. Additionally, exploring innovative solutions could augment traditional measures for effective congestion reduction."
2026-06-25T10:10:27.677435,individual,reasoning_0,reasoning,Explain why traffic congestion occurs in large cities and propose 3 countermeasures.,3,0,"The critique of the draft highlights the need for clearer connections between causes and solutions, suggests incorporating innovative strategies, and calls for deeper exploration of cultural shifts toward reduced car dependence and the alignment of urban planning with transportation strategies. The revised draft addresses traffic congestion resulting from factors like rapid urbanization, vehicle surplus, and inadequate public transportation. It suggests a multifaceted approach:\n\n1. **Public Transportation Enhancement**: Investing in expanded public transit systems, like subways and light rail, and integrating transport modes with technological support can offer a viable alternative to private cars, relieve congestion, and promote sustainability through electric transport options.\n\n2. **Smart Traffic Management**: Utilizing AI and IoT for traffic management can optimize flow through smart signals and real-time monitoring, enhancing efficiency, safety, and environmental sustainability.\n\n3. **Policy and Incentive Strategies**: Policies like dynamic congestion pricing and incentives for carpooling, combined with remote work encouragement, can evenly distribute traffic and reduce congestion. Collaboration among governments, businesses, and communities is essential for aligning urban planning with cultural preferences toward sustainable transport, ultimately enhancing mobility and quality of life."
2026-06-25T10:10:45.915479,individual,reasoning_0,reasoning,Explain why traffic congestion occurs in large cities and propose 3 countermeasures.,3,1,"The critique highlights areas for improvement in clarity, originality, and completeness. To enhance clarity and coherence, connecting countermeasures directly to the identified causes of traffic congestion is advised, ensuring a logical flow. For originality, incorporating emerging technologies and novel policy ideas is recommended to provide fresh insights. Completeness can be improved by discussing strategies to overcome implementation challenges, such as funding mechanisms, stakeholder collaboration, and cultural resistance.\n\nThe revised draft outlines that traffic congestion in cities stems mainly from high population density, increased vehicle ownership, and inadequate public transport. Proposed solutions include:\n\n1. **Enhancement of Public Transport**: Develop extensive, integrated public transit networks with technology-driven solutions like real-time tracking and mobile payments to reduce car dependency.\n\n2. **Smart Traffic Management**: Implement adaptive traffic lights and congestion pricing to optimize flow and fund infrastructure improvements, as evidenced by successful initiatives in cities like Sydney and London.\n\n3. **Sustainable Transport Alternatives**: Encourage cycling, walking, and ride-sharing via infrastructure investments, following the examples of Amsterdam, Copenhagen, and San Francisco.\n\nTo address implementation challenges, collaboration among governments, private sectors, and communities is vital. Clear funding strategies, public awareness campaigns, and demonstrating behavioral change benefits are crucial for effective, sustainable urban growth."
2026-06-25T10:11:08.407617,individual,reasoning_0,reasoning,Explain why traffic congestion occurs in large cities and propose 3 countermeasures.,3,2,"The draft addresses traffic congestion in cities, attributing it to excessive vehicles, inadequate public transport, and centralized urban designs. It suggests solutions: improving public transport by increasing frequency, coverage, and integrating eco-friendly transit options; using smart traffic technologies like adaptive signals and real-time apps; and promoting decentralized urban development to distribute traffic.\n\nWhile providing a logical structure, the draft's introduction could be tighter to better engage readers, and transitions between causes and solutions need smoothing. Originality suffers from a lack of unique insights or city-specific examples. Expanding on root causes and integrating alternative solutions more thoroughly could enhance completeness.\n\nIncorporating innovative solutions such as electric bikes, ride-sharing, and congestion pricing alongside conventional methods underscores the importance of comprehensive strategies addressing broader impacts like lost productivity and commuter stress. Collaboration from government, planners, and communities is vital for implementing these strategies effectively, ensuring cities become more livable through sustainable urban planning."
2026-06-25T10:11:25.867131,individual,reasoning_0,reasoning,Explain why traffic congestion occurs in large cities and propose 3 countermeasures.,3,3,"The draft addresses traffic congestion in urban areas, highlighting that it results from factors like rapid urbanization, outdated infrastructure, and the rise of ride-hailing services. While the provided solutions—expanding public transport, implementing congestion pricing, and utilizing smart traffic management—are standard in urban planning, they can be enhanced with innovative elements. Public transportation systems could integrate autonomous vehicles and mobility hubs, while dynamic congestion pricing can be refined with real-time adjustments. Additionally, AI-driven systems can improve traffic flow more effectively than traditional methods. To enrich the draft's originality and completeness, unexplored solutions such as telecommuting, carpooling, and infrastructure for non-motorized transit should be expanded upon. By adopting these comprehensive strategies, cities can create sustainable urban environments equipped for future growth."
2026-06-25T10:11:40.743006,individual,reasoning_0,reasoning,Explain why traffic congestion occurs in large cities and propose 3 countermeasures.,3,4,"The revised critique suggests that while the original draft on traffic congestion offers a clear overview and well-documented solutions, it could improve clarity, originality, and completeness. The draft should streamline its explanation of congestion factors, introduce less conventional approaches and innovative technologies, and address implementation challenges. The rewritten draft proposes a multi-pronged strategy focusing on: \n\n1. **Public Transport Enhancement:** Investing in efficient, accessible public transport and last-mile solutions like bike-sharing can encourage shifts from personal vehicles, drawing on examples from cities like Seoul and Copenhagen.\n\n2. **Smart Infrastructure:** Utilizing smart traffic management technologies like adaptive signals and data analytics, as seen in Singapore, can optimize traffic flow and reduce environmental impacts.\n\n3. **Policy Interventions and Urban Planning:** Introducing congestion pricing and strategic urban planning, exemplified by London and Stockholm, can regulate peak hour traffic and minimize long commutes. Encouraging telecommuting and staggered work hours can also alleviate peak congestion.\n\nAcknowledging challenges such as public resistance and funding issues, the draft emphasizes community engagement and adaptability. By adopting an integrated approach, cities can enhance mobility and quality of life, fostering sustainable urban development."
2026-06-25T10:11:58.409062,individual,reasoning_0,reasoning,Explain why traffic congestion occurs in large cities and propose 3 countermeasures.,4,0,"The revised draft outlines traffic congestion as a complex issue attributed to rapid urbanization, a high volume of private vehicles, and insufficient public transportation infrastructure. These factors create bottlenecks, aggravated by inadequately planned urban layouts that fail to accommodate growing transport needs. To address congestion, the draft suggests a comprehensive approach: \n\n1. **Enhancing Public Transportation**: This involves expanding services (buses, subways, light rails) and integrating them with walking and cycling solutions. Technology, such as real-time tracking and cashless systems, can improve user experience, while transitioning to electric public transport can offer environmental benefits.\n\n2. **Implementing Smart Traffic Management**: Utilizing AI and IoT, these systems can optimize traffic flow by adjusting signals in real-time and providing data for future planning, reducing delays and emissions.\n\n3. **Policy and Incentive Strategies**: These include congestion pricing, carpooling incentives, and promoting remote work. Urban planning should support these initiatives by developing pedestrian-friendly zones and alternative mobility infrastructures.\n\nOverall, a multi-faceted strategy prioritizing innovative solutions, technology, and effective policymaking is crucial for mitigating congestion and improving urban living."
2026-06-25T10:12:18.012385,individual,reasoning_0,reasoning,Explain why traffic congestion occurs in large cities and propose 3 countermeasures.,4,1,"The revised draft outlines an integrated approach to addressing traffic congestion in large cities, emphasizing clarity and originality. Key areas of focus are the enhancement of public transportation systems through integration, technological innovation, financial incentives, and infrastructure expansion, especially in underserved areas. Intelligent traffic management is proposed with adaptive signal control, dynamic road pricing, and predictive analytics to optimize traffic flow. Promoting eco-friendly transport involves developing infrastructure for non-motorized modes, supporting ride-sharing, and engaging communities in sustainable practices. Successful implementation requires strategic funding, stakeholder collaboration, and cultural acceptance efforts. Including detailed impacts on economic and societal aspects and metrics for success would further strengthen the draft's completeness."
2026-06-25T10:12:38.105476,individual,reasoning_0,reasoning,Explain why traffic congestion occurs in large cities and propose 3 countermeasures.,4,2,"The original draft on traffic congestion, while identifying causes and proposing solutions, lacked fluid transitions and innovative ideas. The rewritten version presents a more coherent argument by clearly delineating the causes and emphasizing their impacts, such as pollution and commuter stress, before moving into potential solutions.\n\nKey causes of traffic congestion highlighted include excessive reliance on personal vehicles, inadequate public transportation, and centralized urban planning. To counter these issues, it is proposed that cities modernize their public transport systems with eco-friendly technologies, like those implemented in Amsterdam, and deploy smart traffic technologies for better flow management, exemplified by Los Angeles’s success with adaptive traffic systems.\n\nDecentralizing urban development is also advocated, encouraging mixed-use neighborhoods and incentivizing businesses to alleviate central traffic density, as seen in Portland’s zoning practices. The conclusion stresses the need for a mix of both traditional and innovative strategies, including electric bikes and congestion pricing, underscoring the importance of a collaborative approach to revitalize urban transit systems sustainably and effectively."
2026-06-25T10:12:53.640121,individual,reasoning_0,reasoning,Explain why traffic congestion occurs in large cities and propose 3 countermeasures.,4,3,"The revised draft identifies traffic congestion in large cities as a multifaceted issue exacerbated by rapid urbanization and outdated infrastructure struggling to meet growing demands. To tackle this, cities should adopt a mix of traditional and innovative strategies:\n\n1. **Enhance Public Transportation** by expanding networks to underserved areas, integrating technologies like digital ticketing and autonomous buses, and creating smart mobility hubs to streamline multimodal transitions.\n\n2. **Implement Adaptive Congestion Pricing** with dynamic models that adjust based on real-time conditions, discouraging peak-time travel and using generated funds to improve transportation infrastructure.\n\n3. **Promote Flexible Work and Sustainable Travel** through telecommuting policies, incentivizing carpooling, and investing in dedicated cycling lanes and pedestrian paths to reduce car dependency for short trips.\n\nTo further relieve congestion, urban planning should align with sustainable transport goals, and public campaigns can bolster community engagement and awareness of shared transport benefits. These strategies aim for resilient urban environments, improving residents' quality of life now and in the future."
2026-06-25T10:13:10.051731,individual,reasoning_0,reasoning,Explain why traffic congestion occurs in large cities and propose 3 countermeasures.,4,4,"The critique highlighted several areas for improvement in the draft on traffic congestion solutions. The initial draft suffered from weak transitions, a lack of detailed explanations, and a limited discussion of common strategies. It failed to explore challenges in implementing these strategies and lacked criteria for evaluating success.\n\nThe revised draft presents traffic congestion as a multi-faceted issue stemming from vehicle overpopulation, infrastructure deficits, inadequate public transport, and flawed urban planning. This results in longer travel times, pollution, and accidents, affecting economic efficiency and quality of life.\n\nTo tackle congestion effectively, the draft outlines three innovative strategies:\n\n1. **Investment in Modern Public Transportation:** Proposes enhancing existing systems and integrating new technologies like autonomous shuttles and electric buses, emphasizing last-mile connectivity through partnerships with ride-sharing services. Exploring cutting-edge innovations such as hyperloop technology is also suggested for cities looking to pioneer in transportation solutions.\n\n2. **Advanced Traffic Management Solutions:** Recommends leveraging technology, including AI-driven traffic lights and real-time data visualization, to streamline traffic flow. It highlights the success of predictive traffic technologies as seen in cities like San Diego.\n\n3. **Proactive Urban Policies and Planning:** Suggests congestion pricing, promoting mixed-use developments, and bolstering bicycling infrastructure, with Copenhagen mentioned as a model. Encouraging flexible working arrangements could help distribute traffic evenly.\n\nThe draft acknowledges potential implementation challenges like public skepticism and high costs, advocating for community engagement and setting clear success indicators, such as reduced travel times and emissions, to assess and adapt strategies. Overall, it argues that a comprehensive and innovative approach can significantly improve urban mobility and quality of life while reducing environmental impacts."
2026-06-25T10:05:43.303669,individual,idea_4,idea,Generate 5 ideas for improving the experience of public transportation.,0,0,"**Critique & Revised Draft Summary:**\n\nThe draft largely maintains clarity but could improve coherence by clearly dividing mixed ideas, like those in ""Enhanced Comfort and Accessibility,"" into distinct segments. The originality of recommendations could be enhanced by incorporating cutting-edge technologies like autonomous vehicles or community-based decision-making. Delving deeper into the implementation challenges and potential solutions, including partnerships, funding, or operational constraints, would improve completeness.\n\n**Revised Content:**\n\nTo boost public transportation use and support sustainable urban growth, consider these innovations:\n\n1. **Real-Time Tracking and AI-Powered Scheduling:**\n   Install GPS and IoT systems for real-time vehicle tracking and app-based updates on arrivals and service disruptions. Use AI to suggest alternative routes and gauge crowd densities.\n   \n2. **Comfort and Accessibility Upgrades:**\n   Enhance comfort with ergonomic seating and climate controls, and improve accessibility with ramps, inclusive signage, and tactile paths. Address these upgrades in separate subsections.\n\n3. **Multimodal Transport Integration:**\n   Develop a seamless system linking buses, trains, and shared vehicles with a uniform payment solution. Partner with bike and e-scooter services for last-mile connectivity.\n\n4. **Eco-Friendly and Community Engagements:**\n   Adopt electric or hydrogen vehicles and encourage public participation in transit design through environmental initiatives and amenities like Wi-Fi stations to build community responsibility.\n\n5. **Enhanced Safety and Security:**\n   Implement surveillance, emergency communication, and AI-driven risk management while educating on transit safety to ensure a secure commuting environment.\n\nThese proposals aim to make public transit more efficient, accessible, and eco-friendly, encouraging wider adoption and supporting urban development."
2026-06-25T10:06:03.552172,individual,idea_4,idea,Generate 5 ideas for improving the experience of public transportation.,0,1,"**Critique of the Draft:**\n\n1. **Clarity and Coherence:** The draft is well-structured, with clear subheadings, but some sections, such as ""Real-Time Information Systems"" and ""Pricing and Payment Flexibility,"" could be more concise to improve readability.\n\n2. **Originality:** While the draft offers solid suggestions, it features commonly discussed ideas like real-time updates and eco-friendly vehicles. Introducing more innovative or unconventional solutions would add distinction.\n\n3. **Completeness:** The draft covers several key areas but could enhance completeness by addressing social and psychological factors, such as engaging customers and reducing public transportation stigma, as well as incorporating a feedback loop to adapt services based on user input.\n\n**Revised Draft:**\n\nTo enhance public transportation and commuter satisfaction, consider the following five strategies:\n\n1. **Real-Time Information Systems:** Implement advanced digital displays and smart mobile apps utilizing IoT and predictive analytics to deliver accurate, personalized updates, simplifying navigation across networks.\n\n2. **Comfort and Accessibility Enhancements:** Focus on ergonomically designed seating, amenities like USB ports and Wi-Fi, and comprehensive accessibility features for inclusivity.\n\n3. **Safety and Security Measures:** Use high-definition cameras and real-time surveillance to ensure safety, supported by robust emergency protocols and staff training.\n\n4. **Eco-Friendly and Aesthetic Initiatives:** Transition to electric or hybrid vehicles and renewable energies, incorporating green spaces and art in transit areas to foster community and sustainability.\n\n5. **Flexible Pricing and Payment Options:** Utilize AI-driven adaptive pricing to encourage off-peak travel and offer inclusive, contactless payment solutions for all users.\n\nCombining technology with user-focused design, improving safety, supporting environmental goals, and fostering community engagement can transform public transportation into a desirable urban mobility choice."
2026-06-25T10:06:23.808809,individual,idea_4,idea,Generate 5 ideas for improving the experience of public transportation.,0,2,"**Critique of the Draft:**\n\n1. **Clarity and Coherence**: The draft's ideas are comprehensive but need a more structured presentation to improve clarity. Linking each idea explicitly to outcomes could enhance understanding. The introduction should be concise and clearly state the draft's intent before elaborating on the ideas.\n\n2. **Originality**: The concepts, while relevant, often mirror existing technologies like digital ticketing. Introducing more innovative ideas that aren't widely used and incorporating future technologies or novel approaches could enhance originality.\n\n3. **Completeness**: The draft touches on key areas but could further explore broader transportation aspects such as safety measures and urban development integration for a more robust proposal.\n\n**Rewritten Draft:**\n\nTo enhance public transportation usability and satisfaction, consider these five innovative ideas:\n\n1. **Unified Real-time Transit Solutions**: Develop a comprehensive app that integrates buses, trains, and subways, offering real-time updates and digital ticketing. An AI-driven tool could suggest personalized travel options.\n\n2. **Inclusive and Accessible Design**: Ensure all infrastructure meets international accessibility standards, with features like ramps and multilingual displays, benefiting diverse passengers, including those with disabilities.\n\n3. **Enhanced Comfort and Convenience**: Optimize interiors with ergonomic seating and add amenities like Wi-Fi and climate control systems for a superior passenger experience.\n\n4. **Pioneering Environmental Practices**: Transition to electric and hybrid vehicles to reduce carbon footprints, use sustainable technologies in stations, and promote eco-friendly commuting through public programs.\n\n5. **Dynamic Community Partnership and Feedback Mechanisms**: Engage communities in transit planning through collaborative initiatives and foster partnerships with local enterprises, enhancing both services and local commerce.\n\nBy integrating digital technology, inclusive design, comfort, sustainability, and community partnerships, these initiatives promise a transformative shift in public transportation, enhancing both efficiency and user satisfaction."
2026-06-25T10:06:43.455367,individual,idea_4,idea,Generate 5 ideas for improving the experience of public transportation.,0,3,"**Critique and Proposed Enhancements for Public Transport Draft:**\n\nThe draft provides a structured discussion on enhancing public transport but presents several areas for improvement:\n\n1. **Clarity and Simplicity:** Ideas are densely packed, which may overwhelm readers. Simplifying the language and using clearer section headings or bullet points can improve comprehension and help distinguish various aspects of each idea.\n\n2. **Innovation:** The concepts lack groundbreaking innovation, with elements like integrated ticketing and real-time information becoming standard. Incorporating more unique or futuristic approaches can boost originality.\n\n3. **Depth and Completeness:** While substantial points are included, the draft could benefit from exploring potential implementation challenges or successful examples. Adding case studies or projections of expected benefits would provide a more comprehensive picture.\n\n**Revised Proposal for Public Transport Enhancements:**\n\n1. **Unified Digital Ticketing and Payment:** Develop a single app for managing all public transport tickets, supporting contactless payments and offering features like advanced booking and auto-renewal, enabling seamless mode transitions.\n\n2. **Improved Accessibility:** Enhance infrastructure with ramps and elevators and designate space for wheelchairs and strollers. Provide visual and audio announcements in multiple languages and use mobile apps to assist navigation and service alerts.\n\n3. **Real-Time Journey Information:** Offer commuters updates via digital displays or apps tracking vehicle locations and projecting arrival times. Utilize predictive analytics for alternative routes and travel delay anticipation.\n\n4. **Comfort and Amenities:** Elevate commuter satisfaction with comfortable seating, Wi-Fi, USB charging, and climate control. Maintain cleanliness and modern facilities, providing areas for work or relaxation on longer routes.\n\n5. **Community Engagement:** Actively seek community input through forums, surveys, and feedback systems. Allow real-time issue reporting and regularly review feedback, sharing improvement plans publicly for collaboration.\n\nThese enhancements aim to create a user-friendly, inclusive, and efficient transport system, meeting today's commuter needs while progressing towards modern urban mobility."
2026-06-25T10:07:03.114490,individual,idea_4,idea,Generate 5 ideas for improving the experience of public transportation.,0,4,"**Critique of the Draft:**\n\n1. **Clarity and Coherence:** The draft is mostly clear but would benefit from more concise descriptions and better grouping of ideas within subsections to avoid complexity.\n\n2. **Originality:** The suggestions are relevant but lack innovation, as many ideas are already implemented elsewhere. New, original concepts could enhance the draft.\n\n3. **Completeness:** While comprehensive, the draft lacks details on execution, like budget and challenges, and fails to address ""sustainability"" mentioned in the introduction.\n\n**Revised Draft:**\n\nEnhancing public transportation is crucial for satisfaction, ridership, and sustainable mobility. The following proposals aim to improve the system:\n\n1. **Smart Ticketing and Connectivity:** Implement universal contactless payments and a comprehensive app for tickets, real-time updates, and feedback.\n\n2. **Comfort and Accessibility:** Design ergonomic spaces and ensure modern accessibility features like tactile pathways and clear communication for all users.\n\n3. **System Optimization:** Use predictive algorithms to adjust schedules and deploy on-demand transit options for varying demands.\n\n4. **Safety and Hygiene:** Install AI-driven security and maintain rigorous sanitation with automated systems to ensure passenger reassurance.\n\n5. **Community and Amenities:** Feature art installations and provide amenities like free Wi-Fi and USB charging to enhance the travel experience.\n\nThese strategies aim to position public transit as a sustainable urban mobility cornerstone, enhancing its appeal and reducing environmental impact."
2026-06-25T10:07:20.618686,individual,idea_4,idea,Generate 5 ideas for improving the experience of public transportation.,1,0,"The critique highlights the draft's need for clearer examples and novel ideas to enhance originality and comprehensive coverage, particularly regarding implementation details like funding and evaluation strategies. The revised draft proposes five innovative strategies to improve public transportation:\n\n1. **Smart Technology Systems:** Employ advanced GPS, IoT, and AI for dynamic route optimization and personalized real-time updates, such as AI-driven traffic management systems that minimize congestion.\n   \n2. **Comfort and Accessibility:** Utilize adaptable seating and climate controls managed via an app, and focus on inclusivity with sensor-activated wheelchair ramps and intuitive signage for visually impaired passengers.\n\n3. **Multimodal Networks:** Create partnerships across various transport modes with a unified interface for planning and payment, and incentivize eco-friendly commuting through a green loyalty program.\n\n4. **Sustainability Programs:** Integrate zero-emission vehicles and solar-powered infrastructure, while engaging communities through workshops and feedback platforms to foster shared sustainability practices.\n\n5. **Safety Strategies:** Deploy AI for predictive crime detection and crisis management tools like instant alerts and gamified safety training in apps for increased engagement.\n\nThese initiatives aim to create a reliable, comfortable, and sustainable transit environment by incorporating cutting-edge technology and community involvement, with pilot programs and feedback loops ensuring continuous refinement and adaptability."
2026-06-25T10:07:37.394163,individual,idea_4,idea,Generate 5 ideas for improving the experience of public transportation.,1,1,"The draft critique highlights a few areas for improvement. While the ideas presented are generally clear, certain sections—like ""Enhanced User Engagement and Community Involvement""—could be more succinct, and some terms, such as ""modular bus stops,"" warrant further clarification for readers unfamiliar with them. Additionally, although the ideas are innovative, some are already in practice in various cities; thus, introducing more groundbreaking concepts could enhance originality. The draft lacks specific examples or case studies to demonstrate the feasibility and success of the suggestions, which would provide a more comprehensive understanding.\n\nTo improve public transportation, the revised draft suggests five strategies:\n\n1. **Unified Transit Platforms:** Create a mobile app integrating various transit options (buses, trains, bikes, etc.) to streamline planning and payment, ensuring a seamless travel experience.\n\n2. **User Engagement Initiatives:** Encourage community involvement in transit decisions and organize local events to boost positive perceptions of public transport.\n\n3. **Flexible Infrastructure Design:** Build adaptable infrastructure, like modular bus stops, to meet changing demands, incorporating user-friendly and aesthetically pleasing elements.\n\n4. **Commuter Loyalty Programs:** Introduce rewards that foster sustainable commuting, collaborating with local businesses for additional lifestyle perks.\n\n5. **Dynamic Feedback Systems:** Use AI and data analytics to continuously gather and act on passenger feedback, keeping services aligned with user needs.\n\nCombining these approaches can make public transportation more efficient and appealing, potentially increasing satisfaction and ridership. Pilot programs in select cities are suggested to test and refine these ideas before broader implementation."
2026-06-25T10:07:58.183772,individual,idea_4,idea,Generate 5 ideas for improving the experience of public transportation.,1,2,"The draft critiqued lacks clarity, coherence, originality, and completeness. To enhance these aspects, the strategies should explicitly connect to form a cohesive vision for public transportation improvements. Currently, the ideas align too closely with existing trends and could be more innovative by highlighting advanced technologies. Additionally, the draft should address how these strategies will be implemented, including potential challenges.\n\nThe rewritten draft aims to reimagine public transportation by integrating technology, accessibility, and community engagement. It proposes a unified digital transit network for real-time updates and seamless ticketing, improved universal accessibility standards, upgraded passenger amenities for enhanced comfort, eco-conscious initiatives such as transitioning to electric fleets, and dynamic community engagement through feedback systems and collaborative forums. These strategies together envision public transportation as a sustainable, user-friendly urban experience that better serves diverse passenger needs."
2026-06-25T10:08:16.718696,individual,idea_4,idea,Generate 5 ideas for improving the experience of public transportation.,1,3,"The revised draft outlines an innovative and community-focused plan to enhance public transportation by simplifying language and presenting a coherent structure. It suggests five strategies: \n\n1. **AI-Enhanced Travel Experience:** Utilize AI for real-time, user-friendly travel alerts and dynamic fare systems to optimize journey efficiency.\n   \n2. **Immersive Augmented Reality (AR) Guides:** Develop AR apps for seamless navigation and enriched travel experience through virtual tours and cultural insights.\n   \n3. **Sustainability-Focused Enhancements:** Introduce greener vehicles, integrate ecological designs, and incentivize eco-friendly commuting with reward systems.\n   \n4. **Community-Centric Transport Hubs:** Transform stations into vibrant community centers featuring local markets and art, with smart design features for energy efficiency.\n   \n5. **Proactive Safety Systems:** Implement AI-driven safety measures and intuitive alert apps to ensure passenger security.\n\nThe approach prioritizes clarity, originality, and inclusivity by expanding on community engagement and tackling implementation challenges, effectively addressing both user experience and environmental sustainability."
2026-06-25T10:08:36.412257,individual,idea_4,idea,Generate 5 ideas for improving the experience of public transportation.,1,4,"The critique highlights that while the draft is organized, it needs more clarity, particularly on how AI will enhance commuting experiences. The ideas are creative but could be further differentiated from existing concepts like multimodal transport platforms. The draft lacks practical details on implementation challenges, which would provide a more holistic perspective. \n\nThe revised draft proposes five key improvements to public transportation:\n\n1. **Comprehensive Smart Mobility Ecosystem:** A mobile app integrating all urban mobility options for seamless travel, developed in partnership with tech firms and local agencies, emphasizing sustainable, multimodal transport.\n\n2. **AI-Powered Personalized Commuting:** Leveraging AI to tailor commuting experiences with data-driven travel suggestions, optimizing routes, departure times, and transport modes to enhance efficiency and sustainability.\n\n3. **Community-Centric Green Transport Hubs:** Eco-friendly transportation hubs featuring solar solutions, community engagement through art and events, fostering energy independence and drawing more users to public transport.\n\n4. **Engaging Interactive Passenger Kiosks:** Digital kiosks at transit stops providing real-time local information and feedback interfaces, promoting sustainable practices and community engagement.\n\n5. **Robust Climate-Resilient Infrastructure:** Adaptive infrastructure using weather-resistant materials and real-time alert systems, ensuring consistent service and reducing greenhouse emissions through reliable public transit.\n\nThese initiatives aim to improve efficiency, user engagement, and sustainability in public transportation, reducing environmental impacts and encouraging wider adoption."
2026-06-25T10:08:56.322188,individual,idea_4,idea,Generate 5 ideas for improving the experience of public transportation.,2,0,"The revised draft proposes five strategies to enhance public transportation by integrating advanced technology, prioritizing comfort, promoting sustainability, and involving community engagement, each with implementation tactics and funding sources:\n\n1. **Real-Time Information Systems:** Utilize GPS and AI for real-time updates, implemented through tech partnerships to create an app for trip planning, funded by public-private partnerships and tech grants. Success is measured by app usage metrics.\n\n2. **Passenger Comfort and Accessibility:** Introduce modular seating, smartphone-controlled climate, and automated ramps, funded by accessibility grants and advertising. Success is gauged by passenger surveys and feature usage.\n\n3. **Multimodal Transportation Hubs:** Develop central hubs with unified payment systems, incentivizing mode usage, funded by local incentives and pilot infrastructure programs. Analyze travel patterns to assess success.\n\n4. **Green Transit Initiatives:** Transition to zero-emission vehicles and solar facilities, funded by environmental grants and carbon offset programs. Track emission reductions and public feedback for evaluation.\n\n5. **Safety and Security Measures:** Implement AI surveillance and apps with safety instructions, funded by federal safety grants. Success evaluated by crime statistics and passenger perceptions.\n\nAligning these improvements with community engagement and ongoing evaluations ensures enhanced efficiency, inclusivity, and sustainability, using metrics like passenger volumes, service punctuality, and satisfaction indices to guide progress."
2026-06-25T10:09:11.115469,individual,idea_4,idea,Generate 5 ideas for improving the experience of public transportation.,2,1,"The revised draft outlines a comprehensive plan to enhance public transportation through innovation, community engagement, and adaptability. It suggests creating an advanced mobile app incorporating unique features like augmented reality wayfinding, crowd density insights, and personalized routes, thereby offering a seamless transit experience. Community involvement is emphasized through multilingual communications and local art integration, aiming to strengthen community identity. Sustainable infrastructure is promoted with energy-producing pavements and intelligent environmental controls. A dynamic rewards system incentivizes eco-friendly commuting habits by offering redeemable points for off-peak travel. Additionally, data-driven enhancements leverage predictive analytics and real-time feedback to optimize service delivery, reducing wait times and enhancing efficiency. By piloting these strategies in diverse urban environments, stakeholders can adapt and refine them to better meet public needs and values, ultimately creating a responsive and sustainable public transportation ecosystem."
2026-06-25T10:09:30.122980,individual,idea_4,idea,Generate 5 ideas for improving the experience of public transportation.,2,2,"The draft aims to improve public transit through interconnected strategies focusing on technology, accessibility, and community engagement. While the ideas are cohesive, explicit links between them could better highlight their collective impact. The draft includes innovative but somewhat generic suggestions, such as IoT implementations, which need unique elements for enhanced originality. Providing concrete examples or case studies would strengthen these proposals.\n\nThe revised draft presents five ideas:\n\n1. **Interactive Smart Transit Hubs**: Use IoT-enabled kiosks for real-time updates and a unified digital platform for route planning and ticketing.\n   \n2. **Inclusive Infrastructure**: Design universally accessible systems with tactile paving, multi-sensory alerts, and digital tools to serve diverse users.\n\n3. **Passenger Comfort Enhancements**: Incorporate ergonomic seating, climate controls, Wi-Fi, charging ports, and hygiene measures with superior air filtration.\n\n4. **Environmental Sustainability**: Deploy zero-emission vehicles with renewable energy support and green architecture in transit facilities.\n\n5. **Community Engagement**: Establish feedback platforms and participatory workshops to reflect commuter needs in service innovation.\n\nThese actions aim to make public transport a model of efficiency, sustainability, and inclusivity, transforming it into a cultural transit revolution."
2026-06-25T10:09:46.902838,individual,idea_4,idea,Generate 5 ideas for improving the experience of public transportation.,2,3,"The revised draft emphasizes transforming public transportation by combining technology with community engagement. It outlines five key proposals:\n\n1. **Unified Smart Transit System**: Establish a comprehensive digital platform offering real-time updates and route optimization through machine learning, alongside dynamic, contactless fare systems for a seamless commuter experience.\n\n2. **Augmented Reality-Based Enhancements**: Use AR to create educational and entertaining travel experiences, turning commutes into cultural journeys with interactive guides and local insights.\n\n3. **Greener Transit Infrastructure**: Transition to electric or hydrogen-powered fleets while integrating sustainable features like solar-powered shelters and green station designs to reduce carbon footprints and enhance aesthetics.\n\n4. **Multifunctional Community Transit Hubs**: Transform stations into community centers with marketplaces and art exhibits, fostering social interaction and economic activity.\n\n5. **Enhanced Safety and Accessibility**: Implement AI-driven safety systems and robust accessibility tools, backed by inclusive staff training, to ensure all commuters feel secure.\n\nThese strategies aim to boost efficiency and inclusivity within public transport, acknowledging the need for ongoing innovation and consideration of implementation challenges."
2026-06-25T10:10:04.333902,individual,idea_4,idea,Generate 5 ideas for improving the experience of public transportation.,2,4,"The draft critique highlights areas needing improvement in clarity, originality, and completeness. It suggests simplifying jargon and distinct articulation of ideas to enhance understanding. The draft's originality can be boosted by integrating local culture and personalizing technology. To achieve completeness, incorporating specific examples or case studies could illustrate practicality, especially in adaptive infrastructure contexts.\n\n**Revised Draft Summary:**\n\nTo elevate public transportation, five innovative strategies are proposed:\n\n1. **MaaS Platform:** Develop an intuitive app integrating various transport modes to streamline planning, booking, and payments. This collaboration with tech and transport entities ensures accessibility and real-time updates for users.\n   \n2. **AI Commuter Assistance:** Leverage AI to provide tailored route suggestions based on commuting habits, enhancing efficiency and sustainability, such as suggesting eco-friendly routes during peak hours.\n\n3. **Community Transit Hubs:** Transform transit hubs into vibrant community centers with green technologies and cultural events, promoting environmental consciousness and local engagement.\n\n4. **Educational Smart Stations:** Install technology at stations to inform and educate users about nearby attractions, history, and sustainability, enhancing the educational and civic value.\n\n5. **Weather-Resilient Infrastructure:** Use advanced materials and smart tech to create infrastructure resilient to extreme weather, ensuring reliable service and instilling public trust in transport systems.\n\nThese strategies collectively aim to create a user-centric, sustainable public transport network that accommodates user needs and fosters increased usage while mitigating environmental impacts."
2026-06-25T10:10:23.376012,individual,idea_4,idea,Generate 5 ideas for improving the experience of public transportation.,3,0,"The draft proposes enhancing public transportation by adopting innovative strategies rooted in technology, user-centric design, and community building. It suggests a Smart Integrated Real-Time Information and Engagement Platform developed with tech partners to provide real-time updates and a personalized travel experience, funded by government grants and data partnerships, with progress monitored via analytics. A User-Centric Redesign emphasizes ergonomic improvements and digital accessibility, seeking funds from federal programs, and measured by user feedback. Transportation Hubs promoting seamless, sustainable travel modes are to be backed by urban development funding, while evaluating through user engagement. Eco-Friendly Initiatives focus on zero-emission fleets and renewable energy, funded through environmental programs with effectiveness gauged by carbon footprint studies. Lastly, Safety and Community Collaboration involves AI security networks and local partnerships, funded by safety grants, with success determined by security metrics and community feedback. The strategies aim to create a holistic, sustainable public transportation experience, informed by data and community needs."
2026-06-25T10:10:40.671958,individual,idea_4,idea,Generate 5 ideas for improving the experience of public transportation.,3,1,"The draft offers innovative ideas to improve public transportation, focusing on enhancing efficiency, inclusivity, and user engagement. However, the critique highlights the need for clearer structure and originality, as some concepts like ""Integrated Smart Transit Hubs"" and ""Adaptive Route Management"" are already in practice. To enhance coherence, an introduction and conclusion summarizing the ideas' collective benefits are suggested. The draft could be improved with specific examples and a discussion of potential challenges. Integrating unique features into these ideas could improve their distinctiveness. Proposed innovations include upgrading transit hubs with community features, AI-enhanced route optimization using real-time data, a customizable commuter platform with gamified features, collaborative design initiatives involving local communities, and an augmented reality navigation app for streamlined transit use. These enhancements aim to make public transportation a preferred choice, emphasizing sustainability and urban mobility."
2026-06-25T10:10:59.420162,individual,idea_4,idea,Generate 5 ideas for improving the experience of public transportation.,3,2,"The critique highlights areas for improvement in clarity, originality, and completeness of the draft. To refine clarity, the draft should better structure innovative ideas, breaking them down for easier comprehension, and ensuring examples directly relate to these concepts. Enhancing originality involves focusing on less common ideas beyond widely recognized ones like modular seating or electric fleets. For completeness, the draft should provide more detailed examples, include data or results, and discuss the potential challenges of implementation to better assess feasibility.\n\nThe revised draft outlines five strategies to transform public transportation by leveraging technology, inclusivity, and community engagement:\n\n1. **Smart Transit Hubs** with IoT and AR systems for real-time updates and navigation aid, exemplified by AR-equipped smart glasses in Tokyo.\n2. **Universal Accessibility** incorporating tactile and auditory enhancements, demonstrated by London’s Elizabeth Line’s advanced systems for inclusive design.\n3. **Customized Passenger Experience** through adaptable seating and integrated amenities like climate controls and connectivity, trialed in Singapore’s MRT.\n4. **Sustainability** via electric and hydrogen-powered vehicles powered by renewables, highlighted by California's solar-powered electric bus initiative.\n5. **Community Engagement** via digital feedback platforms and workshops, enhancing service responsiveness as seen in Barcelona’s transit system.\n\nThese strategies aim to make public transport a model of smart, inclusive, and community-driven urban mobility. Including outcomes and acknowledging implementation challenges would further enhance their practical applicability."
2026-06-25T10:11:18.184751,individual,idea_4,idea,Generate 5 ideas for improving the experience of public transportation.,3,3,"To improve public transportation, a focus on integrating innovative technologies with community-centric design is key. Here's a five-pronged strategy:\n\n1. **Seamless Multi-Modal Integration**: Develop a cutting-edge Mobility-as-a-Service (MaaS) app that unifies public and private transportation, providing real-time travel updates, AI-driven personalized itineraries, and flexible payment options. This will streamline route planning and enhance convenience.\n\n2. **Augmented Reality Transit Spaces**: Incorporate augmented reality in transit areas to create engaging experiences. Features such as local cultural stories or language lessons can turn commutes into opportunities for learning and entertainment.\n\n3. **Eco-Technological Solutions**: Transition to green transit by employing electric, hydrogen, and hybrid vehicles alongside energy-efficient systems like regenerative braking. Urban greening initiatives, such as eco-roofs and vertical gardens, will further promote sustainability.\n\n4. **Community-Driven Transit Hubs**: Transform transit stations into vibrant community centers with pop-up markets, public art, and shared workspaces. These spaces will foster social interaction and encourage community involvement.\n\n5. **Enhanced Safety and Access**: Use AI for safety and crowd management, and improve accessibility with tactile pathways and multi-language services. Inclusive staff training will ensure a safe and comfortable experience for all users.\n\nThese strategies aim to create a reliable, inclusive, and sustainable public transport system, accommodating urban demands while fostering community engagement and environmental stewardship."
2026-06-25T10:11:35.977364,individual,idea_4,idea,Generate 5 ideas for improving the experience of public transportation.,3,4,"The draft for enhancing public transportation presents innovative strategies but requires clarity and coherence improvements. Section headers should be more concise, and the connectivity between ideas must be strengthened for a unified vision. While creative, concepts like the integrated mobility app are common, and the draft could propose more unique approaches or differentiate these ideas from existing ones. The draft would also benefit from specific examples and addressing potential challenges, such as partnership frameworks for app development or safeguarding user privacy in AI travel companions.\n\nThe revised draft delineates five visionary strategies:\n\n1. **Unified Transportation Hub App:** Develop an app integrating various transit modes for seamless commuting, with real-time updates and secure, collaborative data handling.\n   \n2. **AI-Driven Travel Assistant:** Utilize AI to personalize route preferences, manage congestion, and provide eco-friendly travel options, while dynamically responding to disruptions.\n\n3. **Community-Centric Transit Hubs:** Create vibrant hubs as community centers with coworking spaces and sustainable features, fostering local engagement and eco-friendly commuting.\n\n4. **Interactive Learning Stations:** Transform stations into educational spaces with interactive tech and digital content on local culture and sustainability, enhancing passenger engagement.\n\n5. **Weather-Resilient Infrastructure:** Strengthen infrastructure with adaptive technologies and smart materials to improve reliability and safety in adverse weather, boosting public transit confidence.\n\nThese strategies aim to elevate operational efficiency, passenger experience, community interaction, and environmental stewardship in public transit, leading to an inclusive urban mobility future."
2026-06-25T10:11:52.741290,individual,idea_4,idea,Generate 5 ideas for improving the experience of public transportation.,4,0,"The revised draft proposes five innovative strategies to enhance the public transportation experience, focusing on technology, accessibility, sustainability, community engagement, and safety. \n\n1. **Unified Mobility Management System:** Develop a system integrating real-time data across various transport modes to streamline route planning and booking. Funding would come from tech partnerships and smart city projects, with user feedback guiding system improvements.\n\n2. **Inclusive Transit Design:** Redesign transport interiors for comfort and accessibility, incorporating intuitive navigation and digital displays. Funding from infrastructure schemes and private sectors, with ongoing feedback loops and accessibility assessments guiding design enhancements.\n\n3. **Community-Centric Transit Hubs:** Create hubs combining transport with local shops and cultural spaces to boost engagement and sustainable transit practices. Funding through urban renewal investors and local entrepreneurs, with success measured by public transport use and community interaction.\n\n4. **Green Transportation Initiatives:** Transition fleets to renewable energy and develop eco-friendly infrastructures like solar stations. Funding via eco-grants and partnerships with green tech, with continuous monitoring of emissions and energy efficiency.\n\n5. **Proactive Safety and Community Engagement:** Use AI and community volunteers to ensure safety and maintain open channels for feedback. Funding from public safety and private partners, with regular safety reviews and community input maintaining secure environments.\n\nTogether, these ideas aim to make public transport more efficient, accessible, sustainable, and community-focused, addressing current demands and promoting eco-friendly practices."
2026-06-25T10:12:09.672904,individual,idea_4,idea,Generate 5 ideas for improving the experience of public transportation.,4,1,"The draft proposes a transformative approach to enhancing public transportation through a blend of technology, community engagement, and service improvements. Key ideas include: \n\n1. **Transformative Community Hubs**: Renovate transit hubs into vibrant community centers with cafes, coworking spaces, and cultural areas to boost local engagement and make transit waiting more pleasant.\n\n2. **Real-Time Adaptive Routing via AI**: Implement AI-driven systems to optimize routes and schedules in real-time, accommodating traffic changes and rider demand while reducing wait times and emissions.\n\n3. **Commuter Engagement Mobile Platform**: Develop an advanced app offering personalized alerts, loyalty programs, and deals from local businesses to enrich and incentivize public transport use.\n\n4. **Integrated Community Design Initiatives**: Foster community collaboration in transport infrastructure development through workshops and feedback, enhancing alignment with local needs.\n\n5. **Interactive Augmented Reality Navigation**: Utilize AR for seamless navigation, providing visual directions, transport connections, and updates, enhancing commuter experience.\n\nThese strategies aim to make public transit more user-friendly, efficient, and sustainable, increasing its appeal as the preferred urban mobility option. Improvements in clarity, novelty, and implementation detail could further strengthen the proposal."
2026-06-25T10:12:32.779729,individual,idea_4,idea,Generate 5 ideas for improving the experience of public transportation.,4,2,"The draft critiques the proposed public transportation innovations, emphasizing clarity, originality, and completeness. While ideas are well-structured with clear sub-sections, coherence could be improved by standardizing flow across all sections. Notably, newer ideas like energy harvesting and on-demand microtransit stand out for their originality, whereas concepts like enhanced connectivity and journey planning are commonplace worldwide. Suggestions include focusing on unique implementations to enhance originality.\n\nThe revised draft outlines five transformative ideas for public transportation: AI-powered journey optimization, eco-energy transit stations, inclusive transit design engagement, next-gen connected commutes, and dynamic microtransit solutions. These proposals integrate technology, sustainability, and community involvement, drawing inspiration from successful global examples such as Helsinki’s MaaS Global, Stockholm’s use of piezoelectric floors, and Los Angeles’s dynamic transit services. Each innovation is accompanied by challenges, including integration difficulties, high costs, cybersecurity needs, and representation in engagement processes. Successfully addressing these challenges will be crucial for implementing a user-centric, high-efficiency transit network that provides long-term benefits."
2026-06-25T10:12:54.933222,individual,idea_4,idea,Generate 5 ideas for improving the experience of public transportation.,4,3,"The revised draft proposes comprehensive strategies to improve public transportation by leveraging technology, enhancing user experience, and promoting sustainability. Key recommendations include:\n\n1. **Integrated Mobility Platforms**: Introduce an advanced MaaS platform combining public and private transit options, weather data, and personalized preferences, offering real-time updates and unified payments for a seamless travel experience.\n\n2. **Smart Transit Infrastructure**: Employ IoT and AI for self-regulating systems, with AI dynamically adjusting routes and predictive maintenance ensuring vehicle reliability.\n\n3. **Sustainable Transport Initiatives**: Transition to electric and hydrogen vehicles, partner with renewable energy providers, use biofuels in the interim, and create incentives for eco-friendly travel.\n\n4. **Transformative Transit Hubs**: Redesign stations as community-centric spaces with amenities like co-working areas and pop-up markets, ensuring they are welcoming and engaging environments.\n\n5. **Enhanced Accessibility and Safety**: Utilize machine learning for safety alerts, implement sensory technologies for accessibility, and train staff on inclusivity and emergency protocols to create a welcoming environment.\n\nOverall, these strategies aim to create a public transportation system that is efficient, eco-friendly, and inclusive, fostering community involvement and adaptability to future needs."
2026-06-25T10:13:12.639665,individual,idea_4,idea,Generate 5 ideas for improving the experience of public transportation.,4,4,"The revised draft aims to enhance the public transportation experience by integrating innovation, personalization, community engagement, and sustainability into urban transit systems. Key ideas include:\n\n1. **Comprehensive Mobility Platform:** Develop a digital app that unifies diverse transportation modes—buses, trains, bikes, scooters, and ride-shares—into a user-friendly interface. Utilizing AI, it offers real-time updates, seamless ticketing, and eco-friendly route suggestions while adapting to traffic and weather changes.\n\n2. **AI-Driven Personal Travel Assistant:** Introduce an AI assistant that customizes commuting experiences by learning user habits, offering personalized journey plans, service alerts, and eco-friendly suggestions, thereby enhancing convenience and user satisfaction.\n\n3. **Community-Centric Transit Hubs:** Transform transit hubs into vibrant community centers with amenities like coworking spaces and cultural events. Using eco-friendly designs, these hubs become attractive destinations, increasing transit use and community engagement.\n\n4. **Educational and Interactive Station Features:** Convert waiting areas into educational zones with interactive exhibits on local history and sustainability, utilizing augmented reality for enhanced learning, thus strengthening the connection between commuters and their city.\n\n5. **Resilient Infrastructure Upgrades:** Enhance infrastructure with weather-resistant designs and smart technology for monitoring structural health. Incorporate renewable energy for lighting and climate control, ensuring safety and reliability across conditions.\n\nThese strategies aim to create a more integrated, user-friendly, and engaging urban transit experience. While implementation faces technological and infrastructural challenges, the potential benefits are substantial, promising a more sustainable and interconnected urban environment."
2026-06-25T10:05:44.674650,individual,reasoning_2,reasoning,Explain the main causes of climate change and propose realistic mitigation steps.,0,0,"The original draft on climate change details its causes and mitigation strategies but lacks fluid transitions and originality, suggesting improvements with case studies and fresh insights. Greenhouse gases, deforestation, industrial processes, agriculture, and land use changes drive climate change. Mitigation involves renewable energy use, enhanced energy efficiency, forestry management, sustainable agriculture, transportation electrification, effective policies, innovation, and international cooperation. Recommendations include scaling renewables, improving grids, retrofitting buildings, advancing agricultural practices, supporting public transport, and utilizing carbon pricing. Global agreements and technology support are crucial for reducing emissions. Integrating individual actions and innovative perspectives would enhance comprehension and engagement."
2026-06-25T10:06:05.843557,individual,reasoning_2,reasoning,Explain the main causes of climate change and propose realistic mitigation steps.,0,1,"The revised content offers a structured exploration of climate change by outlining its primary causes and necessary mitigation strategies. The major causes are identified as greenhouse gas emissions, deforestation, agricultural and industrial activities, and urbanization, emphasizing their individual contributions to climate change. Mitigation entails shifting to renewable energy, enhancing energy efficiency, and pursuing reforestation and land conservation to bolster carbon sequestration. Sustainable agriculture and transportation reforms are crucial, alongside promoting innovation and behavioral change. Although the draft is clear, it could benefit from improved coherence by integrating more explicit connections between causes and solutions, alongside incorporating unique insights or recent studies to enhance originality. More in-depth explanations of the impacts and quantitative outcomes of proposed strategies would provide a fuller understanding of their potential effectiveness. Ultimately, a balanced global effort encompassing technology, policy, and lifestyle changes is essential for mitigating climate change and fostering a sustainable future."
2026-06-25T10:06:28.457496,individual,reasoning_2,reasoning,Explain the main causes of climate change and propose realistic mitigation steps.,0,2,"The revised draft addresses climate change, focusing on its causes and mitigation strategies. Key causes include greenhouse gas emissions from fossil fuels, deforestation, industrial processes, agricultural practices, land use changes, waste management, and global trade patterns. To combat these, the draft suggests transitioning to renewable energy, enhancing energy efficiency, promoting reforestation, adopting sustainable agriculture, improving waste management, innovating transportation, implementing strict policies, and encouraging community action. Incorporating emerging technologies and successful examples such as Costa Rica's renewable energy success and Sweden’s waste-to-energy program, the draft proposes a comprehensive approach combining technological, legislative, and grassroots solutions to mitigate climate change impacts, advocating for coordinated efforts at all societal levels."
2026-06-25T10:06:59.461343,individual,reasoning_2,reasoning,Explain the main causes of climate change and propose realistic mitigation steps.,0,3,"The revised content critiques the original draft on climate change for lack of clarity by suggesting stronger links between causes and mitigation strategies, and for limited originality, recommending the inclusion of contemporary data and unique insights such as technological advancements and case studies. To enhance completeness, it suggests expanding topics such as carbon capture and covering overlooked causes like ocean acidification. The rewritten draft systematically outlines the main causes of climate change, including greenhouse gas emissions, fossil fuel combustion, deforestation, agricultural practices, industrial processes, and urbanization. It proposes realistic mitigation steps, emphasizing renewable energy transition, enhanced energy efficiency, sustainable agriculture, forest preservation, carbon capture technologies, improved public transit, legislative measures, circular economy practices, awareness campaigns, and international cooperation. The draft stresses a comprehensive, coordinated effort involving governments, industries, and individuals to effectively combat climate change and foster a sustainable future."
2026-06-25T10:07:20.101969,individual,reasoning_2,reasoning,Explain the main causes of climate change and propose realistic mitigation steps.,0,4,"The revised draft identifies a need for improved clarity and originality in discussing climate change causes and mitigation steps. A more organized structure could highlight interconnections between causes, while prioritizing and transitioning the mitigation steps could enhance coherence. To boost originality, including unique insights, examples, and innovative solutions would be beneficial. Although comprehensive, the draft would benefit from exploring the feasibility and effectiveness of proposed mitigation steps in areas like renewable energy transition and international cooperation. \n\nKey points of the revised content include the predominant human-driven causes of climate change, such as greenhouse gas emissions from fossil fuels, deforestation, industrial processes, agriculture, and waste management, alongside minor natural influences. For mitigation, the draft outlines realistic strategies: promoting renewable energy, enhancing energy efficiency, advocating sustainable transportation, protecting forests, fostering sustainable agriculture, improving waste management, implementing carbon pricing, advancing carbon capture technologies, raising public awareness, and strengthening international collaboration. Successful implementation of these initiatives necessitates coordinated efforts across sectors and borders to manage the global impact of climate change."
2026-06-25T10:07:39.680264,individual,reasoning_2,reasoning,Explain the main causes of climate change and propose realistic mitigation steps.,1,0,"The draft effectively outlines climate change's primary causes—greenhouse gas emissions, deforestation, and industrial activities—but requires improved coherence and originality. To enhance clarity, the causes and mitigation sections should be more concise, focusing on seamless transitions between ideas. Introducing new perspectives or recent developments could bolster originality. Furthermore, addressing the long-term benefits of mitigation and the consequences of inaction would create a more complete picture of the urgency involved.\n\nSummary: Climate change, driven by human activities like fossil fuel use and deforestation, necessitates multifaceted mitigation strategies. Key actions include advancing renewable energy, enhancing energy efficiency, sustainable land management, electrifying transportation, implementing effective policies, and fostering global collaboration. Emphasizing innovative technologies and individual behavioral changes also plays a critical role. Comprehensive implementation of these strategies stabilizes the climate and builds resilience, underscoring the importance of connected efforts to prevent severe ecological and socio-economic impacts."
2026-06-25T10:08:02.295975,individual,reasoning_2,reasoning,Explain the main causes of climate change and propose realistic mitigation steps.,1,1,"The revised draft aims to improve clarity, originality, and completeness from the original critique. It outlines the primary causes of climate change, including greenhouse gas emissions, deforestation, unsustainable agricultural practices, industrial activities, and urbanization, providing specific statistics to illustrate their impacts. To mitigate these issues, it suggests transitioning to renewable energy, enhancing energy efficiency, reforesting, promoting sustainable agriculture, reforming urban planning and transportation, and fostering innovation and behavioral change. The draft emphasizes the importance of global collaboration, integrating technological, policy, and behavioral approaches, and leveraging recent advancements like carbon capture technology and policy successes. Emphasizing both established and emerging factors, such as digital technology impacts, it highlights the need for continuous adaptation and proactive strategies to ensure a sustainable future."
2026-06-25T10:08:17.469295,individual,reasoning_2,reasoning,Explain the main causes of climate change and propose realistic mitigation steps.,1,2,"The revised content effectively highlights the urgency of addressing climate change, attributing it to increased greenhouse gases such as CO2, methane, and nitrous oxide, primarily from fossil fuel combustion, deforestation, industrial processes, agriculture, land use changes, waste management, and global trade. Mitigation strategies should mirror these causes, suggesting a transition to renewable energy, enhanced energy efficiency, reforestation, sustainable agriculture, innovative transportation, improved waste management, policy enforcement like carbon pricing, community education, and investment in emerging technologies. The draft urges global collaboration, referring to successful examples like Costa Rica’s renewable energy use and Sweden’s waste-to-energy initiatives, underscoring the need for coordinated action across all societal levels to ensure a sustainable future."
2026-06-25T10:08:35.468482,individual,reasoning_2,reasoning,Explain the main causes of climate change and propose realistic mitigation steps.,1,3,"The critique of the draft highlights areas for improvement in clarity, coherence, originality, and completeness. The draft discusses climate change, focusing on its causes—such as greenhouse gas emissions, deforestation, agricultural practices, industrial processes, urbanization, and ocean acidification—and potential mitigation strategies. However, it suggests incorporating more depth, specificity, and unique perspectives, especially regarding the role of industrial processes and urbanization in climate change, and improving linkage to broader climate discussions. The mitigation section could expand on realistic implementation challenges, addressing economic, political, and social barriers. Suggested improvements include more detailed integration of current examples, technological developments, and innovative policy approaches. Overall, addressing climate change requires coordinated, innovative, and committed actions from policymakers, industries, and societies towards sustainable development and environmental health."
2026-06-25T10:08:53.556972,individual,reasoning_2,reasoning,Explain the main causes of climate change and propose realistic mitigation steps.,1,4,"The revised draft effectively outlines the causes of climate change and associated mitigation strategies, offering a comprehensive view of both domains. However, it could improve its coherence by clearly linking each cause to its respective mitigation step. While the content covers standard topics, incorporating recent case studies or emerging technologies would provide a fresh perspective and relevance to the current global landscape.\n\nThe draft thoroughly lists climate change causes, such as greenhouse gas emissions from fossil fuels, deforestation, industrial activities, agricultural practices, and inadequate waste management, along with less impactful natural processes. To enhance completeness, it could include more specific data on the impacts of proposed actions or address potential challenges and drawbacks of mitigation efforts.\n\nFor mitigation, the draft suggests realistic steps like transitioning to renewable energy, enhancing energy efficiency, promoting sustainable transportation, safeguarding forests, innovating agricultural practices, improving waste management, introducing carbon pricing, developing carbon capture technologies, educating the public, and strengthening global cooperation. These measures should be pursued within a framework of international collaboration, considering diverse socioeconomic contexts to ensure equitable sustainable development. Engaging policymakers, businesses, and civil society will be crucial for enacting meaningful change."
2026-06-25T10:09:10.228746,individual,reasoning_2,reasoning,Explain the main causes of climate change and propose realistic mitigation steps.,2,0,"The draft on climate change effectively addresses its causes and mitigation strategies but requires improved coherence and originality. Key contributors to climate change include fossil fuel combustion, deforestation, industrial activities, and agriculture, each exacerbating greenhouse gas emissions. The document benefits from a clearer narrative linking these causes to their impacts and integrating a robust conclusion emphasizing the importance of action. Enhancements like recent data or innovative examples could boost engagement.\n\nMitigation strategies highlighted include advancing renewable energy, improving energy efficiency, sustainable land management, electrifying transportation, implementing effective policies, fostering global collaboration, emphasizing innovative technologies, and encouraging behavioral changes. Specific industry impacts and successful community initiatives should illustrate these points. The strategy for action must be multidimensional, leveraging international cooperation and grassroots efforts to ensure climate stability, ecosystem protection, and sustainable development, while safeguarding against severe ecological, economic, and socio-political challenges."
2026-06-25T10:09:28.807156,individual,reasoning_2,reasoning,Explain the main causes of climate change and propose realistic mitigation steps.,2,1,"The revised draft offers a comprehensive overview of climate change causes, highlighting greenhouse gas emissions, deforestation, agricultural practices, industrial output, urbanization, and the technological impact. However, it requires a clearer structure connecting these causes to mitigation strategies. Suggestions for improvement include pairing causes with specific mitigation measures for readability. Enhancing originality with unique insights and real-world case studies could boost engagement. The draft lacks depth in areas like technological impact on emissions and economic policies. Expanding on such topics and considering socio-economic implications would provide a holistic view. Key mitigation steps include transitioning to renewable energy, enhancing energy efficiency, reforestation initiatives, sustainable agriculture, urban planning reform, technological advancement, global cooperation, and fostering innovation and behavioral shifts. An integrated approach combining policy, technology, and behavioral change is essential for climate stabilization. The draft emphasizes that concerted efforts from all stakeholders are crucial to achieving significant emissions reductions and securing a sustainable future."
2026-06-25T10:09:47.848459,individual,reasoning_2,reasoning,Explain the main causes of climate change and propose realistic mitigation steps.,2,2,"The draft's critique notes that while generally organized, it lacks explicit connections between causes and solutions of climate change, suggesting that each mitigation step should link directly to the corresponding cause for clarity. It also highlights a need for original perspectives, such as including current examples and recent technological advances, to enhance the document's distinctiveness. The draft is comprehensive but could benefit from deeper explanations, particularly regarding global trade and community education. \n\nThe revised draft addresses climate change's primary causes: fossil fuel combustion, deforestation, industrial processes, agriculture, waste management, and global trade. Mitigation strategies are proposed, directly tied to these causes: transitioning to renewable energy, enhancing energy efficiency, reforestation, adopting sustainable agriculture, improving waste management, developing innovative transportation, enforcing policy measures, fostering community education, and investing in emerging technologies. It underscores the importance of global partnerships, citing examples like Costa Rica's renewable initiatives and Sweden's waste-to-energy systems, as essential in creating a sustainable future."
2026-06-25T10:10:12.339071,individual,reasoning_2,reasoning,Explain the main causes of climate change and propose realistic mitigation steps.,2,3,"The critique of the original draft highlighted key areas for improvement in clarity, originality, and completeness. The revised draft addresses these by clearly linking ocean acidification to human-driven greenhouse gas emissions, providing smooth transitions between bullet points, and enhancing originality through insights on recent climate innovations and leadership. It broadens the discussion on mitigation strategies by providing specific examples and challenges.\n\n**Main Causes of Climate Change:**\nClimate change is driven by human activities increasing greenhouse gases (GHGs) through:\n\n1. **Fossil Fuel Combustion:** The main source of CO2 emissions due to energy needs, demanding a shift from coal, oil, and gas to alternatives.\n2. **Industrial Processes:** Emit methane and nitrous oxide, highlighting the need for cleaner industrial practices.\n3. **Deforestation:** Limits carbon sink capacity, necessitating reforestation efforts.\n4. **Agriculture:** Methane from livestock and nitrous oxide from fertilizers require innovative farming practices.\n5. **Urbanization:** Leads to higher GHG emissions and urban heat, emphasizing city planning and green infrastructure.\n\n**Realistic Mitigation Steps:**\nA multi-faceted approach is vital, combining:\n\n1. **Renewable Energy Transition:** Expand wind, solar, and hydro sources with investments in infrastructure and storage.\n2. **Energy Efficiency:** Enhance standards and technology adoption to reduce consumption.\n3. **Reforestation/Afforestation:** Restore degraded lands with public-private collaborations.\n4. **Sustainable Agriculture:** Foster practices that improve carbon retention and reduce emissions.\n5. **Policy Changes:** Implement carbon pricing and strengthen emission reduction agreements.\n6. **Innovation Technology:** Promote carbon capture and emerging technologies to transform industries.\n7. **Public Engagement:** Increase awareness through education and community involvement.\n8. **Economic and Political Adaptations:** Develop fair policies that accommodate global diversity and foster international support, particularly for developing nations.\n\nA coordinated societal and governmental effort is crucial to effectively combat climate change and ensure sustainable development."
2026-06-25T10:10:36.791830,individual,reasoning_2,reasoning,Explain the main causes of climate change and propose realistic mitigation steps.,2,4,"The revised draft outlines climate change as a result of human activities, primarily due to greenhouse gas emissions from fossil fuel combustion, deforestation, industrial processes, and agricultural practices. It critiques the draft for lacking explicit connections between these causes and mitigation steps, and for not delving into socio-economic dimensions. The draft calls for integrating innovative perspectives and a multi-dimensional approach that combines scientific, technological, and global efforts. Realistic mitigation strategies include transitioning to renewable energy, enhancing energy efficiency, promoting sustainable transportation, safeguarding forests, innovating agricultural practices, improving waste management, and implementing carbon pricing. It emphasizes the need for public education, carbon capture technologies, and enhanced global cooperation. Engaging stakeholders such as governments, industries, and individuals is crucial for effective climate action. Overall, the draft suggests a comprehensive strategy to address climate change through systemic changes and collaborations across sectors to achieve a sustainable future."
2026-06-25T10:10:56.673010,individual,reasoning_2,reasoning,Explain the main causes of climate change and propose realistic mitigation steps.,3,0,"The critique highlights several areas for improvement in the draft on climate change, focusing on clarity, originality, and completeness. The draft is generally clear, but precision in explaining industrial contributions to emissions and smoother transitions between mitigation strategies are needed. Including unique perspectives, like individual responsibilities and emerging technologies, could boost originality. Additionally, the draft lacks a discussion on implementation barriers such as socio-economic and political challenges, and it would benefit from concluding remarks to synthesize strategies and urge action.\n\nThe revised draft identifies key contributors to climate change, such as fossil fuel combustion, deforestation, and industrial activities, and highlights their role in increasing greenhouse gases. It proposes a multi-pronged mitigation approach involving renewable energy transition, energy efficiency, sustainable land management, transportation electrification, robust policies, global collaboration, innovative technologies, and fostering behavioral changes. Addressing economic, political, and public resistance is essential for successful implementation of these strategies. A comprehensive action plan that incorporates these elements ensures climate stabilization and sustainable development, protecting both ecological and socio-economic systems."
2026-06-25T10:11:23.382046,individual,reasoning_2,reasoning,Explain the main causes of climate change and propose realistic mitigation steps.,3,1,"The revised content on climate change tackles the major causes and suggests plausible mitigation strategies, emphasizing the human role in elevating greenhouse gas levels and the disruption of climatic patterns. Key contributors include GHG emissions from fossil fuels, deforestation, agricultural practices, industrial production, and urbanization. The mitigation strategies recommended involve transitioning to renewable energy, enhancing energy efficiency, and implementing sustainable practices such as reforestation, forest conservation, and sustainable agriculture. Urban planning reforms, technological advancements in clean energy, and strengthening global cooperation are highlighted as vital steps. Additionally, fostering behavioral changes through education and incentives is crucial. Successful examples, like Denmark’s renewable energy and Costa Rica’s reforestation efforts, underline the need for an integrated and collaborative approach across all sectors to achieve significant emissions reductions and build a sustainable future. The critique points out areas for improvement, such as clearer organization, incorporating fresh perspectives, and providing detailed examples, suggesting the refinement of sections like ""Technological Impact"" and expansion of coverage on topics like global cooperation and specific mitigation projects."
2026-06-25T10:11:46.213990,individual,reasoning_2,reasoning,Explain the main causes of climate change and propose realistic mitigation steps.,3,2,"The draft on climate change is structured around identifying primary causes and linking them to realistic mitigation strategies, aiming to inspire actionable steps for a sustainable future. However, it requires smoother transitions to improve clarity and coherence, ensuring causes and solutions are directly connected within each section. The inclusion of novel insights through unique case studies or innovative approaches could boost originality, engaging readers with fresh perspectives. The completeness of the draft could be enhanced by discussing potential challenges in implementing these strategies, supported by data or projections, to provide a thorough analysis. \n\n**Revised Draft Summary: Addressing Climate Change through Integrated Solutions**\n\nClimate change largely stems from human activities increasing atmospheric greenhouse gases. The article delineates this relationship, examining both causes and mitigation strategies to encourage sustainable action. Major contributors include fossil fuel combustion, deforestation, industrial processes, agriculture, waste management, and global trade. Each area has specific mitigation strategies: transitioning to renewable energies like Costa Rica, reforestation efforts exemplified by Brazil's Amazon Fund, deploying carbon capture in industries, adopting sustainable agricultural practices, enhancing waste management through recycling, and advancing clean vehicle technologies. Overcoming implementation barriers requires political, technological, and financial strategies, including carbon pricing and green subsidies. Community empowerment and international cooperation, emphasized by the Paris Agreement, are crucial for effective climate action. Integrating causes and solutions fosters a comprehensive understanding of climate change, driving innovation and international collaboration for a sustainable future."
2026-06-25T10:12:03.223763,individual,reasoning_2,reasoning,Explain the main causes of climate change and propose realistic mitigation steps.,3,3,"The revised draft presents a structured overview of climate change, highlighting human-driven GHG emissions from fossil fuel combustion, industrial processes, deforestation, agriculture, and urbanization as primary causes. It emphasizes the need for transition to renewable energy, enhanced energy efficiency, afforestation, and innovative agricultural methods to mitigate climate change. However, the critique points out the need for clearer transitions between points for better coherence and suggests adding case studies or recent advances for originality. Completeness can be improved by detailing the necessity and implementation of measures like CCS. The draft suggests global efforts, such as renewable energy benchmarks, energy efficiency programs, strategic policy frameworks, CCS technology investment, community education, and international cooperation, to foster a sustainable future."
2026-06-25T10:12:21.411111,individual,reasoning_2,reasoning,Explain the main causes of climate change and propose realistic mitigation steps.,3,4,"The revised draft on climate change effectively details its primary causes—such as fossil fuel combustion, deforestation, industrial processes, agricultural practices, and waste management—and proposes comprehensive strategies for mitigation. These strategies include transitioning to renewable energy sectors, enhancing energy efficiency, promoting sustainable transportation, forest conservation, and revolutionizing agricultural practices. It also highlights the importance of advancing waste management, implementing carbon pricing systems, fostering public education, investing in carbon capture and storage technologies, and strengthening global cooperation through agreements like the Paris Accord. While the draft successfully addresses these key areas, it could be enhanced by linking causes more directly to solutions for better coherence, incorporating innovative insights or case studies to add originality, and exploring the role financial markets play in climate mitigation efforts, alongside discussing potential socio-economic impacts of proposed strategies. This comprehensive approach requires harmonious action from governments, industries, and communities to secure a sustainable future."
2026-06-25T10:12:43.299909,individual,reasoning_2,reasoning,Explain the main causes of climate change and propose realistic mitigation steps.,4,0,"The revised draft effectively critiques the original content on climate change, emphasizing the need for enhanced clarity, coherence, originality, and completeness. It suggests structuring mitigation steps into short-term and long-term strategies to improve understanding. The draft identifies key causes of climate change: fossil fuel combustion, deforestation, industrial activities, agriculture, and waste management. It proposes multifaceted mitigation measures, including transitioning to renewable energy, enhancing energy efficiency, promoting sustainable land management, electrifying transportation, implementing stringent emissions policies, and fostering global collaboration. The draft also highlights the importance of investments in emerging technologies and grassroots initiatives for behavioral change. It stresses overcoming implementation barriers by addressing socio-economic and political hurdles, ensuring a fair transition for communities, and integrating climate goals with broader development objectives. Finally, effective climate change response requires a combination of technological, policy, and behavioral strategies, necessitating international cooperation to stabilize the climate and protect ecosystems and economies."
2026-06-25T10:12:59.883740,individual,reasoning_2,reasoning,Explain the main causes of climate change and propose realistic mitigation steps.,4,1,"The draft on climate change outlines its causes and mitigation strategies but needs improvements for clarity and completeness. It lacks smooth transitions between sections, and sometimes assumes rather than explains the links between actions and their impacts. To enhance originality, the draft should include lesser-known facts, innovative ideas, or new technologies related to climate change. It should also address economic and social dimensions by discussing the feasibility of solutions and their social impacts. \n\nThe document describes climate change drivers like fossil fuel combustion, deforestation, agricultural practices, industrial processes, and urbanization, and proposes strategies such as transitioning to renewable energy, enhancing energy efficiency, reforestation, implementing sustainable agriculture, and improving urban planning. Technological innovation, global cooperation, and education for behavioral change are also identified as crucial. Additionally, recognizing the economic and social implications—like supporting renewable energy job markets and ensuring equitable resource access—ensures the solutions are sustainable and inclusive, highlighting success stories from Denmark and Costa Rica. Effective climate action requires broad cooperation and commitment across all societal sectors for a resilient, sustainable future."
2026-06-25T10:13:17.214884,individual,reasoning_2,reasoning,Explain the main causes of climate change and propose realistic mitigation steps.,4,2,"The revised draft on addressing climate change outlines key human activities contributing to increased greenhouse gas emissions, such as fossil fuel combustion, deforestation, industrial activities, agricultural practices, waste management, and transportation. It emphasizes the need for systematic and innovative mitigation strategies directly linked to these causes. Proposed solutions include expanding renewable energy infrastructures, enhancing industrial efficiency, promoting sustainable agriculture, optimizing waste management, and investing in clean transportation. The draft also discusses overcoming implementation barriers through policy incentives, international cooperation, technological advancements, and community engagement, advocating for a comprehensive and collaborative approach to mitigate climate change effectively."
2026-06-25T10:13:33.741641,individual,reasoning_2,reasoning,Explain the main causes of climate change and propose realistic mitigation steps.,4,3,"The revised content emphasizes the need for clarity, originality, and completeness in discussing climate change drivers and mitigation strategies. It identifies greenhouse gas emissions from fossil fuels and agriculture, deforestation, and urbanization as primary causes. Proposed realistic mitigation measures include transitioning to renewable energy as exemplified by Germany's solar initiatives, enhancing energy efficiency across sectors, promoting afforestation, adopting sustainable agricultural practices, and advancing carbon capture technologies. Additionally, it advocates for community engagement and international collaboration through frameworks like the Paris Agreement. By including the challenges of implementing these strategies and showcasing successful case studies, the content aspires to present a comprehensive, forward-thinking perspective on climate action."
2026-06-25T10:13:49.656919,individual,reasoning_2,reasoning,Explain the main causes of climate change and propose realistic mitigation steps.,4,4,"The draft effectively outlines the key drivers of climate change and proposed mitigation strategies but could enhance clarity by simplifying the presentation and improving transitions between sections. Although comprehensive, it lacks unique insights and examples that could differentiate it from standard explanations. Further elaboration on elements like carbon pricing, its challenges, success stories, and the socio-economic impacts of a ""just transition"" would offer a more complete picture.\n\nThe revised draft outlines that climate change is largely driven by human activities such as fossil fuel combustion, deforestation, and inefficient agricultural and waste practices. To mitigate these issues, an integrated approach involving renewable energy transition, enhanced energy efficiency, sustainable transportation, and forest conservation is necessary. Strategies include promoting sustainable agricultural practices, improving waste management, implementing carbon pricing, and advancing public education on climate issues. Investing in carbon capture and storage technologies and fostering strong global cooperation, as seen in frameworks like the Paris Agreement, are also pivotal. The draft emphasizes the importance of addressing socio-economic challenges to ensure a just transition, leveraging financial markets to fund green innovations, and highlights the need for collaborative efforts across sectors to achieve sustainability goals."
2026-06-25T10:05:45.216711,individual,reasoning_4,reasoning,Analyze risks and benefits of using AI chatbots in customer support.,0,0,"The revised draft evaluates the role of AI chatbots in customer support, recognizing their potential to enhance customer interactions and streamline operations. Key benefits include 24/7 availability, cost efficiency, scalability, consistency, data insights, and multilingual capabilities. However, there are risks such as the lack of emotional understanding, difficulty with complex queries, technical issues, security concerns, the necessity for constant updates, and customer preference for human interaction. To optimize chatbot deployment, businesses should integrate human agents for complex inquiries, ensure ongoing AI updates, and maintain strict security protocols. With these strategies, AI chatbots can improve customer service efficiency and satisfaction."
2026-06-25T10:06:07.401020,individual,reasoning_4,reasoning,Analyze risks and benefits of using AI chatbots in customer support.,0,1,"The integration of AI chatbots into customer support is rapidly growing due to their advanced use of machine learning and natural language processing, revolutionizing customer interactions. These chatbots offer significant benefits, such as 24/7 availability, cost efficiency, scalability, consistency, error reduction, data collection, and personalized responses. However, they also present challenges like lack of human empathy, limited problem-solving ability, misunderstandings, security concerns, over-reliance on technology, and the need for continuous maintenance and training.\n\nTo leverage the advantages while mitigating these risks, businesses should adopt strategies such as automating alerts for human takeover during complex interactions, implementing strong data security measures, and combining AI solutions with human interaction for issues requiring personal attention. Regular updates and monitoring can ensure chatbots remain efficient and responsive to new query types. By embracing future AI innovations, companies can further enhance customer support experiences. Incorporating specific examples or case studies of successful chatbot integrations can add depth, while discussing future AI trends may offer original insights into the evolving landscape of chatbot technology."
2026-06-25T10:06:41.684349,individual,reasoning_4,reasoning,Analyze risks and benefits of using AI chatbots in customer support.,0,2,"The revised draft evaluates the integration of AI chatbots in customer support, detailing both advantages and challenges. Benefits include enhanced availability, cost-efficiency, scalability, and standardized responses, providing immediate and consistent service while collecting data for informed decision-making. However, challenges such as lack of personal touch, limitations with complex queries, technical issues, and data privacy concerns persist. Organizations need to reconcile these by using chatbots as supplements rather than replacements for human agents. Including real-world examples and considering future advancements could further enrich the discussion. While AI promises to optimize service delivery, careful implementation and attention to evolving trends are crucial for maximizing its potential."
2026-06-25T10:07:05.016215,individual,reasoning_4,reasoning,Analyze risks and benefits of using AI chatbots in customer support.,0,3,"The revised draft effectively highlights both the benefits and risks of AI chatbots in customer support, emphasizing clarity and coherence. The analysis could be enhanced by explicitly linking these factors to specific business types and customer scenarios, providing practical context. While addressing standard points, the inclusion of real-world examples or case studies would enhance originality and engagement. The draft is comprehensive in discussing the advantages and downsides, yet could benefit from exploring strategies to mitigate identified risks. Additionally, incorporating future trends and developments in AI chatbot technology would offer a more complete perspective, aiding organizations in preparing for potential advancements. Overall, the adoption of AI chatbots promises notable efficiency gains, reduced costs, and scalability but necessitates careful risk management, particularly concerning security, emotional intelligence, and integration challenges. A balanced approach, blending AI and human oversight, could optimize benefits while maintaining service quality. Ongoing evaluation and strategic adaptation will be crucial as technology advances."
2026-06-25T10:07:24.995999,individual,reasoning_4,reasoning,Analyze risks and benefits of using AI chatbots in customer support.,0,4,"The draft provides a structured analysis of AI chatbots in customer support, highlighting both benefits and risks. It effectively categorizes advantages like 24/7 availability, cost efficiency, scalability, consistent responses, data insights, enhanced engagement, and quick response times. However, the conclusion can be strengthened by succinctly summarizing these points and linking them with the outlined risks, which include limited understanding, lack of emotional intelligence, errors, security concerns, over-reliance, downtime, and customer resistance. Offering concrete examples or case studies can enhance originality and pertinence. Furthermore, detailing mitigation strategies, such as integrating human intervention, employing robust security, and refining AI through feedback, would provide actionable solutions to address identified challenges. This balanced approach ensures a seamless, efficient, and secure customer support system."
2026-06-25T10:07:45.491802,individual,reasoning_4,reasoning,Analyze risks and benefits of using AI chatbots in customer support.,1,0,"In the modern digital landscape, AI chatbots are integral to enhancing customer interactions and optimizing business operations. While the original draft effectively highlights their benefits—such as 24/7 availability, cost efficiency, scalability, consistency, multilingual capabilities, and providing data insights—it could improve clarity between sections, originality through specific industry examples, and completeness in addressing risk mitigation strategies.\n\nBenefits include continuous customer support, cost reductions, scalability in handling interactions, minimizing human error, gaining valuable consumer insights, and expanding accessibility. However, risks such as a lack of emotional understanding, difficulties with complex queries, technical vulnerabilities, security concerns, and customer preference for human interaction must be navigated.\n\nTo optimize AI chatbot deployment, businesses should integrate seamless human transitions for complex queries, regularly update and train AI systems for empathetic accuracy, enforce robust security measures, and continuously seek customer feedback for performance refinement. These strategies ensure chatbots augment customer service and strategic positioning in competitive markets while effectively addressing associated challenges."
2026-06-25T10:08:06.445891,individual,reasoning_4,reasoning,Analyze risks and benefits of using AI chatbots in customer support.,1,1,"The draft provides a clear and structured analysis of AI chatbots' benefits, risks, and strategies, though it lacks certain nuances that could enhance originality and depth. Clarity can be improved by explicitly linking strategies to specific risks or benefits, illustrating how each strategy addresses relevant issues. Originality would benefit from incorporating unique perspectives, recent statistics, or specific case studies to enhance credibility. While the foundation is solid, completeness can be bolstered by adding detailed examples and expanded predictions in the ""Future Trends"" section to reflect advancements in AI technology.\n\n**Revised Draft:**\n\nAI chatbots, increasingly integral to customer support, leverage machine learning and natural language processing to improve customer experiences. They offer benefits like constant availability, cost reduction, scalability, uniform responses, data collection, and personalization. However, challenges such as lack of empathy, inadequate problem-solving, communication errors, security risks, dependency on automation, and maintenance needs persist.\n\nEffective implementation strategies include integrating human support, maintaining robust security, adopting blended support models, continuous updates, and learning from successful case studies like Sephora and H&M. Future trends anticipate enhanced emotional intelligence, improved NLP, and integration with emerging technologies, potentially revolutionizing customer interactions.\n\nBy harnessing AI chatbots' strengths and mitigating risks, businesses can enhance customer support, satisfaction, and operational efficiency."
2026-06-25T10:08:20.428865,individual,reasoning_4,reasoning,Analyze risks and benefits of using AI chatbots in customer support.,1,2,"The draft explores the integration of AI chatbots into customer support, highlighting both benefits and challenges. Key advantages include 24/7 availability, cost-efficiency through automation, scalability, consistency in responses, and data-driven insights. However, challenges such as the lack of personal interaction, difficulty in handling complex queries, technical issues, and data privacy concerns must be addressed. To optimize the use of AI chatbots, it's recommended that organizations adopt a hybrid approach, complementing chatbots with human agents for complex queries and ensuring robust maintenance protocols. Incorporating real-world examples and keeping up with advancements in AI, especially in natural language processing, will enhance effectiveness. Overall, a balanced strategy that combines automation with human empathy is vital for maximizing benefits and minimizing risks in customer support systems."
2026-06-25T10:08:42.050855,individual,reasoning_4,reasoning,Analyze risks and benefits of using AI chatbots in customer support.,1,3,"The revised draft analyzes the role of AI chatbots in customer support, highlighting their benefits such as efficiency, cost reduction, scalability, data collection, and consistency. However, it acknowledges risks including lack of emotional intelligence, security concerns, integration challenges, limited problem-solving, and potential negative experiences. To mitigate these risks, it suggests adopting a hybrid model with human agents, regular updates, advanced security measures, clear escalation paths, and feedback mechanisms. Future advancements in AI, such as natural language processing, are expected to enhance personalization and emotional understanding. The draft emphasizes strategic integration, regulatory compliance, and maintaining adaptability to effectively leverage AI chatbots while addressing their challenges."
2026-06-25T10:09:03.147012,individual,reasoning_4,reasoning,Analyze risks and benefits of using AI chatbots in customer support.,1,4,"The integration of AI chatbots into customer support marks a significant shift, offering numerous advantages such as 24/7 availability, cost-efficiency, scalability, consistent responses, data insights, enhanced engagement, and quick response times. However, they also pose risks, including limited understanding of complex queries, lack of empathy, errors in language processing, security vulnerabilities, over-reliance on automation, potential downtime, and customer resistance to non-human interaction. To optimize their use while mitigating risks, businesses can deploy hybrid systems for complex inquiries, implement strong security measures, continuously update systems based on feedback, and utilize adaptive learning for personalized interactions. Balancing these elements ensures AI chatbots enhance customer service through a synergy of human oversight and technological efficiency, meeting diverse consumer needs effectively."
2026-06-25T10:09:21.060561,individual,reasoning_4,reasoning,Analyze risks and benefits of using AI chatbots in customer support.,2,0,"The revised draft enhances the clarity, originality, and completeness of the original analysis by providing direct links between AI chatbot risks and their mitigation strategies, suggesting real-world examples for originality, and expanding on success measurement methods. The draft outlines the transformative benefits of AI chatbots in customer support, such as 24/7 availability, cost efficiency, scalability, consistency, multilingual capabilities, and data insights. Concurrently, it addresses risks including lack of emotional understanding, limitations in handling complex queries, potential technical vulnerabilities, and customer preference for human interaction. To mitigate these risks, it recommends seamless transitions to human agents, continuous system updates, robust security measures, collection of customer feedback, industry-specific customization, and the implementation of success metrics like customer satisfaction scores. By adopting these strategies, businesses can optimize customer support, enhance efficiencies, and secure a competitive edge in the market. Integrating case studies will bolster the analysis by illustrating the real-world impact of AI chatbots."
2026-06-25T10:09:43.978052,individual,reasoning_4,reasoning,Analyze risks and benefits of using AI chatbots in customer support.,2,1,"The draft effectively outlines the advantages and challenges of employing AI chatbots in customer support, emphasizing how these tools revolutionize service efficiency with benefits like 24/7 availability, cost-effectiveness, scalability, consistent service, and data-driven personalization. However, it also highlights significant risks, including a lack of empathy, limited problem-solving capabilities, miscommunication potential, security vulnerabilities, automation dependence, and maintenance demands. For successful implementation, businesses are encouraged to adopt hybrid support models that combine AI with human oversight, enhance security protocols, promote continuous system upgrades, and draw lessons from successful case studies like Sephora and H&M. Future trends indicate a push towards development in emotional intelligence and advanced natural language processing, as well as integrating new technologies to enrich customer interactions. Proper strategic management can mitigate risks and optimize AI chatbots' potential in boosting customer support quality and operational efficiency."
2026-06-25T10:10:07.098086,individual,reasoning_4,reasoning,Analyze risks and benefits of using AI chatbots in customer support.,2,2,"The draft highlights the benefits and challenges of integrating AI chatbots in customer support and suggests optimization strategies. For clarity, the draft should separate benefits from risks with distinct sections and utilize subheadings within the ""Strategies for Optimization"" section. Originality could be improved by discussing unique insights, such as industry-specific applications and emerging AI technologies. Moreover, a complete analysis should include the evolving nature of AI chatbots and address ethical concerns, such as bias in customer interactions.\n\nThe rewritten draft offers a structured overview: \n\n**Benefits of AI Chatbots** include 24/7 availability, cost-efficiency by handling routine inquiries, scalability, consistent and accurate responses, and the provision of data-driven insights for refining business strategies.\n\n**Challenges** involve limited emotional intelligence, handling complex queries, technical limitations, and data privacy/security concerns.\n\n**Strategies for Optimization** recommend a hybrid model combining AI with human agents, staying updated on AI advancements, integrating real-world feedback, addressing ethical and bias issues, and ensuring comprehensive maintenance and testing.\n\nBy strategically combining automation with human empathy, businesses can enhance customer satisfaction and operational efficiencies."
2026-06-25T10:10:27.896633,individual,reasoning_4,reasoning,Analyze risks and benefits of using AI chatbots in customer support.,2,3,"The revised draft evaluates the integration of AI chatbots in customer support, highlighting key benefits such as 24/7 availability, cost reduction, scalability, data collection, and consistency in responses. However, it also addresses challenges, including lack of emotional intelligence, security concerns, integration difficulties, limited problem-solving capabilities, and potential negative user experiences. The document suggests mitigation strategies like adopting a hybrid model of AI and human agents, implementing regular updates, enforcing advanced security measures, establishing clear escalation paths, and gathering customer feedback. Looking ahead, advancements in AI, especially in natural language processing and emotional intelligence, could enhance chatbots' customer interaction, though businesses must remain compliant with evolving regulations and address potential customer resistance to AI interfaces. Balancing these dynamics is crucial for leveraging chatbots' full potential and enhancing customer experience."
2026-06-25T10:10:47.725636,individual,reasoning_4,reasoning,Analyze risks and benefits of using AI chatbots in customer support.,2,4,"The draft effectively outlines the integration of AI chatbots in customer support, highlighting their advantages and challenges. To enhance clarity and coherence, aligning benefits with corresponding risks (e.g., ""24/7 Availability"" vs. ""Potential Downtime"") allows easier juxtaposition and evaluation of pros and cons. While the draft relies on well-known benefits and risks, including examples or case studies could enhance originality and substantiate points. Additionally, exploring emerging trends in AI chatbot technology could offer fresher insights. It comprehensively lists benefits and risks, yet lacks depth in providing actionable recommendations. Expanding this section with specific strategies or examples would make it more practical for businesses.\n\n**Summary of Benefits and Risks:**\n1. **24/7 Availability vs. Potential Downtime:** Chatbots offer constant support, enhancing user satisfaction, but may face technical malfunctions.\n2. **Cost-Efficiency vs. Over-Reliance on Automation:** Automation reduces costs but may lead to fewer human interactions.\n3. **Scalability vs. Complex Query Limitations:** Chatbots handle high volumes efficiently but struggle with detailed inquiries.\n4. **Consistency vs. Lack of Empathy:** Standardized responses ensure uniformity, yet lack human empathy.\n5. **Data Insights vs. Security Issues:** Insights aid decision-making but require robust security to prevent breaches.\n6. **Engagement vs. NLP Errors:** Personalized interactions enhance engagement; however, NLP errors can frustrate users.\n7. **Quick Response vs. Preference for Human Interaction:** Chatbots reduce wait times, although some customers prefer human assurance.\n\n**Practical Recommendations:**\n1. Implement hybrid systems to handle routine queries and escalate complex issues to human agents.\n2. Strengthen security through advanced measures and regular audits.\n3. Regularly update chatbot systems based on analytics and feedback.\n4. Use machine learning for adaptive learning to enhance personalization.\n5. Ensure human oversight for smooth transitions from AI to human support.\n\nBy strategically integrating AI chatbots with human interaction, businesses can enhance service agility and address diverse consumer needs effectively, supported by examples of successful implementations."
2026-06-25T10:11:04.541720,individual,reasoning_4,reasoning,Analyze risks and benefits of using AI chatbots in customer support.,3,0,"The draft on AI chatbots for customer support is clear but can be enhanced with a more cohesive introduction and smoother transitions between benefits and risks. It lacks originality, primarily listing established pros and cons. Adding recent technological advancements or unique applications would enhance the analysis. The draft is incomplete without exploring future trends and providing real-life case studies, which would illustrate points more effectively.\n\nAI chatbots have transformed customer support by enabling instant, 24/7 interactions, reducing costs, and offering scalability through simultaneous query handling. They ensure consistent communication, support multiple languages, and provide data insights into consumer behavior. However, risks include a lack of emotional understanding, difficulty in handling complex queries, technical vulnerabilities, and customer preference for human interaction. Mitigation strategies involve seamless transitions to human agents, regular algorithm updates, robust cybersecurity, and providing clear human interaction options. Chatbots should be tailored for industry-specific needs with the input of domain experts.\n\nThe draft would benefit from aligning strategy with success metrics like customer satisfaction scores and exploring trends to understand AI chatbots' evolving role in customer support. Including case studies—such as a retail company using chatbots for personalized return processes—would provide actionable insights, illustrating how chatbots can enhance efficiency, scalability, engagement, and customer loyalty in a digital landscape."
2026-06-25T10:11:24.535477,individual,reasoning_4,reasoning,Analyze risks and benefits of using AI chatbots in customer support.,3,1,"The integration of AI chatbots in customer support marks a transformative shift in business-client interactions, offering notable benefits and challenges. \n\n**Benefits include 24/7 availability**, reducing operational costs, scalability, consistent service delivery, and data-driven personalization. Chatbots provide round-the-clock support, cut expenses by minimizing the need for human teams, efficiently expand with business growth, ensure uniformity in responses, and leverage data to personalize customer interactions.\n\n**However, risks are also evident**, such as a lack of empathy, limited problem-solving with complex queries, potential miscommunication due to errors in natural language processing, security vulnerabilities, over-dependence that might hinder human skill development, and ongoing maintenance demands.\n\n**Strategic solutions include hybrid models** combining AI and human oversight for seamless issue escalation, as seen with successful implementations by companies like Sephora and H&M. Businesses should prioritize advanced security and regular updates to maintain chatbot efficacy.\n\nLooking towards the future, **advancements in emotional intelligence and natural language processing**, combined with technologies like augmented reality, promise to further enhance chatbot capabilities. By embracing these innovations and maintaining a strategic approach, businesses can effectively manage the challenges of AI chatbot integration, optimizing their operational efficacy and delivering substantial customer value."
2026-06-25T10:11:45.478309,individual,reasoning_4,reasoning,Analyze risks and benefits of using AI chatbots in customer support.,3,2,"The draft on AI chatbots provides a clear analysis of their role in customer support. It highlights key benefits such as 24/7 availability, cost-efficiency, scalability, consistent responses, and data-driven insights. However, it notes potential risks including limited emotional intelligence, difficulty handling complex queries, technical limitations, and data privacy issues. To optimize chatbot use, the draft suggests strategies like integrating hybrid support systems, continuous learning, using real-world feedback, addressing ethical concerns, and regular maintenance. While the draft is comprehensive in discussing fundamental pros and cons, it could enhance originality by exploring less common aspects, such as case studies or future trends. Additionally, the section on emerging technologies feels underdeveloped and could include more industry-specific examples, like chatbots in healthcare and finance. By focusing on mitigating risks through effective strategies, businesses can leverage chatbots to meet and exceed customer expectations, thus remaining competitive."
2026-06-25T10:12:04.855009,individual,reasoning_4,reasoning,Analyze risks and benefits of using AI chatbots in customer support.,3,3,"The revised draft, titled ""Navigating the Promise and Pitfalls of AI Chatbots in Customer Support,"" outlines the transformative role of AI chatbots in customer service and the accompanying opportunities and challenges. It emphasizes that while chatbots offer benefits like 24/7 availability, cost reduction, scalability, data analysis, and service consistency, they also face risks, including a lack of emotional intelligence, security concerns, integration issues, limited problem-solving abilities, and potential user frustration. The text suggests mitigation strategies, such as utilizing a hybrid model with human agents, frequent software updates, robust security protocols, defined escalation procedures, and proactive feedback systems. The future outlook discusses the potential for advancements in AI, particularly in natural language processing and emotional intelligence, to further enhance chatbot capabilities. It stresses the need for businesses to address regulatory concerns and customer objections to ensure a balanced integration of AI, optimizing its benefits and minimizing its risks for superior customer experiences."
2026-06-25T10:12:23.859417,individual,reasoning_4,reasoning,Analyze risks and benefits of using AI chatbots in customer support.,3,4,"The draft analysis of AI chatbots in customer support is structured yet lacks fluidity, often using overly formal language that affects readability. It mostly offers common insights without deeper exploration or unique examples, limiting its originality. The draft omits potential opportunities for chatbots beyond customer support roles, such as integration with CRM systems or advancements like generative AI models.\n\n**Rewritten Draft Summary:**\n\nAI chatbots are increasingly integral to customer support, offering significant benefits such as 24/7 availability, cost efficiency, scalability, consistent service delivery, data-driven insights, interactive engagement, and rapid responses. However, they also entail risks like technical interruptions, diminished human interaction, challenges in handling complex queries, lack of emotional intelligence, data security concerns, misinterpretation errors, and customer preference for human interaction.\n\nTo maximize chatbot potential, a hybrid model blending AI and human support is recommended, alongside robust data protection, regular algorithm updates, dynamic learning capabilities, and effective oversight. Businesses could also benefit from industry case studies, such as those from H&M and Domino’s, to adopt best practices. Through balanced implementation and continuous improvement, chatbots can enhance customer service while managing associated risks efficiently."
2026-06-25T10:12:46.533579,individual,reasoning_4,reasoning,Analyze risks and benefits of using AI chatbots in customer support.,4,0,"### Analyzing the Risks and Benefits of AI Chatbots in Customer Support\n\n#### Introduction\nAI chatbots have fundamentally changed the landscape of customer support, providing continuous contact between businesses and customers with advantages like 24/7 availability and cost efficiency. However, it's crucial to evaluate their implementation, balancing benefits and possible challenges comprehensively.\n\n#### Benefits of AI Chatbots\n\n1. **24/7 Availability**: Chatbots provide immediate responses, cutting down customer wait times and accommodating various time zones.\n2. **Cost-Effective Operations**: They handle routine inquiries, reducing the need for a large customer support workforce.\n3. **Scalability**: Capable of managing simultaneous queries, chatbots allow businesses to maintain service quality during peak times.\n4. **Consistency**: Chatbots provide uniform responses, ensuring accurate information delivery.\n5. **Data Insight**: Interaction data helps businesses refine products and strategies.\n6. **Multilingual Support**: They enable communication across languages, extending reach to global markets.\n\n#### Risks of AI Chatbots\n\n1. **Impersonal Touch**: Lack of emotional intelligence can affect satisfaction in complex situations.\n2. **Handling Complex Queries**: They struggle with nuanced issues that require human intervention.\n3. **Security Concerns**: Vulnerable to cybersecurity threats, posing risks to data privacy.\n4. **Adaptability Challenges**: Some customers prefer human interaction, impacting satisfaction.\n\n#### Mitigation Strategies\n\n- Implement **Human Escalation Protocols** for complex issues.\n- Regularly **Update Algorithms** for improved functionality.\n- Enhance **Security Measures** to maintain data integrity and trust.\n- Provide **Options for Human Interaction** to improve service perception.\n- Customize capabilities based on **Industry Needs** to boost effectiveness.\n\n#### Future Outlook\n\nAI chatbots will continue to evolve with machine learning and natural language processing advancements, enabling more sophisticated interactions. Successful real-world examples, such as retail chatbots improving return processes, highlight the potential to boost customer loyalty and satisfaction. Balancing risks with benefits is crucial for leveraging chatbots to enhance customer support and drive business growth in the digital era."
2026-06-25T10:13:05.914400,individual,reasoning_4,reasoning,Analyze risks and benefits of using AI chatbots in customer support.,4,1,"**Critique of the Draft:**\n\n1. **Clarity and Coherence:**\n   - The draft is largely clear, but the ""Strategic Solutions"" section needs more detail on how specific strategies target each identified risk for better coherence with the challenges. Including concrete examples of companies would improve clarity and illustrate practical implementation.\n\n2. **Originality:**\n   - To enhance originality, the draft could explore under-discussed effects such as impacts on employee morale and evolving customer expectations. Integrating case studies or industry report insights would offer a fresher perspective.\n\n3. **Completeness:**\n   - Although it mentions benefits and risks, the draft doesn't fully address the long-term implications of AI chatbots on the customer support industry. A section on future trends and challenges, along with expert opinions and current data, would enrich the analysis.\n\n**Rewritten Draft:**\n\nThe adoption of AI chatbots in customer support represents a significant shift, bringing numerous benefits and challenges.\n\n### Benefits\n\n1. **24/7 Availability**: AI chatbots provide continuous support, increasing customer satisfaction by ensuring help is always available.\n2. **Cost Efficiency**: Automating routine tasks lowers operational costs and maintains service efficiency.\n3. **Scalability**: AI chatbots can manage increased customer interactions without expanding the workforce.\n4. **Consistency**: Standardized responses enhance brand reliability.\n5. **Data-Driven Personalization**: Chatbots offer personalized service using customer data.\n\n### Risks\n\n1. **Lack of Empathy**: Chatbots may struggle with sensitive issues requiring human empathy.\n2. **Complex Problem-Solving**: They are limited in handling complex queries needing critical thinking.\n3. **Miscommunication**: Inaccurate language processing can frustrate customers.\n4. **Security Concerns**: Handling sensitive data presents cybersecurity risks.\n5. **Over-Dependence**: Reliance on chatbots can hinder human service skills.\n6. **Maintenance and Updates**: Regular updates are necessary but resource-intensive.\n\n### Strategic Solutions\n\n- **Hybrid Models**: Combining AI with human agents helps manage complex issues while ensuring empathetic interaction, as seen with companies like Sephora using escalation protocols.\n- **Advanced Security Protocols**: Cutting-edge security measures minimize data breach risks.\n- **Ongoing Enhancement**: Investing in natural language and emotional intelligence technologies improves chatbots’ interactions.\n\n### Future Outlook\n\nAI chatbots’ potential continues to grow, particularly with advancements in emotional intelligence and integration with emerging technologies like augmented reality. By embracing these innovations, businesses can enhance operations and customer satisfaction while navigating associated risks. Incorporating industry insights and expert opinions will prepare companies for future developments in this dynamic field."
2026-06-25T10:13:20.818122,individual,reasoning_4,reasoning,Analyze risks and benefits of using AI chatbots in customer support.,4,2,"The integration of AI chatbots into customer support offers numerous benefits, including 24/7 availability, cost efficiency, scalability, consistent responses, and valuable data-driven insights, all of which enhance customer satisfaction and streamline operations. However, they also present challenges like limited emotional intelligence, difficulty with complex queries, technical limitations, and data privacy concerns. To optimize their use, businesses should adopt hybrid support systems that combine chatbots and human agents, implement continuous learning systems for performance enhancement, and establish transparent privacy policies. Regular updates are crucial for maintaining effectiveness. Exploring chatbots' industry-specific applications, such as in healthcare for patient triage or in finance for fraud detection, adds depth to their evaluation. Additionally, acknowledging consumer perspectives and addressing common concerns will help businesses leverage chatbots to exceed customer expectations. Preparing for future AI advancements, such as voice recognition integration, ensures ongoing competitiveness and adaptability."
2026-06-25T10:13:43.887537,individual,reasoning_4,reasoning,Analyze risks and benefits of using AI chatbots in customer support.,4,3,"The draft, titled ""Enhancing Customer Support with AI Chatbots: Balancing Opportunities and Challenges,"" effectively outlines the advantages, risks, and mitigation strategies for AI chatbot use in customer support. It highlights benefits such as 24/7 availability, operational efficiency, scalability, and valuable customer insights. However, it also acknowledges challenges like emotional intelligence deficits, data security threats, integration hurdles, and limited problem-solving capacity. The critique suggests that while the draft is structured, it could benefit from smoother transitions and more originality, possibly through case studies or comparisons with traditional methods. Additionally, it calls for a deeper examination of regulatory, ethical considerations, and future technological advancements. Mitigation strategies include hybrid models pairing human agents with bots, continuous updates, enhanced security measures, clear escalation paths, and customer feedback mechanisms. The Future Outlook emphasizes evolving AI capabilities and stresses the importance of regulatory compliance and ethical AI use in maintaining a competitive edge in customer support. Overall, the draft underscores the transformative potential of AI chatbots in enhancing customer experiences when coupled with thoughtful implementation and continuous improvement."
2026-06-25T10:14:01.714449,individual,reasoning_4,reasoning,Analyze risks and benefits of using AI chatbots in customer support.,4,4,"The revised draft offers a thorough analysis of AI chatbots in customer support, highlighting key benefits such as 24/7 availability, cost efficiency, and scalability, while also acknowledging challenges like technical glitches and diminished human interaction. To improve clarity, a more structured introduction could outline the analysis flow, enhancing coherence. Originality can be bolstered by incorporating recent case studies or statistics that reflect real-world applications. While the draft details risks and benefits, it could expand on the recommendations section, suggesting concrete steps for implementing hybrid models and addressing potential challenges. Notably, studying successful examples like H&M and Domino’s can illustrate effective chatbot deployment. Overall, a strategic blend of AI efficiency and human expertise, backed by regular updates and data security measures, can optimize customer support services."
2026-06-25T10:05:45.486595,individual,reasoning_3,reasoning,Compare subscription-based and one-time purchase business models.,0,0,"The critique highlights that while the draft provides clarity on the business models, it could further streamline language and reduce repetition for coherence. Originality could be enhanced by exploring deeper, less obvious challenges and real-world case studies. Completeness is somewhat lacking due to insufficient discussion of evolving trends like hybrid models and external impacts such as technological advancements.\n\nThe rewritten draft outlines a detailed comparison of subscription-based and one-time purchase models, emphasizing their distinct advantages and drawbacks. Subscription models offer predictable revenue, customer loyalty, and upselling opportunities, albeit with risks like churn and pricing complexities. One-time purchases provide immediate revenue and ownership security but face revenue instability and limited engagement opportunities. Decision-making factors include product type, market dynamics, audience preferences, and financial strategy. It suggests that hybrid models, considering current trends and customer expectations, might offer a balanced approach."
2026-06-25T10:06:10.428017,individual,reasoning_3,reasoning,Compare subscription-based and one-time purchase business models.,0,1,"The draft provides a comprehensive comparison of subscription-based and one-time purchase business models, highlighting their distinct impacts on revenue generation and customer engagement. Subscription models offer steady revenue, enhanced customer loyalty, and efficiency in scaling, yet they face challenges like high churn and upfront acquisition costs. In contrast, one-time purchase models provide immediate cash flow and simplified processes but risk inconsistent revenue and limited customer engagement. Strategic considerations suggest aligning model choice with product type and target demographics, with digital products often favoring subscriptions and physical goods more suited to one-time purchases unless supplemented by additional services. The rise of hybrid models, blending subscription benefits with one-time sales, offers a promising avenue to cater to diverse consumer preferences and bolster market strength. Ultimately, aligning the chosen business model with strategic objectives and market positioning is key to long-term success and customer satisfaction."
2026-06-25T10:06:31.629108,individual,reasoning_3,reasoning,Compare subscription-based and one-time purchase business models.,0,2,"The draft’s critique highlights its clear comparison of subscription-based and one-time purchase models but recommends a more structured flow linking benefits and drawbacks to real-world applications. It lacks originality, suggesting enrichment through broader industry examples and emerging trends like subscription fatigue and digital transformation. Completeness is another issue; expanding on hybrid models to incorporate varied industry examples would provide a fuller understanding.\n\nThe revised draft compares the subscription model—offering regular payments and strong customer retention at the risk of high acquisition costs and churn—with the one-time purchase model, which benefits cash flow and reduced commitment but suffers from revenue variability. Strategic considerations include market fit, customer preferences, competition, and operational capabilities. Emerging trends suggest integrating both models can optimize business strategies, allowing companies to adapt to evolving market demands and consumer preferences."
2026-06-25T10:06:52.521470,individual,reasoning_3,reasoning,Compare subscription-based and one-time purchase business models.,0,3,"The revised draft compares subscription-based and one-time purchase business models, highlighting their distinct characteristics, advantages, and challenges. It suggests the need for clarity and coherence by improving the introduction and conclusion to better guide the reader. The original content, while comprehensive, lacks unique insights, real-world examples, and a thorough examination of hybrid models. Enhancing these areas would add depth and creativity to the analysis.\n\n**Subscription-Based Model:**\n- **Advantages:** Predictable revenue, customer retention, scalability, valuable insights, and lower customer entry barriers.\n- **Challenges:** Churn management, high acquisition costs, potential customer fatigue, and need for ongoing investment.\n\n**One-Time Purchase Model:**\n- **Advantages:** Immediate cash flow, no long-term commitment for customers, simplicity, and lower administrative complexity.\n- **Challenges:** Revenue volatility, focus on acquiring new customers, limited engagement post-purchase, and competitive pressure.\n\n**Strategic Considerations:**\nChoosing a model depends on product nature, customer preferences, and market conditions. A hybrid approach could offer flexibility, allowing businesses to cater to diverse customer needs. However, this requires careful management to ensure both models align with long-term business goals. Success demands a strategic approach, informed by market research and understanding customer needs, to maintain a competitive edge."
2026-06-25T10:07:26.911935,individual,reasoning_3,reasoning,Compare subscription-based and one-time purchase business models.,0,4,"The draft provides a clear distinction between subscription-based and one-time purchase business models, emphasizing how each influences company growth, customer engagement, and revenue. To enhance clarity, a comparative table or bullet points could better contrast their similarities and differences. Improved transitions could connect advantages and disadvantages more directly, offering a balanced view. However, the draft lacks unique industry insights or recent examples that could deepen understanding. Including real-world case studies would add originality and depth.\n\nWhile the draft broadly covers model aspects, it overlooks challenges businesses might face with hybrid models, discussed only in the conclusion. Adding historical context or noting technological influences would offer a comprehensive perspective on model evolution and adoption.\n\n---\n\n**Subscription-Based Model:**\n\n- **Definition:** Recurring fees grant access, as seen in SaaS or media streaming (e.g., Netflix).\n- **Advantages:** Offers predictable revenue, deeper customer relationships, upsell opportunities, and scalability.\n- **Disadvantages:** Faces customer churn, initial resistance to ongoing payments, and complex pricing issues.\n\n**One-Time Purchase Model:**\n\n- **Definition:** A single payment secures product ownership, common in retail (e.g., software).\n- **Advantages:** Simple transactions, immediate revenue, avoidance of subscription fatigue, and less commitment.\n- **Disadvantages:** Revenue volatility, lower engagement, high acquisition costs, and limited upsell chances.\n\n**Hybrid Approach:**\n\nCombining both models, a hybrid strategy utilizes each model’s strengths, such as offering core products via one-time purchase while charging subscriptions for premium services. Businesses must align models with their product, market, and strategies, considering customer preferences and industry trends. Exploring hybrid potential pitfalls like managing dual revenue streams would provide a more rounded view."
2026-06-25T10:07:46.543278,individual,reasoning_3,reasoning,Compare subscription-based and one-time purchase business models.,1,0,"The draft compares subscription-based and one-time purchase business models, emphasizing the strategic and operational implications of each. \n\nSubscription models offer predictable revenue and increased customer loyalty, but face challenges like churn risks and complex pricing strategies. Conversely, one-time purchases provide immediate revenue and simplicity in ownership; however, they suffer from revenue fluctuations and limited customer engagement.\n\nBusinesses should consider product suitability, market conditions, consumer demographics, and financial objectives when choosing a model. Emerging trends show a preference for hybrid models, combining elements of both traditional and subscription services, bolstered by AI and big data technologies to refine strategies and meet changing consumer expectations. \n\nUltimately, a comprehensive understanding of market dynamics and strategic goals is crucial for selecting the appropriate model and maintaining competitiveness."
2026-06-25T10:08:02.678759,individual,reasoning_3,reasoning,Compare subscription-based and one-time purchase business models.,1,1,"**Critique of the Draft:**\n\nThe draft is clear overall, though transitions between business model aspects often lack cohesion. Integrating challenges with discussion on revenue and customer engagement can improve flow. While it covers subscription and one-time purchase models well, it lacks fresh insights or innovative applications in new markets. Including unique examples or trends would enhance originality. Further depth on topics like handling churn rates in subscriptions or addressing revenue inconsistencies in one-time purchases is needed. A section on hybrid models with their distinct pros and cons would add completeness.\n\n**Rewritten Draft:**\n\nExploring subscription-based and one-time purchase business models reveals their distinct impacts on revenue, customer engagement, and strategic planning.\n\n**Subscription-Based Models:**\n1. **Revenue and Financial Strategy:** These models provide predictable revenue from recurrent fees, aiding robust financial planning, especially valuable in digital and service industries.\n2. **Customer Engagement and Innovation:** Long-term relationships fostered by subscriptions enhance brand loyalty and allow upsell opportunities, critical for customer lifecycle value. Managing churn through product improvements and satisfaction is crucial.\n3. **Growth and Challenges:** Scalable for digital products, they face challenges like high customer acquisition costs, necessitating strategic marketing and retention efforts.\n\n**One-Time Purchase Models:**\n1. **Revenue and Feedback:** They offer immediate cash post-transaction, crucial for short-term cash flow needs, but with volatile revenue risks. Transactions provide clear success metrics for products.\n2. **Simplicity and Interaction:** Operationally straightforward, focusing on individual sales, but lacking post-purchase engagement unless supplemented with strategic marketing.\n3. **Adaptability and Constraints:** Ideal for physical goods, though they restrict ongoing relations unless combined with ancillary services like subscription-based warranties.\n\n**Strategic Considerations and Hybrid Models:**\nChoosing the right model aligns with a company’s products and customer base. Subscription models suit products needing continuous interaction, while one-time purchases fit physical goods but can be enhanced with subscriptions for competitive advantage.\n\nHybrid models combine subscription predictability with one-time simplicity, catering to diverse preferences and offering a strategic edge in dynamic markets. They enable broader consumer appeal by presenting core products with optional subscriptions, fostering diversified income streams.\n\nUltimately, aligning a business model with company vision and market goals is crucial for growth and customer satisfaction. Evaluating models against trends and consumer expectations supports sustainable business success and market leadership."
2026-06-25T10:08:20.174595,individual,reasoning_3,reasoning,Compare subscription-based and one-time purchase business models.,1,2,"The critique of the draft highlights three main areas for improvement: clarity and coherence, originality, and completeness. To enhance clarity, a more structured approach aligning advantages and challenges with industries suitable for each business model is recommended. Improved transitions between discussing subscription models, one-time purchases, and hybrid models would also improve readability. For originality, the draft should include less common industry examples adopting these models, unique case studies, and fresh insights on emerging trends like evolving consumer preferences. In terms of completeness, a more thorough exploration of hybrid models and strategic considerations for businesses when choosing between models is necessary.\n\nThe revised draft presents a comparison of subscription-based and one-time purchase models, focusing on their distinct advantages, challenges, and industry suitability. It notes that subscription models benefit from predictable revenue streams but face challenges like high customer acquisition costs and subscription fatigue. Industries like SaaS and streaming services have widely adopted this model. Conversely, the one-time purchase model provides immediate cash flow and simplified customer management but introduces revenue variability. It suits industries with long product lifecycles, such as automotive and electronics. Emerging trends see businesses blending these models to leverage benefits from both, exemplified by Adobe's switch to offering Creative Cloud as a subscription service. The draft emphasizes the importance of strategic analysis to align with market conditions and encourages companies to embrace flexibility and innovation to remain competitive in the evolving digital landscape."
2026-06-25T10:08:38.565207,individual,reasoning_3,reasoning,Compare subscription-based and one-time purchase business models.,1,3,"The revised draft of the business model critique outlines a choice between subscription-based and one-time purchase strategies, emphasizing their unique benefits and challenges. Subscription models provide predictable revenue, boost customer retention, and offer scalability but require focused churn management and customer engagement due to high acquisition costs and potential consumer fatigue. Conversely, one-time purchase models provide immediate revenue and operational simplicity, though they pose risks like revenue volatility and limited customer interaction, demanding continuous innovation to stay competitive.\n\nStrategically, the choice hinges on product type, customer preferences, and market conditions. A hybrid model can blend recurring revenue's benefits with the immediate cash flow, but requires careful integration with the business strategy. Successful model implementation relies on market research and an understanding of customer behavior, aiming for competitive differentiation and sustainable growth. Aligning the business model strategically ensures ongoing success in a dynamic market."
2026-06-25T10:09:04.306706,individual,reasoning_3,reasoning,Compare subscription-based and one-time purchase business models.,1,4,"**Comparison of Subscription-Based and One-Time Purchase Business Models**\n\nSelecting an appropriate business model is vital for sustaining growth and accommodating consumer needs. Below is an analysis of subscription-based, one-time purchase, and hybrid models, highlighting their respective advantages and disadvantages, and contextualizing them with modern trends.\n\n---\n\n**Subscription-Based Model:**\n\n- **Overview:** Customers pay periodically (monthly, annually) for access to services or products, common in SaaS and streaming services.\n\n  | Advantages                                          | Disadvantages                                       |\n  |-----------------------------------------------------|-----------------------------------------------------|\n  | Provides a predictable revenue stream aiding stable growth. | Faces risks from customer churn affecting revenue consistency. |\n  | Enhances customer relationships, allowing for upselling.     | Challenges with commitment-averse customers.                |\n  | Scalable with a focus on subscriber growth.           | Complex pricing strategies required for retention.          |\n\n**One-Time Purchase Model:**\n\n- **Overview:** Consumers make a single payment for permanent product ownership, found in retail and traditional software sales.\n\n  | Advantages                                          | Disadvantages                                    |\n  |-----------------------------------------------------|--------------------------------------------------|\n  | Enables straightforward, immediate revenue realization. | Results in revenue unpredictability due to one-off sales.|\n  | Free from subscription fatigue; suitable for infrequent use. | Lesser customer engagement post-purchase.         |\n  | Attracts short-time commitment seekers.               | Greater marketing expenses to attract new buyers. |\n\n**Hybrid Model:**\n\n- **Overview:** Integrates elements from both models, offering products with optional ongoing subscription features.\n\n  | Advantages                                          | Challenges                                           |\n  |-----------------------------------------------------|------------------------------------------------------|\n  | Adaptable to diverse consumer preferences and market conditions. | Managing dual revenue streams requires coordination.         |\n  | Combines initial profit with recurring revenue, strengthening cash flow. | Ensuring smooth transitions for an optimal experience is intensive. |\n\n**Broader Context and Emerging Trends:**\n\nThe shift toward subscription services has been propelled by technological advancements and evolving consumer preferences toward access over ownership. Notably, companies like Adobe have transitioned to cloud-based subscriptions, significantly boosting their recurring revenue. Industries traditionally oriented around ownership are now increasingly adopting service-based models, reshaping strategic approaches.\n\n**Conclusion:**\n\nEach business model offers unique benefits and challenges. The optimal choice hinges on product characteristics, consumer behavior, market dynamics, and strategic objectives. Businesses leveraging these models can diversify revenue streams, adapt fluidly to market changes, and drive sustainable growth."
2026-06-25T10:09:22.025636,individual,reasoning_3,reasoning,Compare subscription-based and one-time purchase business models.,2,0,"The draft provides a structured comparison of subscription-based and one-time purchase business models but could improve clarity by linking each point to strategic actions. Adding case studies or real-world examples would enhance originality and insight. It lacks exploration of consumer psychology and potential drawbacks of hybrid models, which could offer a more complete analysis.\n\nIn the revised content:\n\n**Subscription-Based Model:**\n\n- **Revenue Predictability:** Offers a steady revenue stream, aiding financial planning, as seen with companies such as Netflix.\n  \n- **Customer Loyalty and Engagement:** Encourages loyalty through continuous relationships and data-driven strategies, exemplified by Spotify.\n\n- **Churn and Customer Retention Risks:** Faces churn issues, manageable through strategies like Amazon Prime's exclusive benefits.\n\n- **Complex Pricing Strategies:** Requires delicate pricing balance, as with Adobe Creative Cloud's tiered plans.\n\n**One-Time Purchase Model:**\n\n- **Immediate Revenue Generation:** Provides quick capital, used by electronics retailers during major sales events.\n\n- **Simplicity in Ownership:** Appeals for straightforward purchases, important in industries such as furniture or automotive.\n\n- **Revenue Fluctuations:** Leads to volatility, managed by strategies like extended warranties.\n\n- **Limited Customer Interaction:** Risks reduced engagement, countered by innovative follow-up services.\n\n**Strategic Considerations:**\n\n- **Product Suitability:** Models should fit the need for continuous engagement or standalone use.\n\n- **Market Conditions:** Adaptable models fit industry trends, competitive tactics, and consumer preferences.\n\n- **Consumer Demographics:** Insight into demographics guides decisions between convenience or ownership value.\n\n- **Financial Objectives:** Balancing steady growth against immediate returns is key in sectors like tech or retail.\n\n**Emerging Trends:**\n\nHybrid models, combining subscriptions and one-time purchases, are gaining traction, such as automakers offering premium feature subscriptions with sales. These models leverage AI and big data to enhance personalization and competitiveness. Selecting the right model requires understanding market behavior, strategic goals, and adaptability, ensuring a resilient and customer-centric approach."
2026-06-25T10:09:42.711091,individual,reasoning_3,reasoning,Compare subscription-based and one-time purchase business models.,2,1,"### Critique and Revised Analysis of Business Models\n\n#### Critique of the Draft\n\n1. **Clarity and Coherence:**\n   The draft effectively outlines two business models but needs enhanced clarity, especially separating positives and challenges in subscription models. Smoother transitions between discussing pure models and hybrid suggestions would enhance continuity.\n\n2. **Originality:**\n   The analysis lacks unique insights and contemporary examples. Adding recent case studies or analysis of unforeseen market shifts would strengthen the evaluation.\n\n3. **Completeness:**\n   While outlining model basics, the draft overlooks external economic impacts and technological influences affecting model efficacy, which could provide depth.\n\n#### Revised Analysis\n\n### Comparing Subscription-Based and One-Time Purchase Business Models\n\nUnderstanding subscription-based and one-time purchase models is essential for businesses to align with customer expectations and market dynamics. Each model influences revenue, engagement, and strategy uniquely, presenting distinct advantages and challenges.\n\n#### Subscription-Based Models\n\n1. **Revenue Predictability:**\n   Subscription models offer predictable, recurring revenue vital for strategic planning, exemplified by Netflix's reliance on continuous subscriptions.\n\n2. **Customer Engagement:**\n   Prolonged relationships in subscriptions boost brand loyalty and lifetime value. Models like Amazon Prime benefit but must manage churn through continual product improvements.\n\n3. **Scalability and Challenges:**\n   Easily scalable for digital products, subscription models face high customer acquisition and retention costs, requiring advanced marketing.\n\n#### One-Time Purchase Models\n\n1. **Immediate Revenue:**\n   This model yields instant revenue, addressing cash flow but causing potential volatility without steady sales.\n\n2. **Simplicity and Interaction:**\n   Easier operationally, it focuses on transaction metrics. Post-sale support and loyalty programs can enhance customer relations.\n\n3. **Product Focus:**\n   Favored for tangible goods, businesses can boost interaction through services like warranties to adapt to market needs.\n\n#### Strategic Considerations and Hybrid Models\n\n- **Business Alignment:**\n  Model choice should match product nature, trends, and consumer needs. Subscription suits recurring usage; one-time fits physical goods.\n\n- **Hybrid Approaches:**\n  Hybrid models, like Adobe’s Creative Cloud, combine subscription stability with single purchase flexibility, catering to diverse consumer preferences and broadening income streams.\n\nSelecting a business model must align with strategic goals and market trends, evaluating strengths and limitations alongside industry expectations. These insights help businesses achieve sustained success and leadership amidst evolving economic and technological landscapes."
2026-06-25T10:10:01.780315,individual,reasoning_3,reasoning,Compare subscription-based and one-time purchase business models.,2,2,"The revised draft offers a comprehensive analysis of subscription-based and one-time purchase business models, emphasizing their advantages, challenges, and applicability across different industries. It suggests enhancing the draft's clarity with improved transitions and richer, more original insights by incorporating diverse examples beyond Adobe's transition to a hybrid model. The critique recommends further elaboration on industry-specific challenges and strategic considerations, including technological and economic factors. The draft advises businesses to assess market dynamics, customer preferences, and maintain flexibility when choosing the appropriate model, highlighting hybrid models as a strategic blend to capture broader market opportunities. The conclusion underlines the importance of strategic analysis, flexibility, and foresight in adapting to today's dynamic marketplace."
2026-06-25T10:10:25.470800,individual,reasoning_3,reasoning,Compare subscription-based and one-time purchase business models.,2,3,"**Critique and Revised Draft Summary:**\n\nThe draft effectively compares subscription-based and one-time purchase business models, outlining their advantages and challenges. However, improvements are needed in flow, coherence, and originality. Transitioning between points could enhance readability, and the “Strategic Considerations” section lacks context, potentially confusing readers unfamiliar with hybrid models. Including case studies or company examples would add originality. The draft should also address how technological advancements like AI impact these models, and more detail on customer value propositions is advisable for completeness.\n\n**Revised Business Model Evaluation:**\n\nEvaluating subscription-based and one-time purchase models involves understanding their distinct benefits and challenges to align with a company's objectives.\n\n**Subscription-Based Models:**\n\n**Advantages:**\n- **Predictable Revenue:** Ensures stable financial planning through consistent income.\n- **Customer Retention:** Builds long-term loyalty and engagement.\n- **Scalability:** Facilitates growth with minimal cost increases, benefiting from network effects.\n\n**Challenges:**\n- **Churn Management:** Requires strategies to maintain engagement and value.\n- **High Acquisition Costs:** Demands impactful marketing to attract subscribers.\n- **Consumer Fatigue:** Risk of cancellations due to subscription overload.\n\n**One-Time Purchase Models:**\n\n**Advantages:**\n- **Immediate Revenue:** Quick cash flow, crucial for small businesses.\n- **Simplicity:** Streamlines operations without recurring billing complexities.\n- **Flexibility:** Offers customer autonomy without ongoing commitments.\n\n**Challenges:**\n- **Revenue Volatility:** Unstable cash flow complicates financial predictability.\n- **Limited Interaction:** Fewer touchpoints may hinder repeat sales.\n- **Innovation Needs:** Requires continuous product updates to stay competitive.\n\n**Strategic Considerations:**\nChoosing the right model depends on the product, customer preferences, and market trends. A hybrid approach may balance recurring revenue with immediate cash flow. Understanding customer needs and market dynamics is crucial for successful implementation.\n\n**Path to Success:**\nBusinesses must leverage market research and adapt to technological shifts like AI to differentiate and ensure growth. Tailored value propositions will foster strong customer relationships and support long-term success, aligning strategic goals with operational execution for robust market performance."
2026-06-25T10:10:43.243730,individual,reasoning_3,reasoning,Compare subscription-based and one-time purchase business models.,2,4,"The draft provides a comparative analysis of subscription-based, one-time purchase, and hybrid business models, emphasizing the need for selecting the right model for sustainable growth. \n\n**Clarity and Coherence:** The draft’s transitions between discussing models could be smoother for better readability. The inclusion of the hybrid model lacks focus and may require a distinct section to enhance clarity.\n\n**Originality:** The content lacks unique insights, only offering general information. Including examples of niche industries using these models innovatively could add depth.\n\n**Completeness:** While it gives a broad overview, the draft needs to delve deeper into current challenges and emerging trends affecting each model. Adding specific sector analyses or statistical data would strengthen its substance.\n\nThe revised draft enhances clarity and originality, addressing each model’s advantages and disadvantages. It also spotlights emerging trends, such as technology-driven shifts toward subscription models in sectors like automotive and consumer electronics. Conclusively, choosing the right business model hinges on product type, demographics, and market dynamics, urging businesses to diversify and adapt for growth."
2026-06-25T10:11:13.760743,individual,reasoning_3,reasoning,Compare subscription-based and one-time purchase business models.,3,0,"The revised draft offers a comprehensive comparison of subscription-based and one-time purchase business models, emphasizing strategic implications, consumer appeal, and potential challenges. \n\n**Subscription-Based Model:**\n- Ensures predictable revenue through steady cash flow, exemplified by Netflix.\n- Enhances customer loyalty via continuous engagement, such as Spotify’s personalized playlists.\n- Faces challenges in customer retention, addressed by strategies like Amazon Prime's exclusive benefits.\n- Requires complex pricing strategies that balance value, as seen in Adobe Creative Cloud’s tiers.\n\n**One-Time Purchase Model:**\n- Provides immediate revenue boosts, evident in electronics retailers' Black Friday sales.\n- Appeals through simplicity of ownership, strong in automotive and furniture.\n- Risks inconsistent revenue streams, mitigated by auto dealers’ financing and service packages.\n- Limits post-purchase interaction but maintains brand loyalty through services like AppleCare.\n\n**Strategic Considerations:**\n- Product suitability dictates model choice; subscriptions suit continuous engagement, while one-time sales fit long-term use products.\n- Models must adapt to market trends and demographic preferences, with younger consumers favoring subscriptions for flexibility.\n- Aligning models with financial goals is vital, with subscriptions supporting growth and one-time sales optimizing short-term revenue.\n\n**Emerging Trends:**\nHybrid models, merging both approaches, are emerging. Tesla combines software subscriptions with one-time hardware payments, leveraging AI and big data for personalization and competitive advantage. Selecting the right model requires understanding market dynamics and adapting strategically to maintain customer focus and achieve financial goals. This succinct narrative enhances clarity, originality, and completeness, offering a clearer insight into the discussed business models."
2026-06-25T10:11:29.169793,individual,reasoning_3,reasoning,Compare subscription-based and one-time purchase business models.,3,1,"The draft effectively outlines the benefits and challenges of subscription-based and one-time purchase business models, highlighting their impact on revenue, customer engagement, and strategic direction. However, improvements are needed for clarity, coherence, originality, and completeness. \n\nTo enhance clarity, transitions between sections should be smoother, particularly by connecting the discussion on hybrid models more seamlessly with previous sections. While the draft covers familiar examples of companies like Spotify, Netflix, and Amazon Prime, it lacks originality by not incorporating novel or lesser-known case studies that could provide unique insights.\n\nThe completeness of the analysis would benefit from addressing additional strategic challenges, such as consumer fatigue in subscription models and inventory management in one-time purchase models. Further, while Adobe's hybrid model is mentioned, the discussion should expand on its efficacy across various industries.\n\nIn summary, selecting the right business model requires assessing product offerings, market dynamics, and company objectives. Mastering the choice between subscription, one-time purchase, and hybrid models remains vital for companies aiming for sustainable success amidst technological advancements and evolving consumer behaviors."
2026-06-25T10:11:50.314761,individual,reasoning_3,reasoning,Compare subscription-based and one-time purchase business models.,3,2,"The draft effectively outlines the comparative features, advantages, and challenges of subscription-based and one-time purchase business models but requires improvements in clarity, originality, and completeness. It should present more concise comparisons of the models, aligning their features directly with industry needs to enhance readability. While the draft covers basic aspects, it lacks unique insights and real-world examples that could provide deeper engagement. Including recent trends, case studies, or discussions on evolving consumer behavior and technology would offer a fuller perspective. Additionally, exploring hybrid models more thoroughly could provide a comprehensive view of current and future industry trends. \n\n### Revised Draft\n\nEvaluating subscription-based and one-time purchase business models involves analyzing their unique features, benefits, challenges, and industry applicability:\n\n**Subscription-Based Model**:\n\n*Advantages*:\n- **Recurring Revenue**: Ensures stability and predictability critical for financial planning.\n- **Customer Engagement**: Regular interactions boost lifetime value.\n- **Scalability**: Predictable income allows for efficient resource allocation and growth.\n\n*Challenges*:\n- **Customer Retention**: Continuous value delivery is needed to prevent cancellations.\n- **High Acquisition Costs**: Requires significant investment in persuasive marketing.\n- **Churn Management**: Demands constant innovation to maintain relevance.\n\n*Industry Applicability*: Suited for digital content, SaaS, and continuous service delivery sectors.\n\n**One-Time Purchase Model**:\n\n*Advantages*:\n- **Immediate Cash Flow**: Supports operational and growth capital needs.\n- **Low Customer Commitment**: Attracts customers avoiding ongoing obligations.\n- **Simplified Sales Process**: Transaction-focused, reducing complexity.\n\n*Challenges*:\n- **Revenue Variability**: Sales volume dependence complicates financial planning.\n- **Limited Engagement**: Minimal post-purchase interaction risks brand loyalty.\n- **Inventory Complexity**: Requires efficient logistics and inventory management.\n\n*Industry Applicability*: Prevails in consumer electronics, luxury goods, and traditional retail where ownership is prioritized.\n\n**Strategic Considerations**: Businesses should evaluate market trends, customer preferences, and their offerings when choosing a model. Hybrid models combining both approaches, like Adobe's subscriptions and perpetual licenses, can optimize market reach. A comprehensive model assessment, considering customer behavior and market evolution, is essential for adapting to rapid technological and economic changes, with hybrid strategies offering flexibility and growth potential."
2026-06-25T10:12:13.457843,individual,reasoning_3,reasoning,Compare subscription-based and one-time purchase business models.,3,3,"### Evaluation and Guidance for Business Models\n\nIn assessing subscription-based and one-time purchase business models, clarity, originality, and completeness are key to understanding their strategic alignment with company goals.\n\n### Subscription-Based Models:\n\n**Benefits:** \n- **Predictable Revenue:** These models offer stable income, aiding long-term planning.\n- **Customer Loyalty:** They encourage ongoing relationships, thus increasing lifetime value.\n- **Scalability:** Lower incremental costs allow for rapid growth, boosted by network effects.\n\n**Challenges:**\n- **Retention Issues:** High turnover needs effective retention strategies.\n- **Acquisition Costs:** Significant marketing investment is required for subscriber growth.\n- **Subscription Fatigue:** Consumers may discontinue subscriptions unless consistently valuable.\n\n### One-Time Purchase Models:\n\n**Benefits:** \n- **Immediate Cash Flow:** Quick revenue is crucial for instant financial needs.\n- **Operational Simplicity:** Avoids the complexities of recurring billing.\n- **Consumer Freedom:** Allows one-time payments, appealing to those avoiding commitments.\n\n**Challenges:**\n- **Revenue Variability:** Irregular income complicates financial planning.\n- **Engagement Limits:** Less frequent interactions can weaken customer loyalty.\n- **Innovation Pressure:** Requires constant product updates to maintain market interest.\n\n### Strategic Implications:\n\nChoosing between these involves analyzing product types, consumer preferences, and market dynamics. A hybrid model, offering both subscriptions and standalone products, might provide an advantage.\n\n### Role of Technology and Case Examples:\n\nIllustrations like Netflix’s streaming subscription shift and Apple’s innovative product strategies demonstrate these models' dynamics. Technologies such as AI can further enhance these models by enabling personalized customer experiences and efficient operations.\n\n### Conclusion:\n\nSelecting the right model depends on understanding consumer behavior, conducting thorough market research, and adapting to technological innovations. Businesses can foster strong customer relationships and achieve sustainable growth by adopting a model that aligns with evolving customer expectations and strategic goals."
2026-06-25T10:12:30.572511,individual,reasoning_3,reasoning,Compare subscription-based and one-time purchase business models.,3,4,"The original draft's critique highlighted issues of coherence, originality, and completeness. The analysis lacked seamless transitions and a clear thesis that could effectively tie the discussion together. It relied on well-known examples like Netflix and Spotify without offering unique insights. Moreover, it merely introduced hybrid models without exploring practical implementation strategies and challenges.\n\nThe revised draft provides a more structured and detailed analysis. It contrasts subscription-based and one-time purchase models by outlining their distinct advantages and challenges. The subscription model ensures predictable revenue, customer loyalty, and opportunities for upselling, while facing challenges like customer churn and the need for continuous value addition. Proponents of the one-time purchase model benefit from immediate cash flow and simpler operations but face revenue variability and high acquisition costs. The revised draft highlights innovative applications beyond traditional sectors, such as healthcare and fitness for subscriptions and post-purchase services in consumer electronics. Emerging trends include the hybrid approach, showing flexibility in industry applications.\n\nUltimately, choosing between these models requires contextual consideration of product characteristics, target demographics, and market conditions. Companies should remain adaptable, considering hybrid strategies that leverage both models' strengths while aligning with consumer demands for sustained growth."
2026-06-25T10:12:55.957070,individual,reasoning_3,reasoning,Compare subscription-based and one-time purchase business models.,4,0,"**Comparison of Subscription-Based and One-Time Purchase Business Models**\n\nSelecting the right business model is vital in today's market, with subscription-based and one-time purchase models offering distinct advantages and challenges that significantly influence consumer relationships and revenue streams.\n\n**Subscription-Based Model:**\n\n- **Steady Revenue:** This model provides predictable income, aiding in financial stability, illustrated by Netflix's subscription renewals.\n  \n- **Consumer Loyalty:** Regular interaction fosters loyalty, as seen with Spotify's personalized user engagement.\n  \n- **Retention Challenges:** Keeping subscribers engaged requires continuous value, as Amazon Prime does through unique perks.\n  \n- **Flexible Pricing:** Diverse tiers attract wide audiences, exemplified by Adobe Creative Cloud's varied membership options.\n\n**One-Time Purchase Model:**\n\n- **Revenue Spikes:** These can boost short-term earnings, crucial during peak buying periods, similar to Black Friday for electronics.\n  \n- **Ownership Appeal:** Sectors like automotive value straightforward ownership of durable goods.\n  \n- **Revenue Volatility:** To maintain stability, firms like car dealers offer financing and service packages.\n  \n- **Post-Purchase Engagement:** Maintaining relationships, as Apple does with AppleCare, enhances brand loyalty.\n\n**Strategic Considerations:**\n\n- **Product Alignment:** Subscriptions are suited for regularly updated products, while one-time sales are ideal for durable goods.\n  \n- **Consumer Preferences:** Younger consumers prefer subscription flexibility, whereas older demographics lean towards ownership.\n  \n- **Business Objectives:** Subscriptions support long-term growth goals, while one-time sales target immediate gains.\n\n**Emerging Trends and Hybrid Models:**\n\nHybrid models merge both approaches, blending the benefits of each. Tesla exemplifies this by combining vehicle sales with subscription-based software updates, aligning with technological advancements and diverse consumer needs.\n\nIn conclusion, choosing the right model requires a deep understanding of product nature, market dynamics, and organizational goals. Aligning business strategies with consumer expectations and technological trends enables a customer-centric approach and sustained competitive advantage."
2026-06-25T10:13:14.526615,individual,reasoning_3,reasoning,Compare subscription-based and one-time purchase business models.,4,1,"**Critique of the Draft:**\n\n1. **Clarity and Coherence:**\n   - The draft successfully differentiates between subscription-based and one-time purchase models but could improve coherence by explicitly linking related ideas, such as connecting challenges more directly to previously discussed features or advantages.\n\n2. **Originality:**\n   - While comprehensive, the draft lacks originality in providing new insights or perspectives. Incorporating specific, lesser-known case studies or recent trends could enhance originality and provide fresh information.\n\n3. **Completeness:**\n   - The ""Hybrid Models"" section introduces key concepts but could be expanded with more examples and an exploration of challenges, offering a more balanced analysis.\n\n**Rewritten Draft:**\n\nWhen evaluating subscription-based versus one-time purchase models, understanding their unique characteristics, advantages, and challenges is critical to shaping effective business strategies and influencing consumer behavior.\n\n### Subscription-Based Model\n\n**Features and Advantages:**\n\n1. **Consistent Revenue Stream:** \n   Ensures reliable cash flow, supporting investments and growth.\n\n2. **Enhanced Customer Engagement:** \n   Regular interaction and data collection refine offerings and increase customer lifetime value.\n\n3. **Accessible Market Reach:** \n   Lower initial costs widen the customer base, as seen with Netflix and Spotify.\n\n**Challenges:**\n\n1. **Consumer Fatigue:** \n   Subscription saturation can lead to churn and demands constant innovation.\n\n2. **Reliance on Engagement:** \n   Requires ongoing content enhancement to retain customers.\n\n### One-Time Purchase Model\n\n**Features and Advantages:**\n\n1. **Instant Revenue Generation:** \n   Provides immediate capital, ideal for industries like retail and automotive.\n\n2. **Simplified Transactions:** \n   Appeals to consumers preferring outright ownership.\n\n**Challenges:**\n\n1. **Production Demands:** \n   Inventory and supply chain management can increase operational costs.\n\n2. **Variable Revenue:** \n   Revenue susceptibility to economic shifts complicates planning.\n\n### Hybrid Models\n\nCombining subscription and one-time purchase elements, as with Adobe's shift to subscriptions, offers steady income with supplemental sales.\n\n**Strategic Advantages:**\n\n1. **Increased Consumer Choice:** \n   Accommodates diverse preferences, enhancing revenue streams.\n\n2. **Revenue Stability:** \n   Merges stable subscription income with flexible sales.\n\n**Industry Applications:** \n   Seen in gaming, where core sales are complemented by subscription services, boosting both initial and recurring income.\n\n### Conclusion\n\nSelecting between subscription, one-time, and hybrid models requires assessing market trends, consumer behaviors, and strategic goals. Success hinges on adapting to market changes, continuous innovation, and meeting evolving consumer expectations. Using a mix of models can offer a competitive edge and satisfy diverse demands in today's dynamic marketplace."
2026-06-25T10:13:33.229595,individual,reasoning_3,reasoning,Compare subscription-based and one-time purchase business models.,4,2,"The revised draft effectively contrasts subscription-based and one-time purchase models in today's dynamic marketplace, detailing their advantages, challenges, and industry suitability. The subscription model offers recurring revenue, enhanced customer engagement, and scalability, as exemplified by companies like Netflix and Salesforce. However, it faces challenges with customer retention, high acquisition costs, and churn management. Conversely, the one-time purchase model provides immediate cash flow and minimal customer commitment, as seen with Apple's product releases, but suffers from revenue variability and limited post-purchase engagement. Despite occasional clarity issues and abrupt transitions in the draft, it successfully highlights the strategic considerations businesses face, including the growing trend of hybrid strategies that blend both models to maximize market reach and adaptability. Incorporating lesser-known examples and a deeper discussion of risks such as market saturation and economic downturns could strengthen the content further."
2026-06-25T10:13:52.821861,individual,reasoning_3,reasoning,Compare subscription-based and one-time purchase business models.,4,3,"### Critique of the Draft\n\nThe draft is clear but could benefit from smoother transitions between sections, especially when moving from benefits to challenges within each business model. The content lacks originality, mainly covering standard points. Introducing original analysis, such as emerging trends or future projections, could enhance its depth. Additionally, the draft misses a discussion on global economic factors impacting these models, such as economic cycles and inflation, which would provide a more comprehensive view.\n\n### Revised Draft: Comparing Subscription-Based and One-Time Purchase Business Models\n\nWhen evaluating subscription-based vs. one-time purchase models, it's critical to understand their distinct advantages and challenges within various market and strategic contexts.\n\n**Subscription-Based Models:**\n\n*Benefits:* Subscriptions offer predictable revenue and enhance customer relationships through ongoing interactions, increasing customer lifetime value. They also provide scalability opportunities.\n\n*Challenges:* Retention is crucial to prevent churn, and high acquisition costs can strain early budgets. Consumer subscription fatigue is a growing concern.\n\n**One-Time Purchase Models:**\n\n*Benefits:* Provide immediate cash flow and operational simplicity without managing recurring payments, appealing to those preferring non-recurring commitments.\n\n*Challenges:* Revenue may fluctuate, complicating financial planning; limited engagement can hurt loyalty, and continuous innovation is needed to maintain market interest.\n\n**Strategic Implications:**\n\nSelecting a model involves understanding product characteristics, consumer preferences, and market dynamics. A hybrid approach may offer a competitive advantage.\n\n**Global and Technological Influences:**\n\nCase studies like Netflix and Apple illustrate success factors. AI and data analytics can enhance customer experience and efficiency. Awareness of global economic trends, such as inflation, is vital for assessing model viability.\n\n**Conclusion:**\n\nChoosing the right business model requires insight into consumer behavior, market analysis, and adaptation to technological changes, aligning with customer expectations and strategic goals for sustainable growth."
2026-06-25T10:14:12.440540,individual,reasoning_3,reasoning,Compare subscription-based and one-time purchase business models.,4,4,"The draft critically assesses subscription-based and one-time purchase business models, emphasizing the importance of understanding their distinct advantages and challenges. The subscription model benefits from predictable revenue and customer loyalty but struggles with churn and the need for continuous innovation. Conversely, the one-time purchase model offers immediate cash flow and simplicity but faces revenue instability and limited engagement. The introduction of hybrid models, which blend the strengths of both approaches, adds flexibility, illustrated by tech companies offering products for a one-time fee with subscription-based updates. The draft suggests that businesses should consider these models based on their product types, demographics, and market trends. Enhancing the draft’s originality could involve adding unique case studies or recent market data, while coherence could improve by smoothly integrating hybrid models into the discussion. Overall, businesses must align their strategies with customer expectations and industry shifts to achieve sustainable growth."
2026-06-25T10:05:49.393470,individual,reasoning_1,reasoning,Analyze the trade-offs of remote work vs. in-person work for a software team.,0,0,"**Critique and Revised Draft of Remote and In-Person Work Analysis:**\n\n**Critique:**\n\n1. **Clarity and Coherence:**\n   The draft has a solid structure, dividing trade-offs into clear categories, but lacks an introductory paragraph that contextualizes the increasing prevalence of remote work. Some points, like commuter time, are redundantly listed under multiple headings, reducing coherence. Streamlining these for clarity could improve readability.\n\n2. **Originality:**\n   The draft covers well-known points about remote and in-person work but lacks originality. Incorporating recent research, statistics, or specific company case studies could provide a fresh perspective and support claims.\n\n3. **Completeness:**\n   While the draft is comprehensive, the ""Technological and Infrastructure Considerations"" seem disconnected. Integrating this section with productivity or collaboration could streamline content and address redundancy. The conclusion should offer actionable insights for hybrid model strategies.\n\n**Rewritten Draft:**\n\nRemote and in-person work models bring distinct benefits and challenges, particularly for software teams focused on innovation. This analysis examines productivity, collaboration, team dynamics, work-life balance, and technological infrastructure to inform effective hybrid models.\n\n### Productivity\nRemote work offers flexible scheduling and eliminates commute times, potentially boosting output. However, it demands self-discipline to avoid distractions, and isolation may slow problem-solving. In-person work supports quick feedback and structured routines but introduces commute fatigue and office disruptions.\n\n### Collaboration\nRemote setups foster documented communication and global team diversity but may lack non-verbal cues critical for innovation. In-person teams benefit from richer interactions and creative spontaneity but are limited to synchronous and geographically bound collaboration.\n\n### Team Dynamics and Culture\nBy removing geographic barriers, remote work enhances diversity and autonomy but may lead to isolation and weakened company culture. In-person environments promote interpersonal bonds and vibrant cultures but risk forming cliques and limiting diversity to local hires.\n\n### Work-Life Balance\nRemote work's flexibility allows blending personal and professional life, yet it can blur boundaries, causing overwork. In-person setups offer clear work-life separation but can infringe on personal time due to commute and fixed schedules.\n\n### Technological and Infrastructure Considerations\nRemote work shifts focus from office space to digital tools, requiring robust home setups and cybersecurity. In-person work simplifies IT support but involves substantial office maintenance costs.\n\n### Conclusion\nBalancing remote and in-person work requires a nuanced approach. Hybrid models with intentional remote days and strategic in-person gatherings provide flexibility, sustain innovation, and nurture company culture. Companies should tailor these models to team needs, leverage technology to bridge gaps, and adopt frameworks to enhance productivity and satisfaction, unlocking the full potential of modern software teams."
2026-06-25T10:06:14.195914,individual,reasoning_1,reasoning,Analyze the trade-offs of remote work vs. in-person work for a software team.,0,1,"The draft provides a detailed examination of remote versus in-person work for software teams, suggesting improvements for clarity, originality, and completeness. To enhance clarity, the content could benefit from grouping complementary points systematically and maintaining a consistent format to improve the flow, avoiding random alternation between topics. On originality, while the draft captures well-discussed perspectives, it could be enriched by addressing emerging trends, such as psychological impacts, diversity benefits, and environmental factors. Regarding completeness, a deeper dive into hybrid models is suggested, as this work arrangement is becoming increasingly popular and warrants a dedicated section.\n\nThe revised analysis outlines key dimensions: productivity, collaboration, work-life balance, cost, company culture, and hybrid models, summarizing each's pros and cons for remote and in-person work. Remote work offers flexibility, control over the work environment, and cost savings, yet poses challenges like blurred work-life boundaries and cultural integration difficulties. In-person work promotes structured routines, immediate collaboration, and cultural immersion but introduces commuting burdens and operational costs. Hybrid models are presented as a balanced solution combining the advantages of both remote and in-person setups, enhancing productivity while fostering team cohesion and adaptability. Companies are encouraged to tailor their work models to align with their specific needs and workforce dynamics, aiming for a productive, inclusive environment."
2026-06-25T10:06:43.401307,individual,reasoning_1,reasoning,Analyze the trade-offs of remote work vs. in-person work for a software team.,0,2,"### Critique\n\n1. **Clarity and Coherence:**\n   - While generally clear, the draft lacks transitions, making it disjointed. Adding connective phrases could improve flow, enhancing the comparison between remote and in-person work.\n\n2. **Originality:**\n   - The draft reiterates common arguments about remote vs. in-person work. Including unique insights or recent case studies from software teams could offer a fresh perspective.\n\n3. **Completeness:**\n   - The draft overlooks the hybrid work model, an increasingly prevalent option. A deeper discussion could provide a comprehensive understanding of this third alternative.\n\n### Revised Draft\n\nThe shift towards remote work, particularly in software development, brings both opportunities and challenges. Assessing remote versus in-person work involves examining their impact on productivity, collaboration, communication, work-life balance, cost, and company culture.\n\n### Productivity\n\nRemote work allows for increased productivity due to fewer office distractions and flexible hours, though it risks blurring personal-professional boundaries. In-person work facilitates quick decision-making and collaboration but can suffer from interruptions and commute-related time loss.\n\n### Collaboration and Communication\n\nRemote teams utilize digital tools for asynchronous collaboration, but lack of non-verbal cues can stifle camaraderie. In-person work enables richer interactions but may create information silos.\n\n### Work-Life Balance\n\nRemote work offers flexibility but risks merging work with personal life. In-person work delineates boundaries through physical separation but reduces flexibility.\n\n### Cost\n\nRemote work reduces commuting costs and office overhead but requires investment in home offices and IT infrastructure. In-person work demands significant office space expenses but involves fewer tech investments.\n\n### Company Culture and Morale\n\nRemote work fosters flexibility and inclusivity but challenges cohesive cultural development. In-person environments enhance culture through interactions but may encourage presenteeism.\n\n### The Role of Hybrid Work\n\nThe hybrid model combines remote flexibility and in-person collaboration strengths. Successful implementation requires clear policies, effective communication tools, and strategies accommodating diverse needs.\n\nIn conclusion, choosing between remote, in-person, or hybrid models depends on team goals. A tailored approach can maximize productivity, enhance collaboration, and strengthen company culture."
2026-06-25T10:07:25.337728,individual,reasoning_1,reasoning,Analyze the trade-offs of remote work vs. in-person work for a software team.,0,3,"The draft review identifies issues with clarity, coherence, originality, and completeness. While organized, the draft's wealth of information could overwhelm readers, necessitating clearer headings or transitions to improve narrative flow. It presents conventional pros and cons of remote versus in-person work but would benefit from unique insights, such as remote work's psychological effects on social skills and emerging technology's impact. The discussion lacks depth in areas like innovation, creativity, and trust in remote settings, with hybrid models not thoroughly explored.\n\nThe revised draft compares remote and in-person work for software teams, analyzing productivity, collaboration, work-life balance, costs, recruitment, company culture, and project management. Remote work offers flexibility but can lead to distractions and isolation. In-person work facilitates immediate collaboration but may hamper concentration. Remote work tools support communication yet lack spontaneous interactions found in offices. Remote work enhances work-life balance but risks burnout due to blurred boundaries, while office settings maintain clear work-life separation at the cost of commute time. Cost savings in remote setups may be offset by IT needs, while centralized office resources avoid high maintenance expenses. Remote recruitment broadens talent access but challenges cultural cohesion, whereas in-person work faces geographic constraints but integrates teams smoothly. Remote environments foster diverse cultures yet struggle with unity, whereas offices build strong communities but may lack cultural diversity. Project management in remote teams relies on digital tools for accountability, but innovation may suffer without in-person brainstorming. In-person environments enable intuitive management but risk resistance to change.\n\nHybrid models can merge remote and in-person advantages, offering personalized work experiences to enhance productivity, satisfaction, and engagement. Ultimately, the choice depends on an organization’s goals, with hybrid solutions potentially creating efficient and innovative work environments."
2026-06-25T10:07:52.322597,individual,reasoning_1,reasoning,Analyze the trade-offs of remote work vs. in-person work for a software team.,0,4,"The original draft provides a structured but sometimes unclear comparison of remote versus in-person work for software teams. Improvements could be made through clearer transitions and more integrated contrasts between pros and cons. The critique notes a reliance on familiar insights, suggesting the inclusion of specific examples, recent data, or innovative practices for greater originality. Emerging trends like hybrid models and the impact of remote work on mental health are not thoroughly addressed, affecting completeness.\n\nThe revised draft offers a comprehensive analysis of productivity, communication, work-life balance, team dynamics, and infrastructure in different work settings. Remote work enhances productivity through customizable environments but poses challenges in motivation and collaboration. In-person work supports immediate teamwork but may suffer disruptions. Communication in remote settings relies on digital tools but lacks non-verbal cues, while in-person settings offer dynamic exchanges. Remote work offers flexibility but risks blurred work-life boundaries; in-person work maintains these boundaries but involves commuting stress. Remote work promotes diversity but requires deliberate cultural efforts, whereas in-person work strengthens team identity but can lead to cultural homogeneity. Costs differ, with remote work lowering certain expenses but demanding digital infrastructure, compared to in-person work's higher fixed costs. \n\nThe conclusion suggests hybrid models as a balanced solution, blending the benefits of both work arrangements. A flexible approach considering organizational goals, team preferences, and evolving circumstances is advocated, alongside innovative practices and attention to mental health, to optimize team performance."
2026-06-25T10:08:15.144597,individual,reasoning_1,reasoning,Analyze the trade-offs of remote work vs. in-person work for a software team.,1,0,"The revised draft on remote versus in-person work for software teams provides a comprehensive analysis of the trade-offs involved and suggests that the future of work lies in hybrid models. To enhance clarity and coherence, the draft should better structure transitions and introduce the body topics more explicitly in its introduction. Although it covers common points regarding the pros and cons of remote and in-person work, it lacks novel insights specific to software teams, which can be supplemented with case studies or statistics for greater originality. Additionally, exploring external influences such as legislative changes or economic impacts on hybrid models could improve completeness. The analysis details the impact on productivity, collaboration, team dynamics, work-life balance, and technological infrastructure, highlighting that hybrid models, leveraging technology and flexible policies, can effectively balance the benefits of both remote and in-person settings while fostering team cohesion and innovation."
2026-06-25T10:08:40.183758,individual,reasoning_1,reasoning,Analyze the trade-offs of remote work vs. in-person work for a software team.,1,1,"The draft provides a structured analysis of remote, in-person, and hybrid work models but faces clarity and originality challenges. The ""Dimensions of Analysis"" suffers from repetitive sections, especially concerning collaboration and communication, necessitating clearer differentiation. Originality can be bolstered by including recent case studies that explore unique benefits companies have experienced with different models. The analysis lacks depth in examining hybrid models, crucial for understanding how they might bridge the challenges of remote and in-person work.\n\n**Revised Draft:**\n\n**Introduction:** The shift to remote work has revolutionized software teams, affecting collaboration, productivity, and company culture. Organizations must strategically align work models—remote, in-person, hybrid—with employee expectations to optimize outcomes.\n\n**Dimensions of Analysis:**\n\n1. **Productivity and Efficiency:**\n   - *Remote Work:* Flexibility enhances productivity but may cause distractions without direct supervision.\n   - *In-Person Work:* A structured environment promotes task focus and routine efficiency.\n\n2. **Collaboration and Communication:**\n   - *Remote Work:* Digital tools facilitate connectivity but miss face-to-face nuances, increasing misinterpretations.\n   - *In-Person Work:* Fosters immediate feedback and collaborative creativity through physical presence.\n\n3. **Work-Life Balance:**\n   - *Remote Work:* Offers autonomy but risks blurring boundaries, leading to burnout.\n   - *In-Person Work:* Maintains boundary clarity, yet limits personal flexibility.\n\n4. **Cost Implications:**\n   - *Remote Work:* Lowers operational and commuting costs but requires investment in infrastructure.\n   - *In-Person Work:* Higher costs from real estate and commuting place financial burdens on both sides.\n\n5. **Company Culture and Employee Engagement:**\n   - *Remote Work:* Supports diversity and environmental goals but may weaken team spirit.\n   - *In-Person Work:* Enhances cohesion but challenges diversity and sustainability due to commuting.\n\n6. **Hybrid Models:** Blend remote autonomy with in-person synergy, offering a balanced response to evolving business needs.\n\n**Emerging Trends and Strategic Considerations:**\n- Case studies of hybrid success illustrate innovative approaches to model integration.\n- Emphasize mental well-being and sustainability across models.\n- Enhance diversity through remote's virtual reach.\n\n**Conclusion:** Each model presents distinct benefits and challenges. Remote work is flexible and cost-effective, while in-person fosters structured collaboration. Hybrid models aim to leverage these benefits, urging organizations to tailor work policies to internal needs and external trends for a sustainable, engaging workplace."
2026-06-25T10:09:01.580287,individual,reasoning_1,reasoning,Analyze the trade-offs of remote work vs. in-person work for a software team.,1,2,"The draft articulates a comparative analysis of remote versus in-person work for software teams, highlighting their distinct advantages and challenges across several areas: productivity, collaboration, work-life balance, costs, and company culture. \n\n**Clarity and Coherence:** While generally clear, coherence could improve with structured headings and further elaboration in sections like ""Company Culture and Morale,"" which appears underdeveloped.\n\n**Originality:** The draft discusses common points without offering innovative insights. To enhance originality, it could incorporate recent software industry trends, technological advancements, or real-world cases that provide substantiated analysis.\n\n**Completeness:** Though comprehensive, it lacks discussion on the long-term implications, like career progression and employee retention, of work models. The hybrid model section is brief and should detail effective implementation strategies.\n\n**Rewritten Highlights:** \n- **Productivity:** Remote work allows for flexible, optimized schedules but risks burnout, while in-person work promotes quick, spontaneous collaboration but can suffer from distractions and commutes.\n- **Collaboration & Communication:** Remote work relies on digital platforms but may miss non-verbal cues, while in-person work enriches interaction yet risks information silos.\n- **Work-Life Balance:** Remote work offers flexibility but demands self-imposed boundaries, whereas in-person work provides clear separation but may conflict with personal duties.\n- **Cost:** Remote work reduces overhead but requires upfront investments, while in-person entails ongoing expenses of a centralized infrastructure.\n- **Company Culture & Morale:** Remote models attract diverse talent but struggle with virtual cohesion, whereas in-person setups reinforce corporate values but risk presenteeism.\n- **Hybrid Model:** Offers a balanced approach, merging remote and in-person benefits through clear policies and digital platforms.\n  \n**Conclusion:** Choosing between remote, in-person, or hybrid models should align with organizational objectives and employee preferences, emphasizing flexibility and adaptation to evolving environments and technologies."
2026-06-25T10:09:23.045672,individual,reasoning_1,reasoning,Analyze the trade-offs of remote work vs. in-person work for a software team.,1,3,"The revised draft provides a comprehensive analysis of remote and in-person work models for software teams, focusing on productivity, collaboration, work-life balance, costs, talent recruitment, company culture, innovation, and project management. It emphasizes the advantages and challenges of each model, such as remote work's flexibility and potential distractions, in-person work's structured environment and possible interruptions, and the benefits of hybrid models that combine these elements. The draft also highlights recent trends, like advancements in virtual reality and digital tools, suggesting companies experiment with different models to align with their goals and leverage emerging technologies for innovation and effectiveness."
2026-06-25T10:09:46.645887,individual,reasoning_1,reasoning,Analyze the trade-offs of remote work vs. in-person work for a software team.,1,4,"The draft effectively compares remote and in-person work for software teams, highlighting key areas such as productivity, communication, work-life balance, team dynamics, and infrastructure. However, it could improve by providing deeper insights and examples, particularly in areas like team dynamics, cybersecurity, and the impact on career growth.\n\n**Productivity**: Remote work boosts productivity through personalized environments but requires self-discipline and can hinder collaboration. In-person work enhances teamwork but may decrease individual focus. Solutions include structured remote check-ins and 'quiet hours' for in-person teams.\n\n**Communication**: Remote teams depend on digital tools, risking loss of non-verbal cues, which can be mitigated by platforms like virtual whiteboards. In-person settings enhance dynamic exchanges but digital platforms still offer valuable documentation and asynchronous collaboration.\n\n**Work-Life Balance**: Remote work offers flexibility but risks blurring personal-professional boundaries. Strategies like setting time limits and designated workspaces help. In-person work reinforces boundaries via fixed hours but adds commuting stress.\n\n**Team Dynamics**: Remote models expand talent and diversity but require innovative culture-building efforts. In-person teams naturally build culture but may limit diversity due to geographic constraints.\n\n**Infrastructure and Costs**: Remote work reduces office costs but demands robust digital infrastructure, while in-person setups are costlier but logistically simpler. Balancing these is key to resource allocation.\n\n**Hybrid Models**: Blending remote and in-person work can mitigate drawbacks, with companies tailoring hybrids to business goals and team preferences. Emerging strategies include prioritizing mental health and advanced communication technologies for optimized team performance.\n\n**Additional Considerations**: Companies should also assess impacts on career growth, retention, and sustainability, using green initiatives and development opportunities as differentiators in the job market, fostering both successful and responsible work environments."
2026-06-25T10:10:13.498802,individual,reasoning_1,reasoning,Analyze the trade-offs of remote work vs. in-person work for a software team.,2,0,"The revised draft titled ""Navigating the Trade-offs: Remote vs. In-Person Work in Software Teams"" explores the evolving landscape of work models in software teams, focusing on remote, in-person, and hybrid arrangements. It emphasizes the need for software teams to balance productivity, collaboration, team dynamics, work-life balance, and technological infrastructure in choosing a work model. Remote work offers flexibility and focus but can lead to miscommunication and challenges in maintaining team culture. In contrast, in-person work enhances real-time interaction and culture building but limits diversity and flexibility. Hybrid models are proposed as a solution, leveraging both modalities' strengths with support from AI-driven tools and impactful case studies like GitLab's remote success. External factors, including legal and economic considerations, also influence the adoption of hybrid models. The conclusion advocates for organizations to embrace advanced technology and flexible policies to foster a productive environment that aligns with changing workplace dynamics."
2026-06-25T10:10:38.329996,individual,reasoning_1,reasoning,Analyze the trade-offs of remote work vs. in-person work for a software team.,2,1,"The critique suggests enhancing the draft by offering clearer trade-offs upfront, expanding the exploration of hybrid models, and incorporating more originality and diverse examples, particularly regarding emerging technologies' impact on hybrid setups. The revised draft presents a structured analysis of remote, in-person, and hybrid work models. It highlights productivity, collaboration, work-life balance, cost implications, and company culture. Hybrid models, which combine the flexibility of remote work with the direct interaction of in-person work, are underscored for their potential to resolve trade-offs between productivity and engagement. Additional insights into mental well-being, sustainability, and diversity are recommended to deepen the analysis. Case studies of companies like Slack and Microsoft illustrate successful hybrid models through employee-centric initiatives. The conclusion encourages organizations to align work models with strategic goals, emphasizing the tailored benefits of each approach."
2026-06-25T10:11:08.720399,individual,reasoning_1,reasoning,Analyze the trade-offs of remote work vs. in-person work for a software team.,2,2,"**Critique and Rewritten Analysis of Remote vs. In-Person Work for Software Teams**\n\nThe original draft, structured logically into categories, occasionally lacks smooth transitions, affecting coherence. Enhancements in flow through clearer transitions could benefit the reader. While the draft addresses key comparisons, it misses original contributions, such as recent surveys or case studies, to amplify its insights. A deeper examination of hybrid work models and their implications on long-term career progression and employee retention remains unexplored.\n\n**Rewritten Analysis:**\n\nIn the software industry, choosing between remote and in-person work models involves significant trade-offs impacting productivity, collaboration, work-life balance, costs, and company culture – all crucial for strategic decision-making focused on career progression and retention.\n\n### **Productivity**\n- **Remote Work:** Offers flexible hours, fostering deep work with fewer interruptions, though risks burnout without clear boundaries.\n- **In-Person Work:** Enhances immediate collaboration and focus within set hours but can suffer from commuting and office distractions.\n\n### **Collaboration & Communication**\n- **Remote Work:** Supports asynchronous, cross-time-zone collaboration but may impede spontaneous communication.\n- **In-Person Work:** Enriches face-to-face interactions but risks information silos without robust documentation.\n\n### **Work-Life Balance**\n- **Remote:** Provides flexibility aligning work with personal commitments, requiring discipline to avoid personal time encroachment.\n- **In-Person:** Establishes clear work-home separation but may strain personal responsibilities under fixed schedules.\n\n### **Cost**\n- **Remote:** Cuts expenses on office spaces, despite initial tech setup costs and home office disparities.\n- **In-Person:** Centralizes resources but involves high ongoing costs like rent and commuting.\n\n### **Company Culture & Morale**\n- **Remote:** Broadens talent pools, introducing diverse perspectives, yet demands effort to maintain a cohesive culture.\n- **In-Person:** Fosters stronger team dynamics through shared experiences, risking presenteeism over productivity.\n\n### **Hybrid Model**\nCombining remote and in-person benefits, hybrid work promotes flexibility and inclusivity, adapting swiftly to technological shifts and diverse preferences, thus enhancing satisfaction and retention.\n\n**Conclusion:**\nChoosing an optimal model depends on aligning organizational goals with employee preferences. Flexibility, through pilot programs and feedback, aids in optimizing environments for thriving software teams."
2026-06-25T10:11:31.889616,individual,reasoning_1,reasoning,Analyze the trade-offs of remote work vs. in-person work for a software team.,2,3,"The revised draft analyzes remote vs. in-person work setups for software teams, emphasizing a balanced approach through hybrid models. It outlines the trade-offs in productivity, collaboration, work-life balance, costs, talent recruitment, company culture, innovation, and project management. Remote work empowers flexible schedules and global talent access but risks miscommunication and blurred work-life boundaries. In-person work offers structured routines and direct collaboration but can limit geographic recruitment. A hybrid model, exemplified by companies like Apple and Google, combines the strengths of both, fostering innovation and efficiency while leveraging emerging technologies. The draft suggests that each organization must tailor their approach based on goals, team preferences, and operational needs, with an openness to technology-driven solutions. Improvements for clarity, coherence, and originality include adding a concise introduction, smoother transitions, deeper exploration of hybrid models, and examples from notable companies to provide fresh insights."
2026-06-25T10:11:57.822933,individual,reasoning_1,reasoning,Analyze the trade-offs of remote work vs. in-person work for a software team.,2,4,"The revised draft evaluates the trade-offs between remote and in-person work for software teams, emphasizing their impact on performance and satisfaction. Key areas such as productivity, communication, work-life balance, team dynamics, infrastructure, and hybrid models are analyzed. \n\n**Productivity:** Remote work boosts individual output due to fewer interruptions but needs self-discipline, while in-person work enhances collaboration at the cost of frequent distractions. Solutions include 'quiet hours' and structured virtual workshops. \n\n**Communication:** Remote teams face non-verbal communication challenges, addressed by using video calls and tools like Slack. In-person settings benefit from immediate feedback but should integrate digital documentation for comprehensive communication.\n\n**Work-Life Balance:** Remote work offers flexibility but risks blurred boundaries without proper management, while in-person work complicates balance with commuting stress. Strategies include time-tracking apps and flexible schedules.\n\n**Team Dynamics:** Remote work diversifies teams, fostering creativity through global perspectives, requiring virtual culture-building efforts. In-person work strengthens relationships but limits diversity. Hybrid approaches can combine these benefits.\n\n**Infrastructure and Costs:** Remote setups reduce office costs, enabling tech investments, whereas in-person work incurs higher expenses but eases equipment handling. Eco-friendly solutions can make in-person workspaces sustainable.\n\n**Hybrid Models:** These combine the strengths of remote and in-person setups, enhancing collaboration and productivity through tailored workflows.\n\n**Additional Considerations:** Career development, sustainability, and mental health support are crucial across work models for employee growth, reduced carbon footprints, and well-being. \n\nIncorporating these insights helps organizations create strategies that improve productivity, employee satisfaction, and alignment with organizational goals."
2026-06-25T10:12:22.098169,individual,reasoning_1,reasoning,Analyze the trade-offs of remote work vs. in-person work for a software team.,3,0,"The revised draft titled ""Balancing the Scales: Remote vs. In-Person Work in Software Teams"" explores the evolving dynamics of work in software teams, highlighting remote, in-person, and hybrid models. It emphasizes the need for organizations to comprehend the trade-offs of each model to optimize productivity, collaboration, and team cohesion.\n\n**Remote Work:**\nRemote work offers flexibility, enhanced focus, and a broader talent pool but poses challenges like potential miscommunication, weaker team cohesion, and technological dependencies.\n\n**In-Person Work:**\nIn-person work fosters real-time collaboration, cultural building, and immediate feedback. However, it limits flexibility, narrows the talent pool, and incurs higher overhead costs.\n\n**Hybrid Models:**\nHybrid models blend the strengths of remote and in-person arrangements, providing versatility, cost efficiency, and inclusivity. Successful examples, like GitLab, highlight the efficacy of tailored strategies.\n\n**Impact on Specific Roles:**\nThe draft could be enhanced by discussing the impact on roles within software teams, such as developers, project managers, and quality assurance testers, and considerations regarding CI/CD, security, and compliance.\n\n**Conclusion:**\nDecision-making should align with teams' specific needs and remain adaptable to legal, economic, and technological influences. Incorporating recent studies and unique case studies can further inform and enrich this process."
2026-06-25T10:12:54.341195,individual,reasoning_1,reasoning,Analyze the trade-offs of remote work vs. in-person work for a software team.,3,1,"The draft analysis of work models for software teams identifies key factors influencing the transition between remote, in-person, and hybrid environments, like productivity, collaboration, work-life balance, costs, company culture, mental well-being, sustainability, and diversity. It discusses how:\n\n1. **Productivity** varies: Remote work boosts productivity via flexible schedules, in-person work enhances through real-time collaboration, and hybrid work offers tailored strategies for individual focus and teamwork.\n   \n2. **Collaboration** is affected: Remote work may impede creativity despite advanced tools, in-person work thrives on spontaneous interactions, and hybrid work attempts to blend benefits of both.\n\n3. **Work-life Balance** differs: Remote work offers flexibility but risks boundary blurring, in-person work distinguishes roles but is rigid, and hybrid work endeavors to merge flexibility with structure.\n\n4. **Cost Implications** are distinct: Remote work reduces overheads but requires tech investments, in-person involves office expenses, and hybrid minimizes costs via technology and smaller offices.\n\n5. **Company Culture**: Remote can seem impersonal, in-person fosters engagement, and hybrid supports culture through planned in-person events.\n\n6. **Mental Well-being**: Remote work offers autonomy but risks isolation, in-person promotes engagement with stress potential, and hybrid models foster balance.\n\n7. **Sustainability**: Remote drastically reduces carbon footprints, in-person increases emissions, and hybrid optimizes sustainability.\n\n8. **Diversity**: Remote work expands hiring geography, while in-person can limit diversity but supports local dynamics; hybrid promotes inclusivity.\n\nCase studies from Slack and Microsoft show successful implementation of hybrid models, emphasizing creativity and technology integration. The conclusion stresses the importance of selecting work models aligned with strategic goals, leveraging the unique advantages of each approach for organizational and employee success."
2026-06-25T10:13:13.206342,individual,reasoning_1,reasoning,Analyze the trade-offs of remote work vs. in-person work for a software team.,3,2,"The critique highlights a lack of coherence and originality in the draft's exploration of remote versus in-person work for software teams. The need for clearer transitions and sections was noted, alongside more specific examples and industry insights, particularly concerning the hybrid work model.\n\nIn the revised draft, the analysis of remote versus in-person work in software development considers productivity, collaboration, work-life balance, cost, and company culture. Remote work offers flexibility and can increase focused productivity but risks overwork and challenges in communication. In-person setups boost spontaneous collaboration but have drawbacks like distractions and commuting. Remote work supports work-life balance and broader hiring but may struggle with team engagement. In-person interactions enhance culture but can encourage presenteeism. The hybrid model combines benefits from both, though it needs effective planning for success. Conclusively, aligning work models with organizational goals and employee preferences, while piloting and adapting based on feedback, ensures an optimal environment for innovation and growth."
2026-06-25T10:13:32.130463,individual,reasoning_1,reasoning,Analyze the trade-offs of remote work vs. in-person work for a software team.,3,3,"The draft effectively outlines the current discourse on remote, in-person, and hybrid work models for software teams, emphasizing the evolving nature of work environments due to technological advancement and changing workforce needs. However, it could enhance clarity and coherence by providing better explanations of terms and smoother transitions between sections. The content, while comprehensive, lacks originality and could benefit from incorporating case studies or recent statistics for deeper engagement. Further exploration of the psychological impacts of work models and the challenges in implementing hybrid systems, especially around management and technology integration, would improve completeness.\n\nThe draft discusses the benefits and challenges of remote work, such as productivity flexibility and work-life balance complications, while highlighting collaboration and cost efficiency trade-offs. It notes the strengths of in-person work in fostering structured routines and direct communication but points out geographic limitations and significant operational costs. The hybrid model is presented as a balanced approach, drawing strengths from both frameworks, with examples like Apple and Google illustrating successful implementation. The conclusion suggests a flexible approach tailored to organizational goals, encouraging experimentation to discover optimal strategies that align with both business objectives and employee satisfaction."
2026-06-25T10:13:54.897197,individual,reasoning_1,reasoning,Analyze the trade-offs of remote work vs. in-person work for a software team.,3,4,"**Critique Summary:**\n\nThe draft broadly addresses key factors in remote vs. in-person work but needs clearer transitions to guide readers through its analysis of interconnected elements. It includes generalized statements lacking specificity, such as conditions affecting productivity in varied work settings. To enhance originality and relevance, it should incorporate data-driven insights or case studies specific to the software industry. Additionally, a more thorough exploration of challenges like agile development and security issues in remote work would provide a comprehensive view.\n\n**Revised Draft:**\n\n**Trade-offs of Remote Work vs. In-Person Work for Software Teams**\n\nOrganizations must navigate remote and in-person work arrangements for software teams, each with distinct effects on productivity, communication, and team dynamics. This analysis delves into these factors, aiming for a cohesive understanding of how each model meets software development needs.\n\n**Productivity:**\nRemote work can boost individual productivity by removing commuting barriers and reducing distractions but relies on self-discipline. In-person work supports spontaneous interaction, vital for agile development. A hybrid model could offer a balance, combining remote coding with in-person collaboration.\n\n**Communication:**\nPrecise coordination is crucial for software teams. Remote work challenges non-verbal communication, but tools like video conferencing can help. In-person work benefits from natural interactions but should integrate digital documentation to ensure clarity. \n\n**Work-Life Balance:**\nRemote work offers flexibility but risks overlapping professional and personal time. Structured hours and time-management tools can help. In-person work provides clearer separation yet involves commute stress. Flexible scheduling in both contexts could support employee well-being.\n\n**Team Dynamics:**\nRemote work enables global talent access but may hinder relationship-building. Regular virtual events can foster team culture. In-person work naturally builds connections but limits geographical flexibility. A hybrid approach, with regular meetings, can promote a diverse and cohesive team.\n\n**Infrastructure and Costs:**\nRemote work reduces office expenses but increases tech and cybersecurity costs, crucial for software teams. In-person work demands office upkeep yet eases tool access. Companies should evaluate strategic needs for cost-effective solutions.\n\n**Hybrid Models:**\nHybrid models blend remote focus with in-person collaboration. Arranging periodic in-person sprints with remote coding sessions can enhance outcomes, balancing efficiency and innovation.\n\n**Additional Considerations:**\nOrganizations should prioritize career development, security, and mental health support, regardless of the work model. Clear growth paths, environmental responsibility, and robust mental health resources are key to a supportive environment.\n\n**Conclusion:**\nUnderstanding these trade-offs allows organizations to craft strategies aligning with their goals, improving productivity and satisfaction. By leveraging informed mixes of remote, in-person, and hybrid models, software teams can successfully adapt to the evolving work landscape."
2026-06-25T10:14:15.929836,individual,reasoning_1,reasoning,Analyze the trade-offs of remote work vs. in-person work for a software team.,4,0,"**Critique Summary:**\nThe draft lacks a clear organizational structure and fails to present a cohesive argument. It covers standard work formats—remote, in-person, and hybrid—without offering unique insights specific to software teams. Depth is missing, particularly in discussing hybrid models and the impact on various roles. The rewritten draft offers a more structured approach, focusing on the trade-offs in work formats for software teams. \n\n**Rewritten Draft Summary:**\n\n**Title: Navigating the Trade-offs: Remote vs. In-Person Work in Software Teams**\n\nDeciding between remote, in-person, and hybrid work formats is crucial in software development, affecting productivity, collaboration, and team morale. Each format has unique benefits and challenges. \n\n**Remote Work:**\nRemote work offers flexibility and access to diverse global talent but poses challenges like miscommunication and team cohesion issues. Successful remote teams, like Automattic, use asynchronous communication and transparent processes.\n\n**In-Person Work:**\nIn-person work facilitates real-time collaboration and organic team culture but limits flexibility, constrains recruitment to local talent, and increases costs. It excels in coordinated meetings and activities that facilitate prompt problem-solving.\n\n**Hybrid Models:**\nHybrid models combine remote flexibility with the benefits of in-person interaction, offering potential for increased performance and cost management. Effective strategies, like those employed by GitLab, focus on ensuring equitable and inclusive experiences for all team members.\n\n**Role Impact:**\nRoles within software teams experience the trade-offs differently. Developers value remote work for focused coding, while project managers excel in in-person settings for immediate feedback. Quality assurance testers benefit from remote flexibility but may experience delays without direct access to developers.\n\n**Considerations:**\nFor CI/CD teams, remote work supports seamless integration, but stringent security measures are needed to maintain data privacy. Balancing such challenges is key to agile yet secure software cycles.\n\n**Conclusion:**\nChoosing the right work model depends on a team's needs and adaptability to evolving circumstances. Organizations should regularly evaluate and draw from industry trends to enhance efficiency and satisfaction, tailoring work environments for success in today's dynamic industry."
2026-06-25T10:14:44.610180,individual,reasoning_1,reasoning,Analyze the trade-offs of remote work vs. in-person work for a software team.,4,1,"**Analyzing the Trade-Offs of Remote Work vs. In-Person Work for a Software Team**\n\nTo assess the comparative advantages of remote versus in-person work models for software teams, we must consider factors such as productivity, collaboration, work-life balance, cost, company culture, mental well-being, sustainability, and diversity through a well-rounded analysis informed by industry case studies.\n\n**1. Productivity:** Remote work offers flexible hours tailored to personal peaks, though it demands self-discipline and can hinder quick communication. In-person settings enhance productivity with immediate interaction, benefiting complex tasks. Hybrid models combine focused remote work with collaborative in-person sessions.\n\n**2. Collaboration:** Remote environments can lack impromptu creative interactions despite effective tools. In-person work promotes spontaneous brainstorming and rapid feedback, while hybrid setups aim to blend digital efficiency with face-to-face creativity.\n\n**3. Work-Life Balance:** Remote work provides flexibility but can blur personal-professional boundaries. In-person work offers clear separations but may constrain personal time. Hybrid models seek optimal balance through flexible, structured schedules.\n\n**4. Cost Implications:** Remote setups reduce office costs but necessitate home office investments. In-person work bears consistent infrastructure and commuting costs. Hybrids seek financial efficiency by reducing office space while investing in remote tech.\n\n**5. Company Culture:** Remote work risks becoming impersonal without active team cohesion efforts. In-person work fosters natural cultural development through personal interactions. Hybrids maintain cultural integrity via digital and on-site engagements.\n\n**6. Mental Well-being:** Remote work enhances autonomy but risks isolation without social supports. In-person settings support networks yet might increase stress if unmanaged. Hybrids balance solitude and social interaction, reducing isolation with flexibility.\n\n**7. Sustainability:** Remote work decreases environmental impact by eliminating commutes. In-person settings increase carbon footprints through regular commuting. Hybrids strive to reduce commuting while retaining necessary physical workspaces.\n\n**8. Diversity:** Remote work broadens hiring potential, enhancing diversity by removing geographic constraints. In-person work limits talent to local regions. Hybrids encourage inclusive hiring and flexible arrangements, boosting diversity efforts.\n\n**Case Studies:** Companies like Slack and Microsoft effectively implement hybrid models, using strategic scheduling and digital communication to balance remote efficiency and in-person engagement, maintaining high performance and innovation.\n\n**Conclusion:** The choice of work model should align with strategic goals and employee needs, leveraging the strengths of each approach to foster environments conducive to corporate success and employee satisfaction, driving continual innovation and growth."
2026-06-25T10:15:06.727160,individual,reasoning_1,reasoning,Analyze the trade-offs of remote work vs. in-person work for a software team.,4,2,"The revised draft evaluates the trade-offs between remote and in-person work, emphasizing key factors such as productivity, collaboration, work-life balance, costs, company culture, career development, and team dynamics. It highlights that remote work can boost productivity through flexible schedules but risks overworking, whereas in-person work maintains structured hours with potential distractions. Collaboration thrives on spontaneous interactions in person but can also be achieved through digital tools remotely. Hybrid models try to combine both advantages. Remote work aids work-life balance yet can foster an ""always-on"" culture, whereas in-person environments clearly delineate work and home life at the cost of commuting. Remote settings reduce overhead costs but challenge cultural cohesion; in-person work supports local economies and may inadvertently favor physical presence. Career advancement can be stifled in remote settings due to limited networking, whereas in-person environments offer mentorship opportunities, albeit with potential biases. The draft concludes that an adaptable approach, responsive to organizational and employee needs, is vital for fostering an innovative and productive software development team."
2026-06-25T10:15:33.039423,individual,reasoning_1,reasoning,Analyze the trade-offs of remote work vs. in-person work for a software team.,4,3,"**Trade-offs of Remote Work vs. In-Person Work for a Software Team**\n\nAs the software development landscape evolves, organizations must weigh the trade-offs between remote, in-person, and hybrid work models to enhance productivity and employee well-being. This analysis explores these models, highlighting their impact on software teams.\n\n**Remote Work: Pros and Cons**\n\n**Pros:**\n- **Flexibility and Autonomy:** Remote work allows flexible scheduling, promoting work-life balance, job satisfaction, and reducing burnout.\n- **Expanded Talent Pool:** Access to a global talent pool brings diverse skills and innovation.\n- **Cost Savings:** Reduced commuting and office expenses benefit both employees and organizations.\n\n**Cons:**\n- **Communication Barriers:** A lack of immediate communication can hinder creativity and innovation.\n- **Isolation and Disconnection:** Absence of physical presence may affect team morale and culture.\n- **Potential Overworking:** Blurred work-life boundaries can lead to overwork, necessitating clear policies.\n\n**In-Person Work: Pros and Cons**\n\n**Pros:**\n- **Immediate Collaboration:** Face-to-face interactions enhance real-time problem-solving and innovation.\n- **Structured Environment:** A physical workspace offers a distraction-free, productive setting.\n- **Enhanced Social Bonds:** Regular interaction fosters stronger team dynamics and culture.\n\n**Cons:**\n- **Geographical Constraints:** Limiting to local talent may restrict diversity and increase relocation burdens.\n- **Higher Operational Costs:** Maintaining office spaces involves significant financial commitments.\n\n**Hybrid Model: A Balanced Approach**\n\nHybrid models blend remote and in-person work, offering tailored solutions for diverse organizational needs.\n\n**Key Considerations:**\n- **Technology Integration:** Robust IT support ensures seamless collaboration and secure data access.\n- **Management & Policy Development:** Clear strategies cater to both remote and onsite dynamics, including performance assessments.\n- **Tailored Flexibility:** Experimentation with arrangements can align business goals with employee satisfaction.\n\n**Conclusion**\n\nChoosing the right work model requires understanding organizational goals and workforce preferences. A flexible approach allows adaptation to market demands, supporting productivity and a positive work environment. Integrating case studies and addressing the psychological impacts of these models are vital for strategic decision-making and employee well-being."
2026-06-25T10:16:01.640002,individual,reasoning_1,reasoning,Analyze the trade-offs of remote work vs. in-person work for a software team.,4,4,"**Critique of the Draft:**\n\n1. **Clarity and Coherence:**\n   - The draft aims to cover the trade-offs of remote vs. in-person work but struggles with structural organization. The ""Hybrid Models"" section appears disconnected. The draft would benefit from smoother transitions and clearer ties to the central theme of trade-offs, especially regarding their impact on software teams.\n\n2. **Originality:**\n   - The analysis revisits known concepts without offering new insights. Adding unique software team challenges—like code review and version control in remote settings—could enhance its relevance and engagement.\n\n3. **Completeness:**\n   - While touching on key points, the draft lacks depth regarding the specific needs of software teams, such as the effects on code review processes. The “Additional Considerations” section should narrow its focus and offer concrete examples relevant to software development.\n\n**Rewritten Draft:**\n\n**Trade-offs of Remote Work vs. In-Person Work for Software Teams**\n\nSoftware teams face critical choices between remote and in-person work setups, each influencing productivity, communication, team dynamics, and well-being. Recognizing these trade-offs enables better decision-making to optimize team effectiveness.\n\n**Productivity:**\nRemote work can enhance individual productivity by eliminating commutes and enabling tailored workspaces, but demands strong self-management skills. In-person work supports agile practices through immediate collaboration. A hybrid model, combining remote focus with in-person collaboration, can capture the benefits of both environments.\n\n**Communication:**\nEffective communication is vital in software development. Remote setups challenge spontaneous interactions crucial for design and iteration, though digital tools can bridge gaps if utilized well. In-person work supports instant feedback and brainstorming but requires good digital documentation. A balance between digital and face-to-face communication fosters team alignment.\n\n**Work-Life Balance:**\nRemote work offers flexibility, allowing personal and professional alignment but risks overextending work into personal space. In-person work provides structure but involves commuting stress. Flexibility within both models supports developers' mental health and stress reduction.\n\n**Team Dynamics:**\nRemote work broadens access to global talent, enriching team diversity but complicating culture-building. Virtual team-building and regular check-ins are essential. In-person work strengthens interpersonal bonds but limits diversity by geography. A blend of virtual and physical interactions can foster a diverse, cohesive team.\n\n**Infrastructure and Costs:**\nRemote work cuts traditional office expenses but requires significant technological investment for data security. In-person setups incur office maintenance costs yet facilitate easy access to collaborative resources. A cost-benefit analysis aligned with project needs guides effective decisions.\n\n**Hybrid Models:**\nHybrid models adapt to project needs, combining in-person collaboration with remote focus periods. This flexibility enhances productivity and innovation, aligning strategies with dynamic team and project requirements.\n\n**Conclusion:**\nUnderstanding the trade-offs of remote and in-person work enables tailored strategies for software teams, enhancing productivity, job satisfaction, and agility. Balancing these arrangements optimizes team dynamics and project success in an evolving work environment."
2026-06-25T10:13:10.858149,individual,summ_0,summarization,Summarize the key challenges of AI ethics in autonomous driving.,0,0,"The draft on AI ethics in autonomous driving highlights several key challenges: ensuring safety and reliability, ethical crisis decision-making, privacy and data security, liability and accountability, bias and discrimination, employment impact, and regulatory issues. However, the readability suffers from dense sections that need clearer structuring and more precise details on distinct ethical components. The work lacks originality, with no fresh insights or examples of recent developments that could better engage knowledgeable audiences. While major ethical issues are mentioned, some areas, like employment impact and liability, lack depth. A more cohesive conclusion synthesizing these challenges and proposing solutions is needed. The revised draft emphasizes safety, reliability, crisis decision-making, privacy concerns, liability ambiguities, potential bias in AI algorithms, employment concerns due to AV adoption, regulatory challenges, and the importance of public trust. A multidisciplinary approach is essential to address these issues, involving various stakeholders to establish ethical guidelines and policies for responsible AI integration, balancing innovation with safety and societal benefits."
2026-06-25T10:13:29.274800,individual,summ_0,summarization,Summarize the key challenges of AI ethics in autonomous driving.,0,1,"The document critiques the clarity, originality, and completeness of a draft on AI ethics in autonomous driving. For **clarity and coherence**, it suggests improving the flow by grouping related challenges and defining terms like ""edge cases"" and ""ethical dilemmas."" To enhance **originality**, it recommends exploring innovative solutions and providing real-world examples to add depth and fresh insights. The **completeness** could be improved by discussing international cooperation, geopolitical factors, and the psychological transition impacts on society and drivers.\n\nThe revised draft highlights key ethical challenges in autonomous driving:\n\n1. **Safety and Reliability:** The primary challenge is developing and validating robust AI algorithms to handle diverse driving scenarios, ensuring consistent and safe decision-making.\n\n2. **Decision-Making and Bias:** Autonomous systems must tackle ethical dilemmas and manage bias in data, aligning decisions with societal values to prevent unfairness.\n\n3. **Liability and Responsibility:** Clear frameworks are necessary to define manufacturer, developer, and regulatory accountability in autonomous vehicle incidents.\n\n4. **Privacy and Data Security:** Strong data protection measures and ownership policies are essential to safeguard personal information and maintain consumer trust.\n\n5. **Regulation and Standardization:** Establishing cohesive regulations across nations and industries is vital but challenging due to technological advancements and varied interests.\n\n6. **Impact on Employment:** The shift to autonomous vehicles poses potential job losses, necessitating ethical strategies like retraining and safety nets for affected industries.\n\n7. **Public Trust and Acceptance:** Gaining societal trust through transparent communication and community engagement is crucial for widespread adoption.\n\n8. **Environmental Footprint:** While autonomous vehicles may improve efficiency, their environmental impact, especially energy consumption, remains a concern.\n\nAddressing these issues requires a multidisciplinary approach involving diverse stakeholders to ensure the technology aligns with societal values and responsibilities. International cooperation and consideration of societal and psychological impacts can lead to a more comprehensive understanding and resolution of these challenges."
2026-06-25T10:13:45.984377,individual,summ_0,summarization,Summarize the key challenges of AI ethics in autonomous driving.,0,2,"The draft on AI ethics in autonomous driving highlights several interconnected challenges crucial for ensuring safety, trust, and societal acceptance of autonomous vehicles (AVs). However, it lacks flow and originality and omits potential solutions. Key challenges include:\n\n1. **Safety and Liability**: Determining accountability in AV accidents requires a robust legal framework addressing manufacturer, software developer, and vehicle owner responsibilities.\n   \n2. **Ethical Decision-Making**: Navigating ethical dilemmas demands universal guidelines that accommodate diverse cultural perspectives, necessitating international collaboration.\n\n3. **Data Privacy and Security**: Safeguarding data against breaches, while addressing surveillance and ownership concerns, requires stringent privacy policies.\n\n4. **Bias and Fairness**: Preventing bias through diverse datasets and system updates ensures fair AI-driven outcomes, particularly in recognizing demographics.\n\n5. **Transparency and Accountability**: AV decision-making should be explicit, with traceability mechanisms enhancing user trust and regulatory compliance.\n\n6. **Regulatory Evolution**: Developing adaptive legal frameworks that balance innovation with public safety is essential as AV technology advances.\n\n7. **Societal and Economic Impact**: Addressing job displacement and broader socioeconomic ramifications involves policies supporting workforce transition and society's adaptation to AVs.\n\n8. **User Consent and Autonomy**: Informing users about autonomy levels and providing control options fosters trust and respects personal autonomy.\n\nIncorporating solutions and strategies for these challenges will enhance the draft's completeness, offering a more comprehensive exploration of AI ethics in autonomous vehicles. Interdisciplinary collaboration, prioritizing human values, and societal well-being are crucial for responsibly navigating these challenges."
2026-06-25T10:14:04.999279,individual,summ_0,summarization,Summarize the key challenges of AI ethics in autonomous driving.,0,3,"The draft on autonomous driving effectively outlines key ethical challenges but could improve in clarity, originality, and completeness. It lacks clear section transitions and could benefit from more concise language. Introducing recent case studies would add originality and illustrate contemporary challenges. While it addresses major ethical issues, it should emphasize their interconnectedness, such as how decision-making relates to accountability. \n\nAutonomous driving promises enhanced safety and efficiency but poses ethical challenges requiring careful integration. Key issues include ensuring AV safety and reliability through rigorous testing and aligning complex decision-making with societal values. Accountability in AV incidents needs clear assignment frameworks, while data privacy and security demand robust measures. AV systems must avoid biases to ensure fairness across communities, and economic disruptions require strategies like job retraining for affected workers. The environmental impact from production to disposal must be mitigated with sustainable practices, and policies should promote equitable access to AV benefits. Collaboration among stakeholders is vital to establish standards reflecting societal values for the safe and fair deployment of autonomous vehicles."
2026-06-25T10:14:23.210204,individual,summ_0,summarization,Summarize the key challenges of AI ethics in autonomous driving.,0,4,"The draft outlines several ethical challenges linked to AI in autonomous driving, namely safety, decision-making, accountability, privacy, equity, employment, and regulatory frameworks. Improvements in clarity and coherence are needed, with a suggested focus on grouping related issues under broader themes or linking them in a logical sequence. Additionally, the draft lacks originality; incorporating recent case studies could enhance its distinctiveness and relatability. Completeness could be improved by offering specific recommendations for each ethical challenge. Key points include:\n\n1. **Safety and Reliability**: Ensuring AVs navigate unpredictable environments and communicate effectively with humans raises ethical questions about public safety.\n\n2. **Decision-Making and Moral Dilemmas**: AVs face situations requiring split-second moral decisions, such as prioritizing between passenger and pedestrian safety, necessitating consensus-driven algorithm programming.\n\n3. **Accountability and Liability**: Clear mechanisms for determining liability in AV-related accidents are crucial as vehicle autonomy increases.\n\n4. **Privacy and Data Security**: AVs depend on extensive data, making robust privacy and data security measures vital to prevent misuse.\n\n5. **Equity and Accessibility**: Ensuring AV benefits are equitably distributed is essential, as AVs could otherwise exacerbate inequalities.\n\n6. **Impact on Employment**: Transition policies and retraining initiatives are needed to mitigate potential job losses in sectors like trucking and taxi services.\n\n7. **Regulatory and Legal Frameworks**: Comprehensive legal frameworks must keep pace with technological advances, balancing innovation and public safety.\n\nAddressing these issues demands a multidisciplinary, collaborative approach, integrating insights from various stakeholders to develop responsible and equitable AI systems while fostering innovation and public safety."
2026-06-25T10:14:38.019230,individual,summ_0,summarization,Summarize the key challenges of AI ethics in autonomous driving.,1,0,"The critique of the original draft points out a lack of clarity and coherence, suggesting that smoother transitions between challenges and less detailed specifics could improve readability. There is also an emphasis on the need for originality, recommending the addition of contemporary examples or recent case studies to enhance engagement. For completeness, the draft could expand on each challenge with examples or solutions and link the challenges to provide a holistic perspective.\n\nThe revised draft outlines the ethical challenges in autonomous driving, focusing on safety and reliability through adaptive AI, ethical decision-making requiring collaborative frameworks, privacy and data security with strong cybersecurity protections, and the need for clear liability frameworks in accidents. It addresses bias by emphasizing fair algorithms, anticipates employment impacts through retraining policies, and tackles regulatory challenges with adaptive policies. Public trust is deemed essential, advocating transparency and communication. The draft underscores the importance of an interdisciplinary approach, uniting various stakeholders to craft ethical guidelines that balance innovation with societal benefits."
2026-06-25T10:14:55.999330,individual,summ_0,summarization,Summarize the key challenges of AI ethics in autonomous driving.,1,1,"The draft on autonomous driving technology poses numerous ethical challenges, necessitating a multifaceted approach to balance safety, values, and regulations. Key areas include:\n\n1. **Safety and Decision-Making:** Autonomous vehicles must safely navigate various scenarios by using AI free from biases in training data. Robust systems are essential to handle unpredictable cases, ensuring public trust.\n\n2. **Liability and Legal Frameworks:** Clear regulatory frameworks are required to delineate responsibility in the event of accidents, addressing the evolving complexities of liability among manufacturers, developers, and users.\n\n3. **Sustainability and Data Management:** Privacy, data security, and environmental considerations are crucial as vehicles process significant data and impact energy consumption.\n\n4. **Regulatory Coordination:** Harmonizing international standards is necessary to maintain consistent safety and performance amidst technological and national differences.\n\n5. **Economic Impact:** The shift towards automation in transport could displace jobs, necessitating ethical responses like retraining programs and social safety nets.\n\n6. **Public Trust and Cultural Acceptance:** Gaining public confidence is critical for adoption, requiring transparent communication, education on technology benefits and limitations, and addressing cultural acceptance variations globally.\n\nA collaborative approach involving policymakers, technologists, ethicists, and the public, along with international partnerships, is essential for developing autonomous driving technologies that align with societal values and ethics, ensuring they are responsible, sustainable, and beneficial."
2026-06-25T10:15:10.272862,individual,summ_0,summarization,Summarize the key challenges of AI ethics in autonomous driving.,1,2,"The draft effectively outlines the ethical challenges faced by AI in autonomous driving but could improve clarity and coherence by providing more concise explanations and clearer transitions between topics. The section on ""Ethical Decision-Making"" needs a stronger rationale for international collaboration. Additionally, the draft lacks originality, offering little beyond existing discussions in the field. Incorporating unique insights or novel solutions could enhance its impact. The content is comprehensive but would benefit from deeper exploration of each issue, such as recent advancements in addressing AI bias. The rewritten summary addresses key challenges: safety and liability, ethical decision-making, data privacy, bias, transparency, regulatory evolution, societal impacts, and user autonomy. It advocates for a multidisciplinary approach that emphasizes international collaboration, robust frameworks, and societal well-being to responsibly navigate the ethical terrain of autonomous driving."
2026-06-25T10:15:29.907245,individual,summ_0,summarization,Summarize the key challenges of AI ethics in autonomous driving.,1,3,"The draft discusses the ethical challenges associated with autonomous vehicles (AVs), emphasizing the need for a multidisciplinary approach to address these issues. Key areas of focus include ensuring the safety and reliability of AVs through rigorous testing; embedding ethical decision-making into algorithms to reflect societal values; clarifying accountability and liability in incidents involving AVs; protecting data privacy and security amid extensive data collection; and ensuring unbiased and fair AV system operations. Economic impacts, such as job displacement, necessitate retraining programs for affected workers. Environmental sustainability and ensuring equitable access to AV technology are also highlighted as critical ethical concerns. The draft suggests that policymakers, manufacturers, ethicists, and community stakeholders must collaborate to create comprehensive ethical guidelines, ensuring that the benefits of autonomous vehicles are maximized while adhering to ethical principles."
2026-06-25T10:15:47.400938,individual,summ_0,summarization,Summarize the key challenges of AI ethics in autonomous driving.,1,4,"The draft outlining ethical challenges in autonomous driving technology could be improved through enhanced clarity and completeness. Currently, each challenge is listed as a bullet point, making it clear but somewhat disjointed. Grouping related issues could offer a more comprehensive view of how they interact. Additionally, while it addresses critical issues in AI ethics like safety, accountability, privacy, and societal impact, the draft lacks original insights and actionable recommendations. Integrating recent examples or case studies would provide fresh perspectives, and proposing specific solutions or advancements would make the content more informative. Recent efforts by companies such as X Company illustrate the importance of transparency and dialogue in addressing these challenges, highlighting the need for collaborative action among technologists, ethicists, and policymakers to develop solutions that align with societal values and spur innovation."
2026-06-25T10:16:02.826882,individual,summ_0,summarization,Summarize the key challenges of AI ethics in autonomous driving.,2,0,"The revised draft succinctly outlines the ethical challenges posed by artificial intelligence in autonomous vehicles, emphasizing the need for clarity, originality, and completeness. It identifies key challenges such as safety and reliability, ethical decision-making, privacy and data security, liability and accountability, bias and fairness, employment impact, regulatory challenges, and public trust. The draft suggests simplifying technical jargon and organizing content with sub-headings to enhance clarity. It also highlights the need for original insights, like recent examples or case studies, to make the discussion more engaging. A concluding section synthesizes the main points and underscores the importance of a collaborative, interdisciplinary approach involving various stakeholders to develop ethical frameworks for AV technology, ensuring alignment with societal values."
2026-06-25T10:16:24.204280,individual,summ_0,summarization,Summarize the key challenges of AI ethics in autonomous driving.,2,1,"The revised draft effectively outlines the ethical challenges posed by autonomous driving technology, emphasizing the necessity for collaboration among stakeholders to address these issues comprehensively. Key challenges include ensuring safety through robust AI systems, establishing clear liability and legal frameworks, and managing data privacy and environmental concerns ethically. Additionally, international regulatory harmonization, the economic impact of job displacement, and fostering public trust through transparent communication are highlighted. The draft suggests that a coordinated approach involving policymakers, technologists, and ethicists is essential for aligning autonomous driving technologies with societal values and promoting sustainable development."
2026-06-25T10:16:39.196560,individual,summ_0,summarization,Summarize the key challenges of AI ethics in autonomous driving.,2,2,"The draft on autonomous driving technology outlines several ethical challenges that require careful consideration and management. To enhance clarity and coherence, it suggests organizing the content into distinct sections focusing on individual challenges. This approach could avoid blending issues together, which might confuse readers or dilute the focus on each challenge. Furthermore, the draft would benefit from increased originality by incorporating specific examples, case studies, or recent developments within the autonomous driving industry, thus showcasing unique insights into AI ethics. Additionally, a deeper exploration of these challenges is necessary for a comprehensive analysis. For instance, expanding on liability scenarios or legislative measures and citing specific methodologies for transparency could strengthen the discussion.\n\nThe revised draft identifies key areas of concern:\n\n1. **Safety and Liability:** Emphasizing the need for a clear framework to assign responsibility in accidents involving autonomous vehicles, highlighting the importance of international collaboration for consistent legal standards.\n2. **Data Privacy and Security:** Addressing the protection of sensitive data and monitoring algorithms to prevent biases, ensuring fairness across populations.\n3. **Transparency and Trust:** Encouraging developers to enhance AI interpretability, with a focus on explainable AI (XAI) technologies for stakeholders' understanding.\n4. **Societal Impacts:** Acknowledging potential shifts in employment and transportation, urging policymakers to prevent societal inequalities and ensure equitable distribution of technology benefits.\n5. **User Autonomy:** Balancing AI automation with human judgment by maintaining passengers' ability to influence travel decisions.\n\nUltimately, addressing these challenges necessitates a multidisciplinary approach that involves international partnerships and cohesive frameworks to prioritize societal well-being and foster trust in the integration of autonomous driving technology."
2026-06-25T10:16:53.423812,individual,summ_0,summarization,Summarize the key challenges of AI ethics in autonomous driving.,2,3,"The ethical challenges of autonomous vehicles (AVs) require a comprehensive, coordinated approach. Key areas of concern include:\n\n1. **Safety and Ethical Decision-Making**: AVs must meet stringent safety standards and make ethically sound decisions, especially in high-risk scenarios. The vehicle algorithms must align with societal values to ensure public welfare.\n\n2. **Accountability and Data Privacy**: Determining liability when failures occur involves manufacturers, developers, and owners. AVs' data collection necessitates robust privacy measures and cybersecurity protections.\n\n3. **Bias and Accessibility**: AVs should be free from biases to ensure equitable treatment across all demographics and should be accessible to diverse socioeconomic groups to prevent societal divides.\n\n4. **Economic and Environmental Impact**: AV adoption might disrupt labor markets, calling for retraining initiatives to offset job losses. Environmentally, AVs should focus on sustainable practices to minimize emissions.\n\nCollaborative efforts among stakeholders are crucial to develop ethical guidelines, ensuring AV technology aligns with safety, equity, and societal well-being."
2026-06-25T10:17:09.626959,individual,summ_0,summarization,Summarize the key challenges of AI ethics in autonomous driving.,2,4,"The revised draft of the autonomous driving technology critique emphasizes several interconnected ethical challenges that must be resolved for its responsible and safe deployment. \n\n1. **Safety and Risk Management**: Autonomous vehicles require rigorous testing to ensure passenger and pedestrian safety, with ongoing debates around acceptable risk levels.\n\n2. **Accountability and Liability**: Determining who is responsible for accidents—manufacturers, developers, or vehicle owners—is crucial, necessitating clear legal frameworks.\n\n3. **Privacy and Data Security**: The extensive data collection by autonomous vehicles raises privacy concerns, highlighting the need for robust security measures and transparency to build public trust.\n\n4. **Bias and Fairness**: AI in these vehicles may reflect biases, potentially leading to unfairness. Correcting these biases is essential for equitable treatment of all road users and promoting social justice.\n\n5. **Societal and Economic Impact**: The adoption of autonomous vehicles will impact job markets and urban development, requiring measures to manage disruptions and guide planning.\n\nRecent collaborations underscore the importance of transparency and stakeholder engagement to address these issues effectively. Including specific examples and detailed case studies can enhance the discussion, contributing to the development of comprehensive data governance and ethical guidelines. Addressing the legislative context and providing actionable recommendations are also essential to ensure the responsible evolution of autonomous driving technologies."
2026-06-25T10:17:25.542320,individual,summ_0,summarization,Summarize the key challenges of AI ethics in autonomous driving.,3,0,"The revised draft highlights key ethical challenges in autonomous vehicle (AV) AI, emphasizing the need for clarity and originality in addressing these issues. The text is organized into distinct sections, each detailing a specific ethical concern:\n\n1. **Safety and Reliability**: AVs must navigate complex road conditions safely and consistently to prevent accidents.\n   \n2. **Ethical Decision-Making**: Programming AVs to make moral choices in split-second scenarios, with a focus on harm minimization, is a significant challenge.\n   \n3. **Privacy and Data Security**: The extensive data collection by AVs raises privacy concerns, necessitating strong protection against breaches.\n   \n4. **Liability and Accountability**: Clarifying responsibility in AV-related accidents is crucial, requiring clear guidelines for manufacturers, developers, and possibly the AVs themselves.\n   \n5. **Bias and Fairness**: Ensuring AV algorithms do not develop biases that impact vulnerable groups is essential.\n   \n6. **Employment Impact**: AV adoption could displace driving-related jobs, necessitating strategies to address socio-economic impacts.\n   \n7. **Regulatory Challenges**: Current legal frameworks need updates to effectively encompass AV-specific ethical and technological advancements.\n   \n8. **Public Trust**: Gaining public confidence through transparent safety measures and communication is vital for AV integration.\n\nThe conclusion calls for a collaborative approach, involving policymakers, technologists, ethicists, and the public, to create ethical frameworks that align AV technology with societal values, ensuring comprehensive responses to AI ethics in autonomous driving."
2026-06-25T10:17:38.247677,individual,summ_0,summarization,Summarize the key challenges of AI ethics in autonomous driving.,3,1,"The critique highlights the need for improved clarity, coherence, and depth in discussing the ethical challenges of autonomous driving. The revised draft addresses these by focusing on key areas: ensuring safety through robust AI design and testing, establishing clear liability frameworks, managing data privacy, promoting environmental sustainability, and achieving international regulatory harmonization. Economic implications, particularly job displacement, necessitate support systems for affected workers. Building public trust through transparency about benefits, limitations, and safety is crucial. A collaborative approach involving stakeholders is essential to align autonomous driving technologies with societal values and contribute to sustainable development. The success of these technologies depends not only on technological advancements but also on addressing these ethical questions comprehensively."
2026-06-25T10:17:52.770724,individual,summ_0,summarization,Summarize the key challenges of AI ethics in autonomous driving.,3,2,"**Critique of the Draft:**\nThe draft addresses key challenges in autonomous vehicle AI ethics but lacks depth in explaining terms like ""explainable AI"" and their impact on trust and safety. It presents standard issues without original insights or recent case studies and omits topics like ethical decision-making in critical driving scenarios and AI regulations.\n\n**Rewritten Draft:**\nAI integration in autonomous driving presents numerous challenges that demand careful navigation to ensure these technologies benefit society. Key ethical concerns include:\n\n1. **Safety and Liability:** Determining responsibility in accidents requires a global legal framework, involving international collaboration for uniform liability standards.\n\n2. **Data Privacy and Security:** Autonomous vehicles generate vast data, necessitating stringent privacy protocols and unbiased AI algorithms to protect sensitive demographic information.\n\n3. **Transparency and Trust:** Enhancing AI decision interpretability through explainable AI (XAI) fosters trust. Developers must emphasize transparent decision processes to boost stakeholder confidence.\n\n4. **Societal Impacts:** The widespread use of autonomous vehicles may affect employment and transportation dynamics. Policymakers must address potential social inequalities to ensure equitable technology benefits.\n\n5. **User Autonomy:** Maintaining a balance between automation and human control is crucial, integrating human values into AI to align decisions with societal norms.\n\n6. **Ethical Decision-Making in Critical Scenarios:** Vehicles must be programmed for ethical decision-making during unavoidable situations, prioritizing human safety without compromising moral standards.\n\nAddressing these challenges requires a multidisciplinary approach involving experts from various fields to prioritize societal well-being and foster trust through cohesive policies and transparent practices."
2026-06-25T10:18:04.515099,individual,summ_0,summarization,Summarize the key challenges of AI ethics in autonomous driving.,3,3,"The ethical challenges of autonomous vehicles (AVs) are complex and interconnected, requiring a comprehensive approach for resolution. Key issues include:\n\n1. **Safety and Ethical Decision-Making**: AVs must incorporate ethical frameworks that prioritize human safety and reflect societal values, particularly in life-critical scenarios. Ensuring rigorous and consistent safety standards is essential to gain public trust.\n\n2. **Accountability and Data Privacy**: Accidents involving AVs raise questions about responsibility among manufacturers, developers, and owners, necessitating clear regulatory guidelines. Additionally, protecting personal information through robust cybersecurity and stringent privacy protocols is critical as AVs collect vast data.\n\n3. **Bias and Accessibility**: Preventing biases is crucial to ensure AV technology serves all demographics equitably. Addressing socioeconomic barriers is also important to prevent AVs from becoming exclusive to wealthier groups, thus exacerbating inequalities.\n\n4. **Economic and Environmental Impact**: The adoption of AVs may disrupt job markets, highlighting the need for retraining initiatives. AVs should also align with sustainability goals, minimizing emissions and incorporating eco-friendly technologies to support environmental objectives.\n\nTo tackle these challenges, collaboration among policymakers, industry leaders, and the public is vital. Developing comprehensive ethical guidelines and policies will ensure AV technologies advance safely, equitably, and sustainably, supporting societal well-being."
2026-06-25T10:18:25.116783,individual,summ_0,summarization,Summarize the key challenges of AI ethics in autonomous driving.,3,4,"The critique highlighted three areas for improvement in the original autonomous driving draft: clarity and coherence, originality, and completeness. The rewritten draft emphasizes key ethical challenges related to autonomous vehicles:\n\n1. **Safety and Risk Management**: Rigorous testing is essential to ensure safety, with a focus on establishing risk levels and standards. Insights from recent incidents and advances in testing provide guidance.\n   \n2. **Accountability and Liability**: Clear legal frameworks are needed to assign liability in accidents, involving manufacturers, developers, or owners. Case studies of self-driving car accidents highlight the complexity of these issues.\n   \n3. **Privacy and Data Security**: The data collection by autonomous vehicles raises privacy concerns. Strong security measures, transparency, and data anonymization are crucial for public trust and compliance.\n   \n4. **Bias and Fairness**: AI bias can lead to unfair treatment, requiring diverse datasets and ongoing monitoring to ensure equity.\n   \n5. **Societal and Economic Impact**: Autonomous vehicles affect job markets and infrastructure. Strategic planning and engagement with experts are necessary for sustainable development.\n\nTo effectively address these concerns, efforts must focus on transparency, inclusive stakeholder involvement, and comprehensive ethical guidelines. Examining real-world cases and legislative developments, while providing actionable recommendations, is crucial for the responsible advancement of autonomous driving technologies."
2026-06-25T10:18:38.217014,individual,summ_0,summarization,Summarize the key challenges of AI ethics in autonomous driving.,4,0,"The draft on autonomous driving ethics faces challenges in clarity, originality, and completeness. It lacks a clear, structured flow and fails to explicate critical terms like ""ethical decision-making"" and ""public trust"" effectively. The draft could be more original by integrating specific examples, recent case studies, or expert opinions. Although it addresses key issues such as safety, ethical decision-making, and public trust, it could better explore interconnections and resolutions collaboratively. Some sections, particularly ""privacy and data security"" and ""bias and fairness,"" need more depth on current challenges. \n\nA concise revision of the draft is as follows:\n\nAutonomous driving technology brings significant ethical challenges requiring holistic solutions. Key issues include ensuring safety and reliability in diverse conditions, developing ethical decision-making frameworks for emergencies, and safeguarding privacy and data security. Establishing clear liability guidelines is crucial for accountability in incidents. Eliminating biases is vital for fairness, and addressing potential job displacements demands proactive measures. Regulatory frameworks must evolve to address these technologies, with public trust built through transparency and continuous improvement. Collaborative efforts among technologists, policymakers, ethicists, and communities are essential to develop responsible, ethical frameworks aligned with societal values."
2026-06-25T10:18:47.980331,individual,summ_0,summarization,Summarize the key challenges of AI ethics in autonomous driving.,4,1,"The implementation of autonomous driving technology is fraught with ethical challenges across several key areas: safety, privacy, environmental sustainability, economic impact, and public trust. Ensuring safety is paramount, necessitating rigorous AI testing and clear liability frameworks to mitigate and address potential accidents and malfunctions. Privacy concerns arise from the extensive data collection by autonomous vehicles, requiring robust protection measures to maintain user trust and comply with global standards.\n\nEnvironmental sustainability must be prioritized, aligning autonomous vehicle development with energy efficiency and emissions reduction goals. On the economic front, the transition risks job displacement, necessitating supportive measures like re-skilling programs. The technology's equitable deployment hinges on eliminating bias in AI decision-making through inclusive development involving ethicists, technologists, and affected communities.\n\nBuilding public trust is essential, achievable through transparent communication and sharing of autonomous driving data. A holistic, collaborative approach involving diverse stakeholders is necessary to navigate these ethical challenges and ensure that autonomous driving technologies align with societal values and promote sustainable development."
2026-06-25T10:19:05.285853,individual,summ_0,summarization,Summarize the key challenges of AI ethics in autonomous driving.,4,2,"**Critique of the Draft:**\n\nThe draft effectively outlines the ethical challenges of integrating AI in autonomous vehicles but requires better organization and a deeper exploration of solutions to enhance clarity and originality. The narrative is segmented, and linking points under a unified ""ethical dimensions"" theme can improve coherence. It addresses well-known issues without a unique perspective or case studies, and lacks detail on international variations and future trends, restricting its completeness.\n\n**Rewritten Draft:**\n\nDeploying AI in autonomous driving involves multifaceted ethical challenges that necessitate a responsible integration into society. Key issues include:\n\n1. **Safety and Liability:** Harmonizing global legal frameworks to assign liability consistently is crucial. International collaboration can clarify responsibilities among manufacturers, developers, drivers, and insurers.\n\n2. **Data Privacy and Security:** Protecting data gathered by autonomous vehicles is vital. Strong data protection and bias-free AI systems are essential to maintain privacy and public trust, with research into encryption and anonymization as potential solutions.\n\n3. **Transparency and Trust:** Explainable AI (XAI) is needed to elucidate decision-making processes, thereby fostering trust. Case studies from other industries can showcase XAI's potential.\n\n4. **Societal Impacts:** Autonomous vehicles may disrupt employment and infrastructure. Policymakers should mitigate these effects and distribute benefits equitably, planning proactively for societal changes.\n\n5. **User Autonomy:** Maintaining a balance between automation and personal freedom is crucial. Human-centric design should cater to societal norms and allow user intervention.\n\n6. **Ethical Decision-Making in Critical Scenarios:** Developing AI that upholds human safety and moral standards in emergencies is imperative. Ethical frameworks and scenario-testing can guide these decisions.\n\nAddressing these challenges requires interdisciplinary collaboration among technologists, ethicists, policymakers, and legal experts to develop integrated strategies that uphold societal values, transparency, and human safety, ensuring ethical implementation globally."
2026-06-25T10:19:17.487808,individual,summ_0,summarization,Summarize the key challenges of AI ethics in autonomous driving.,4,3,"The ethical challenges posed by autonomous vehicles (AVs) are multifaceted and necessitate a comprehensive and structured approach for resolution. Firstly, the programming of AVs with ethical decision-making frameworks is essential to prioritize human safety, especially in high-stakes scenarios. This raises questions about how AVs should handle situations with potential harm, requiring standardized safety protocols aligned with societal norms to build public trust.\n\nSecondly, accountability in AV-related accidents presents a complex legal challenge involving various stakeholders like manufacturers and software developers. There is an urgent need for cohesive regulatory frameworks to clarify liability and enforce strict cybersecurity measures to protect the vast personal data AVs generate.\n\nThirdly, AV technology must be inclusive, addressing potential biases and ensuring accessibility across all demographics, while also being affordable to prevent exclusion of lower-income groups.\n\nAdditionally, AV adoption is likely to disrupt job markets, calling for strategic workforce retraining and environmentally sustainable technologies to mitigate emissions. Moreover, these challenges encompass the need for changes in public infrastructure, urban planning, and legislation to support AV integration.\n\nOverall, addressing these issues requires collaborative efforts among policymakers, industry leaders, and the general public to establish ethical guidelines and policies that ensure AV technologies enhance safety, equity, and environmental sustainability. Such an approach promises to improve societal welfare holistically."
2026-06-25T10:19:32.545928,individual,summ_0,summarization,Summarize the key challenges of AI ethics in autonomous driving.,4,4,"The draft provides a structured analysis of the ethical challenges in autonomous driving but requires improvements in several areas. Clarity can be enhanced by adding specific examples, such as illustrating bias in AI through potential discrimination in routing suggestions. The originality of the draft remains limited to conventional discussions, missing out on emerging topics like the environmental impact from AI's resource demands. Furthermore, the draft lacks a cohesive conclusion that ties its points together, instead abruptly shifting from issues to proposed solutions without summarizing a unified vision or strategy.\n\nIn the rewritten draft, ethical challenges are thoroughly addressed: safety is prioritized through rigorous testing and standardized risk protocols; accountability calls for clear legal frameworks to delineate responsibility post-accidents; data privacy emphasizes robust protection strategies to maintain user trust; a focus on unbiased AI requires diverse datasets and regular monitoring. On the societal and economic front, autonomous vehicles necessitate strategic planning to mitigate job market disruptions and urban changes, involving policymakers and experts. Additionally, environmental impacts from AI's resource demands should be curbed via efficient algorithms. Ethical advancement in autonomous driving should target transparency, clear guidelines, and stakeholder dialogue, allowing for responsible progress aligned with sustainability goals."
2026-06-25T10:13:24.095187,individual,summ_4,summarization,Summarize typical barriers to adopting new technologies in organizations.,0,0,"The draft effectively identifies the key barriers organizations face when adopting new technologies, such as organizational, financial, technological, cultural, and external/environmental obstacles. However, the critique notes a lack of logical coherence among these categories, which could be improved by illustrating interconnections and cumulative impacts. The draft could benefit from increased originality by incorporating real-world examples or case studies. Furthermore, adding strategies or best practices for overcoming these barriers would provide readers with practical insights. A strategic approach that includes stakeholder engagement, comprehensive employee training, robust change management, and alignment of technology initiatives with organizational goals is recommended to transform these barriers into opportunities for growth and innovation."
2026-06-25T10:13:41.422141,individual,summ_4,summarization,Summarize typical barriers to adopting new technologies in organizations.,0,1,"**Critique of the Draft:**\n\n1. **Clarity and Coherence**: The draft would benefit from a more organized structure, grouping barriers under broader categories like ""Financial"" and ""Cultural"" to improve clarity.\n\n2. **Originality**: While covering common barriers, the draft lacks unique insights or in-depth analysis. Including case studies of organizations that overcame these barriers could enhance originality.\n\n3. **Completeness**: Although comprehensive, the draft could provide more detailed strategies for overcoming the barriers to add practical value.\n\n**Rewritten Draft:**\n\nAdopting new technologies is crucial for organizational competitiveness and efficiency but is often hampered by several barriers that need careful consideration and mitigation under the following categories:\n\n**1. Financial Barriers**: Organizations face challenges with high initial costs and uncertain ROI, leading to budget constraints and hesitancy about potential benefits.\n\n**2. Cultural Barriers**: Resistance to change among employees and anxiety over role changes due to automation hinder technological integration.\n\n**3. Technical Barriers**: Lack of in-house expertise and integration issues with outdated systems pose significant challenges.\n\n**4. Security and Compliance Barriers**: Cybersecurity risks and regulatory compliance concerns can deter adoption, especially in sensitive sectors.\n\n**5. Strategic Barriers**: Bureaucratic delays, insufficient leadership support, and vendor mistrust complicate the adoption process.\n\nOrganizations should adopt a strategic approach focusing on clear communication, meticulous planning, and strong leadership to address these challenges. Real-world case studies of successful navigation through similar barriers can offer valuable insights and practical solutions."
2026-06-25T10:13:59.168365,individual,summ_4,summarization,Summarize typical barriers to adopting new technologies in organizations.,0,2,"The draft highlights several critical barriers to technology adoption in organizations, requiring strategic planning for effective implementation. Key barriers include:\n\n1. **Financial Investment**: High initial and ongoing costs necessitate thorough cost-benefit analyses to ensure long-term efficiencies justify expenses.\n\n2. **Resistance and Adaptation**: Resistance due to fear of change requires robust change management strategies, emphasizing personal and organizational benefits to improve acceptance.\n\n3. **Skill and Knowledge Gaps**: Addressing skills shortages through continuous training and hiring specialized talent is essential to mitigate inefficiencies.\n\n4. **Cultural and Organizational Dynamics**: Organizations must cultivate a culture open to innovation, which may require shifts in leadership and internal communication practices.\n\n5. **Systems Integration Hurdles**: Effective integration of new technologies with legacy systems demands comprehensive planning and expert involvement to avoid cost overruns.\n\n6. **Data Protection Concerns**: Ensuring data security and regulatory compliance is crucial for technologies handling sensitive information, necessitating strong security measures.\n\n7. **Communicating Benefits and Gaining Support**: Clear communication of technology benefits is vital to securing stakeholder support and maintaining project momentum.\n\n8. **Leadership and Management Role**: Strong leadership and active management support are essential for prioritizing and directing technology adoption projects.\n\n9. **Allocating Time and Resources**: Careful planning is required to minimize disruptions and maintain productivity during technology implementation.\n\n10. **Reliance on External Vendors**: Choosing reliable technology partners and having contingency plans for vendor disruptions are critical for seamless operations.\n\nEnhanced originality could be achieved by incorporating insights on emerging challenges, such as digital ecosystem changes or remote work trends, and discussing external factors like regulatory impacts or competitive pressures. Overall, systematically addressing these barriers fosters a culture of adaptability and continuous learning, enabling successful technology integration in a dynamic business environment."
2026-06-25T10:14:17.966042,individual,summ_4,summarization,Summarize typical barriers to adopting new technologies in organizations.,0,3,"The rewritten draft outlines typical barriers organizations face when adopting new technologies, emphasizing the importance of strategic navigation for successful implementation. Key barriers highlighted include the following:\n\n1. **Financial Constraints**: High initial costs, including equipment, integration, and training expenses, particularly challenge small businesses without strategic planning.\n\n2. **Resistance to Change**: Employee fears of job displacement and management skepticism hinder adoption, requiring insight into psychological resistance to overcome.\n\n3. **Lack of Expertise**: A deficiency in in-house skills necessitates reliance on costly consultants or recruiting, especially in fast-evolving tech sectors.\n\n4. **Cultural Barriers**: Cultures resistant to innovation can impede progress, with rigid hierarchies complicating necessary collaborative efforts.\n\n5. **Integration Challenges**: Compatibility issues with legacy systems can disrupt operations without thorough planning and customization.\n\n6. **Lack of Strategic Vision**: Aligning technology goals with broader business objectives ensures cohesive and successful adoption strategies.\n\n7. **Security and Privacy Concerns**: Protecting against data breaches and meeting regulatory requirements is critical in sectors like finance and healthcare.\n\n8. **Market Uncertainty**: Fears of obsolescence deter investment as rapid innovation may render technology prematurely outdated.\n\n9. **Vendor Dependence and Trust**: Organizations wary of unreliable vendor support must evaluate reputations and establish strong contracts.\n\n10. **Regulatory Compliance**: Industries under strict regulations must rigorously ensure new technologies meet standards, potentially delaying progress.\n\nSuccessful organizations tackle these barriers with strategic planning, strong leadership, employee engagement, and ongoing training, fostering an environment conducive to sustained innovation and growth."
2026-06-25T10:14:31.890713,individual,summ_4,summarization,Summarize typical barriers to adopting new technologies in organizations.,0,4,"The revised draft effectively categorizes the key barriers to technology adoption within organizations as follows: Cultural Resistance, Skill Gaps, Financial Constraints, Integration Challenges, Hierarchy and Silos, Leadership Involvement, Employee Concerns, Regulatory Compliance, Perceived Necessity, and Adaptation and Feedback. While the draft is organized and covers a broad range of challenges, it can be improved for clarity by reducing repetition, particularly concerning resistance due to unclear benefits. It lacks originality, primarily listing common barriers without unique insights or examples. To enhance completeness, it should emphasize the importance of continuous monitoring and feedback loops, which help refine strategies and improve implementation. Organizations can address these hurdles by fostering a culture of innovation, investing in training, ensuring strong leadership, and maintaining adaptable change management practices, which involve stakeholders and transparently communicate benefits to facilitate adoption."
2026-06-25T10:14:46.801295,individual,summ_4,summarization,Summarize typical barriers to adopting new technologies in organizations.,1,0,"The revised draft offers a clearer structure identifying significant barriers—organizational, financial, technological, cultural, and external/environmental—that impede technology adoption. For each category, actionable strategies are suggested: employing change management and strategic alignment for organizational barriers, conducting cost-benefit analyses for financial challenges, investing in IT support and training for technological hurdles, fostering a culture of learning for cultural resistance, and staying informed on regulations and vendor relations for external barriers. However, the draft lacks original insights and real-world examples that could enhance depth and reader engagement. Including detailed case studies or anecdotes, such as how Company X managed financial hurdles through strategic investment and training, would strengthen the narrative by illustrating practical applications of these strategies."
2026-06-25T10:14:59.526813,individual,summ_4,summarization,Summarize typical barriers to adopting new technologies in organizations.,1,1,"The draft outlines significant barriers organizations face when adopting new technologies and suggests strategies for overcoming them. It highlights:\n\n1. **Financial Barriers**: High initial costs and uncertain ROI can impede progress due to budget constraints.\n   \n2. **Cultural Barriers**: Employee resistance and fear of job disruption due to automation demand effective change management.\n   \n3. **Technical Barriers**: A lack of in-house expertise and challenges in integrating with legacy systems hinder technical adoption.\n\n4. **Security and Compliance Barriers**: Navigating cybersecurity threats and regulatory requirements is crucial for sectors managing sensitive data.\n\n5. **Strategic Barriers**: Bureaucratic inertia and leadership gaps slow technological adoption.\n\nThe draft suggests adopting a strategic approach with clear communication, comprehensive planning, and decisive leadership. Incorporating real-world case studies could enhance originality and relatability by offering concrete examples of successful barrier navigation. Introducing strategies to address each barrier comprehensively would provide a fuller overview. A concluding summary ties these insights together, emphasizing the importance of overcoming these hurdles for sustained competitive advantage and operational efficiency."
2026-06-25T10:15:19.655701,individual,summ_4,summarization,Summarize typical barriers to adopting new technologies in organizations.,1,2,"The revised draft critiques the original content’s clarity, originality, and completeness, proposing a more systematic structure to enhance understanding. It suggests organizing barriers by their role in the technology adoption process and integrating more specific, contemporary examples to provide fresh perspectives. The final draft outlines key barriers to technology adoption in organizations, such as financial constraints, resistance to change, skill gaps, cultural resistance, and integration issues. It emphasizes strategic interventions like robust change management, comprehensive training, nurturing innovation-friendly cultures, and ensuring data security. Additionally, it highlights the importance of leadership support, effective communication with stakeholders, meticulous resource planning, and managing dependencies on external vendors. The draft concludes by stressing the need for organizations to remain agile amidst evolving digital ecosystems and regulatory changes, advocating for a culture of continuous learning to enhance resilience and innovation."
2026-06-25T10:15:34.217387,individual,summ_4,summarization,Summarize typical barriers to adopting new technologies in organizations.,1,3,"The revised draft emphasizes the transformative benefits of adopting new technologies, such as increased efficiency and enhanced competitiveness, while acknowledging the various obstacles organizations may face. It identifies common barriers, including financial constraints, resistance to change, skills gaps, cultural issues, integration challenges, lack of strategic vision, security concerns, market uncertainties, vendor dependence, and regulatory compliance. To address these, the draft suggests strategic planning, leadership commitment, employee involvement, and continuous training. The critique highlights areas for improvement: a need for better clarity and coherence with a structured narrative, the integration of unique insights or real-world examples to boost originality, and a deeper exploration of the interconnectedness of barriers and holistic solution strategies to improve completeness."
2026-06-25T10:15:52.998657,individual,summ_4,summarization,Summarize typical barriers to adopting new technologies in organizations.,1,4,"The draft evaluates barriers organizations face when adopting new technologies and suggests strategies for overcoming them. Key challenges include:\n\n1. **Cultural and Perceptual Resistance**: Employees may resist change due to comfort with existing processes and skepticism about new systems. Addressing this requires fostering a culture that values innovation and clear communication about technological benefits.\n\n2. **Skill Gaps and Continuous Learning**: Adoption demands investment in training, and as technology evolves, ongoing learning is essential to maintain skill relevance.\n\n3. **Financial Constraints**: Cost can be a barrier; organizations need to demonstrate expected returns to secure necessary funding.\n\n4. **Technical and Integration Challenges**: Seamless integration with current systems can be difficult, necessitating strong IT infrastructure and strategic planning.\n\n5. **Organizational Structure and Communication**: Hierarchical silos may hinder collaboration, but promoting cross-functional teamwork can aid adoption.\n\n6. **Leadership Involvement**: Effective leadership is crucial. Leaders must actively support and communicate the strategic benefits to encourage organizational buy-in.\n\n7. **Employee Concerns and Job Security**: Fears of job displacement need addressing by involving staff in transition planning and providing reassurances.\n\n8. **Regulatory and Compliance Obligations**: Adhering to regulatory standards is essential, requiring ongoing risk assessments and updates.\n\n9. **Adaptation and Feedback Mechanisms**: Technologies should be adaptable to organizational needs, with established feedback systems for continuous improvement.\n\nTo enhance clarity and originality, the document should more concisely merge similar points, such as those related to cultural resistance, and provide examples of organizations successfully navigating these challenges. Additionally, incorporating discussions on timing, continual learning, and technology's impact on skill relevance can offer a fuller perspective. Through strategic planning, maintaining transparent communication, and fostering an environment conducive to learning, organizations can navigate these barriers effectively."
2026-06-25T10:16:13.486236,individual,summ_4,summarization,Summarize typical barriers to adopting new technologies in organizations.,2,0,"The critique highlights three key areas for improvement in the draft: **clarity and coherence**, **originality**, and **completeness**. The draft attempts to categorize barriers to adopting new technologies within organizations into organizational, financial, technological, cultural, and external/environmental challenges. However, the transitions between these categories need smoother integration, particularly for embedding strategies to overcome these hurdles.\n\n1. **Organizational Barriers**: Resistance to change and lack of strategic alignment are prominent concerns. Organizations are encouraged to adopt change management strategies, involve employees in decisions, and ensure technology aligns with organizational goals.\n\n2. **Financial Barriers**: New technologies often entail high initial costs. A detailed cost-benefit analysis and phased rollouts can alleviate financial pressures, fostering long-term financial gains.\n\n3. **Technological Barriers**: Complex and incompatible technologies pose challenges. Investing in skilled IT support, comprehensive training programs, and addressing skill gaps can ensure effective adoption and integration.\n\n4. **Cultural Barriers**: Resistance can stem from organizational culture. Cultivating a culture of learning and innovation can facilitate technological changes.\n\n5. **External/Environmental Barriers**: Regulatory requirements and vendor constraints necessitate organizations to stay informed and maintain robust vendor relationships. A deeper exploration of such barriers with industry-specific examples can enhance understanding.\n\nThe **Case Study** of Company X illustrates effective strategies: phased ERP system implementation and targeted training for key staff to ensure both financial prudence and operational readiness.\n\nThe draft would benefit from broader examples to provide nuanced insight, illustrating strategic applications across varied industries and improving its originality and completeness."
2026-06-25T10:16:27.085703,individual,summ_4,summarization,Summarize typical barriers to adopting new technologies in organizations.,2,1,"The revised draft identifies key barriers to technology adoption in organizations, highlighting financial, cultural, technical, security, and strategic challenges. It emphasizes the importance of a cohesive approach, linking these barriers to their collective impact on competitiveness. Financial constraints, especially for smaller enterprises, can be alleviated through creative financing. Cultural resistance requires promoting innovation through clear communication and employee development. Technical hurdles, including skill gaps and legacy system issues, can be addressed through training and expert collaboration. Security and compliance concerns necessitate robust data protection measures and regulatory awareness. Strategic barriers stem from leadership vision misalignment, which can be rectified by establishing a forward-thinking technology leadership team. Overall, the draft suggests that a strategic, well-planned approach, guided by industry case studies, can streamline technology adoption and maintain competitive advantage. To strengthen the narrative, integrating unconventional insights and industry-specific trends would provide a deeper understanding of these challenges."
2026-06-25T10:16:41.840488,individual,summ_4,summarization,Summarize typical barriers to adopting new technologies in organizations.,2,2,"Critique Summary:\n\nThe draft should enhance clarity and coherence by streamlining the structure within each category of barriers and solutions and ensuring each solution directly addresses a corresponding barrier. Originality can be improved by incorporating distinctive perspectives or real-world examples. Moreover, the draft lacks discussions on technological obsolescence and cross-departmental collaboration as a facilitating factor in technology adoption, which would render it more complete.\n\nRevised Draft Summary:\n\nOrganizations encounter several barriers to adopting new technologies, impacting their capacity to innovate. Key obstacles include financial constraints, resistance to change, skill gaps, cultural resistance, and integration issues. Financial limitations strain budgets, resistance to change arises from uncertainty, skill gaps demand training investments, cultural obstacles stem from non-innovative norms, and integration challenges can disrupt operations.\n\nTo counter these barriers, organizations should employ solutions such as structured change management to handle resistance, targeted training to fill skills gaps, and fostering a culture open to innovation. Leadership advocacy, clear communication, and strategic resource allocation ensure cohesive progress, while strong vendor partnerships assist in technical integration. Addressing technological obsolescence and bolstering cross-departmental collaboration further enhance adaptability. By nurturing a continuous learning environment, organizations can navigate digital change and ensure sustained growth."
2026-06-25T10:16:55.476748,individual,summ_4,summarization,Summarize typical barriers to adopting new technologies in organizations.,2,3,"Organizations face several barriers when adopting new technologies, which can be grouped into financial, human capital, and technical challenges. Financial barriers involve the initial and ongoing costs, which can be addressed through strategic planning and phased implementation to align expenses with long-term benefits. Human capital barriers arise from resistance to change and skills gaps among employees, which require fostering a culture of innovation, engaging employees in the change process, and investing in targeted training programs. Technical barriers include integration difficulties and security concerns, which necessitate early involvement of technical experts and robust cybersecurity practices.\n\nAdditionally, external pressures such as market volatility, regulatory compliance, and vendor dependencies add complexity. Successful technology adoption requires aligning technology goals with business objectives, demonstrating clear leadership commitment, and fostering employee buy-in through involvement and continuous training. By incorporating real-world examples and a structured approach, organizations can effectively overcome these barriers, enhancing efficiency and competitive advantage."
2026-06-25T10:17:12.350218,individual,summ_4,summarization,Summarize typical barriers to adopting new technologies in organizations.,2,4,"The revised draft provides a structured approach to addressing the challenges organizations face when adopting new technologies, emphasizing strategic solutions and forward-thinking. Key barriers include cultural and perceptual resistance, skill gaps, financial constraints, technical integration challenges, and organizational communication issues. The draft underscores the importance of fostering innovation, investing in continuous learning, and articulating the financial benefits of technology adoption. It highlights the role of leadership in driving change, addressing employee job security concerns, and ensuring regulatory compliance. Finally, it stresses the value of adaptation through robust feedback mechanisms. Strategic planning, open communication, and a learning-centric environment are recommended to facilitate successful adoption, with case studies suggested to inspire and guide others through similar transitions."
2026-06-25T10:17:32.162289,individual,summ_4,summarization,Summarize typical barriers to adopting new technologies in organizations.,3,0,"The revised draft outlines the challenges of adopting new technologies within organizations, categorized as organizational, financial, technological, cultural, and external/environmental barriers, each requiring strategic intervention for successful integration.\n\n1. **Organizational Barriers:** Addressing resistance to change involves aligning technology with organizational goals and engaging employees early in the process. Effective change management, as shown by a multinational corporation using cross-departmental teams, can facilitate buy-in and smooth transitions.\n\n2. **Financial Barriers:** To manage high costs, organizations should perform cost-benefit analyses and implement phased technology rollouts, as demonstrated by the automotive sector's gradual electric vehicle technology adoption, which minimizes upfront costs.\n\n3. **Technological Barriers:** Overcome complexities through investment in skilled IT personnel, comprehensive training, and closing skill gaps. A partnership between a healthcare provider and a tech firm for joint training exemplifies successful integration with minimal disruption.\n\n4. **Cultural Barriers:** Transform resistant cultures by promoting learning and encouraging experimentation. In the finance sector, a reward system for innovative solutions fostered receptiveness to digital banking amidst staff.\n\n5. **External/Environmental Barriers:** Successfully navigating regulatory constraints and vendor issues involves staying informed on industry standards and fostering strong vendor relationships, as a telecommunications company did through early regulatory alignment.\n\nThe draft calls for a proactive approach informed by diverse case studies to effectively address these barriers, ensuring smoother transitions and competitive advantages."
2026-06-25T10:17:44.249296,individual,summ_4,summarization,Summarize typical barriers to adopting new technologies in organizations.,3,1,"Adopting new technologies in organizations involves navigating various barriers, including financial, cultural, technical, security, and strategic challenges. To ensure successful integration, each hurdle should be strategically addressed.\n\n**Financial Constraints:** Organizations, especially smaller ones, often struggle with budget limitations. Implementing innovative financing solutions like leasing models or government grants can alleviate these constraints, enabling access to advanced technology.\n\n**Cultural Resistance:** Employees may resist change due to fear of the unknown. Businesses can counter this by cultivating a culture of innovation, emphasizing the benefits of new technology, and investing in continuous staff development. Early and transparent communication can also foster employee buy-in.\n\n**Technical Barriers:** Skill gaps and system compatibility issues are common obstacles. Tailored training programs and collaboration with technology experts can bridge these gaps and facilitate seamless integration with legacy systems.\n\n**Security and Compliance Concerns:** Data protection and compliance are critical in today's digital landscape. Organizations must implement strong data protection measures and stay current with regulatory requirements to navigate these concerns effectively.\n\n**Strategic Barriers:** Misalignment between technology initiatives and business objectives can impede adoption. Establishing a technology-focused leadership team can help align technological efforts with organizational goals, promoting a future-ready strategy.\n\nOverall, a strategic and coordinated approach—leveraging case studies, industry insights, and staying informed on trends—can help organizations overcome these barriers and adopt new technologies effectively, ensuring adaptability and long-term success."
2026-06-25T10:17:59.653165,individual,summ_4,summarization,Summarize typical barriers to adopting new technologies in organizations.,3,2,"The draft identifies key barriers to technology adoption in organizations, such as financial constraints, resistance to change, skill gaps, cultural inertia, and integration challenges. However, it could benefit from clearer transitions between identifying challenges and suggesting solutions. Moreover, incorporating specific case studies could enhance its originality and interest.\n\nOrganizations often struggle with technology adoption due to limited budgets, resistance among employees fearing job insecurity, skill deficiencies requiring resource-intensive training, culture preferring traditional methods, and technical difficulties with system integration. To overcome these, strategies include:\n\n1. **Change Management:** Implement processes to mitigate resistance, engaging employees early, maintaining transparency, and offering adoption incentives.\n2. **Targeted Training:** Create tailored programs to upgrade employee skills, ensuring readiness for new technologies.\n3. **Cultural Transformation:** Develop an innovation-centric culture encouraging open-mindedness and risk-taking.\n4. **Integration Support:** Partner with vendors for seamless integration and ongoing support.\n5. **Leadership Advocacy:** Leaders should visibly endorse and exemplify technology adoption to shift attitudes.\n6. **Cross-Departmental Collaboration:** Foster cross-departmental collaboration to streamline technological needs and redundancy identification.\n\nAddressing these barriers through strategic actions can help organizations effectively adopt new technologies, enhancing their competitiveness and fostering an environment of continuous growth."
2026-06-25T10:18:14.692397,individual,summ_4,summarization,Summarize typical barriers to adopting new technologies in organizations.,3,3,"The critique highlights areas for improvement in a draft discussing barriers to technology adoption. It suggests enhancing readability by using distinct subheadings for ""External Barriers"" and ""Solutions"" and calls for more depth and originality through specific examples or case studies. The critique also points out that the draft lacks thorough exploration of ""external barriers"" and confuses barriers with solutions due to their integration.\n\nThe revised draft identifies key barriers—financial, human capital, technical, and external. It emphasizes strategic planning for financial constraints, cultural and training initiatives to mitigate human resistance, expert involvement to tackle technical integration and security, and maintaining informed external relationships to manage compliance and market dependencies. For overcoming these hurdles, it stresses aligning tech strategies with business goals, ensuring leadership commitment, stakeholder involvement, and using case studies to enhance efficiencies and competitiveness. Addressing these aspects positions organizations to better leverage technological innovation."
2026-06-25T10:18:26.819730,individual,summ_4,summarization,Summarize typical barriers to adopting new technologies in organizations.,3,4,"The draft on adopting new technologies needs improved clarity, originality, and completeness. It discusses barriers like cultural resistance, skill gaps, financial constraints, technical integration issues, and communication problems, but lacks a coherent structure and misses opportunities for unique insights. To enhance clarity, related barriers and solutions should be grouped for smoother transitions. Including less common challenges or solutions would increase originality, while considering diverse organizational contexts would add depth.\n\nIn revising the draft, organizations face cultural and perceptual resistance to new technologies, with employees preferring established processes and fearing change. To combat this, organizations should promote a culture of innovation and continuous learning by offering skill development programs and fostering open dialogues. Financial constraints and technical integration challenges also pose significant hurdles, requiring careful financial planning and resource allocation for seamless system integration. Clear communication of the benefits and strategic value of technology adoption is crucial to securing stakeholder support.\n\nLeadership plays a critical role in addressing concerns and ensuring compliance, while strategic planning and feedback loops enhance adaptability. Studying successful case studies can provide inspiration and tailored strategies for overcoming obstacles and leveraging new technologies effectively. Integrating these practices ensures a smoother transition and maximizes the potential of technology adoption."
2026-06-25T10:18:43.860840,individual,summ_4,summarization,Summarize typical barriers to adopting new technologies in organizations.,4,0,"**Critique of the Draft:**\n\n1. **Clarity and Coherence:** The draft effectively categorizes barriers to technology adoption, but some sections, like ""Financial Barriers,"" need clearer explanations. It mentions the slow adoption of electric vehicles without linking it to phased rollouts, risking reader confusion.\n\n2. **Originality:** While the draft includes industry examples, it lacks unique insights. Incorporating current technology trends and recent examples could enhance its originality and relevance.\n\n3. **Completeness:** The draft covers various barriers but lacks depth in exploring solutions. It could benefit from detailing specific strategies to address each barrier for a more comprehensive understanding.\n\n**Rewritten Draft:**\n\nOrganizations encounter several barriers when adopting new technologies, which can be categorized as organizational, financial, technological, cultural, and external/environmental challenges.\n\n1. **Organizational Barriers:** Resistance to change is common. Aligning technologies with strategic goals and involving employees early can secure engagement. Cross-functional teams can offer diverse perspectives to facilitate smoother transitions.\n\n2. **Financial Barriers:** High costs are daunting, but phased implementations and comprehensive cost-benefit analyses can manage expenses. The automotive industry's gradual adoption of electric vehicles is a prime example of this approach.\n\n3. **Technological Barriers:** Overcoming the complexity of new technologies requires investments in IT skills and training. Partnerships with tech companies, like in the healthcare sector, can effectively bridge skill gaps and reduce disruptions.\n\n4. **Cultural Barriers:** Resistance rooted in organizational culture can be mitigated by fostering a learning environment. In finance, reward systems encourage openness to digital innovations.\n\n5. **External/Environmental Barriers:** Regulatory and vendor challenges can be daunting. Staying informed on industry regulations and building strong vendor partnerships are key. A telecommunications firm's proactive planning exemplifies successful regulatory compliance and vendor cooperation.\n\nIn conclusion, addressing these barriers strategically and drawing insights from diverse case studies can help organizations integrate new technologies smoothly and maintain a competitive edge."
2026-06-25T10:18:59.578774,individual,summ_4,summarization,Summarize typical barriers to adopting new technologies in organizations.,4,1,"The revised draft on adopting new technologies in organizations identifies financial constraints, cultural resistance, technical issues, security concerns, and strategic misalignment as key barriers. It suggests solutions like leasing models or phased adoption plans to manage financial constraints, fostering a culture of innovation to counter cultural resistance, and tailored upskilling programs to address technical barriers. For security concerns, strict data protection and compliance measures are recommended. Strategic barriers require alignment of tech initiatives with business goals, possibly through a designated technology leadership team. The critique highlights a need for smoother transitions between points and more originality, suggesting enhanced depth through innovative solutions and interconnected strategies. Including real-world examples would provide additional insight and underscore the strategies' practical effectiveness. Overall, a comprehensive strategy informed by industry insights and ongoing evaluation is essential for organizations to thrive in a rapidly evolving technological landscape."
2026-06-25T10:19:13.155589,individual,summ_4,summarization,Summarize typical barriers to adopting new technologies in organizations.,4,2,"The draft on barriers to technology adoption outlines several challenges organizations face, such as financial constraints, resistance to change, skill gaps, cultural inertia, and integration issues. However, the transition from identifying these barriers to suggesting solutions is abrupt, lacking clear transitions. The critique suggests enhancing originality by adding unique insights and recent research, and improving completeness by incorporating specific examples or case studies.\n\nThe revised draft proposes tailored strategies for each barrier. To address financial constraints, it suggests innovative funding models and phased implementation. For resistance to change, involving employees and tackling job-related concerns early is key. Skill gaps can be mitigated through targeted training programs that align with technology rollouts. Overcoming cultural inertia requires fostering curiosity and learning within the organization. Integration challenges can be managed by planning for interoperability and ensuring robust technical support.\n\nStrategic solutions outlined include change management processes with clear communication and incentives, educational initiatives to bridge skill gaps, cultural transformation to prioritize innovation, and strong technical support by collaborating with vendors. Leadership endorsement and interdepartmental cooperation are also stressed as crucial elements for successful technology adoption.\n\nIncluding real-world scenarios, like a healthcare provider successfully transitioning to a new electronic health record system through structured training and technical support, or a manufacturing company employing phased funding for automation technologies, could provide practical insights, enhance relatability, and strengthen the content’s impact. By incorporating these elements, organizations can better tackle technology adoption barriers and foster innovation and growth."
2026-06-25T10:19:28.502032,individual,summ_4,summarization,Summarize typical barriers to adopting new technologies in organizations.,4,3,"### Critique and Revised Overview\n\n**Clarity and Coherence**: The draft is mostly clear, but can be improved by condensing repetitive sections, such as those regarding aligning technology and business goals, to enhance readability.\n\n**Originality**: It lacks depth in exploring unique insights or recent trends like post-pandemic remote work technologies. Incorporating these would provide a more innovative view.\n\n**Completeness**: Solutions to barriers need more depth beyond superficial strategies. Detailed examples or case studies could better guide the audience.\n\n### Revised Overview\n\nOrganizations face various barriers to adopting new technologies, including financial, human capital, technical, and external challenges.\n\n1. **Financial**: Significant investment is necessary for new technologies, often restricted by budget limitations. Strategic financial planning and prioritizing technology that aligns with business objectives are vital.\n\n2. **Human Capital**: Resistance from employees, due to fears like job displacement, is common. Cultivating a supportive culture through comprehensive training can ease transitions.\n\n3. **Technical**: Challenges include system integration, data migration, and cybersecurity risks. Partnering with tech experts and building a resilient IT framework are essential strategies.\n\n4. **External**: Regulatory compliance, market shifts, and competition can impede adoption. Engaging with industry developments and stakeholders helps manage these effectively.\n\nTo overcome these barriers, aligning technology strategies with business objectives through strong leadership and stakeholder involvement is crucial. Real-world case studies can inspire successful adoption. Furthermore, organizations should address emerging trends, such as remote work technologies, to enhance efficiency and competitiveness."
2026-06-25T10:19:41.876264,individual,summ_4,summarization,Summarize typical barriers to adopting new technologies in organizations.,4,4,"The adoption of new technologies in modern organizations faces several key barriers that demand strategic management for a smooth transition. **Cultural Resistance and Leadership**: Employees often resist change due to unfamiliar processes and established routines. Leaders can play a crucial role by fostering a culture of innovation, engaging employees in dialogue about technological benefits, and providing skill development opportunities to alleviate fears. **Skill Gaps**: Organizations must invest in tailored training programs to bridge expertise gaps and build confidence in new systems. **Financial Constraints**: Significant investments are often required for technology adoption, necessitating careful resource management and strategies like phased rollouts to align with budgetary constraints. **Technical Integration**: Integrating new technologies with existing systems requires detailed planning and might benefit from external partnerships to ensure compatibility. **Communication and Awareness**: Clear communication of the strategic benefits of new technologies and success metrics is essential to gain stakeholder support. **Learning from Others and Strategic Planning**: Analyzing case studies and setting feedback loops can provide valuable insights and enhance adaptive strategies. Addressing additional challenges like regulatory compliance can deepen the understanding of technology adoption dynamics. By tackling these barriers with tailored strategies, organizations can effectively implement new technologies to foster sustainable growth and innovation."
2026-06-25T10:13:16.628179,individual,summ_2,summarization,Summarize the advantages and disadvantages of online education.,0,0,"Online education, increasingly prevalent in recent years, presents distinct advantages and challenges compared to traditional education. Its benefits include:\n\n1. **Flexibility and Convenience**: Learners can study at their own pace and on their schedule, which is ideal for those balancing education with other commitments. They can also study from any location with internet access.\n   \n2. **Accessibility**: Online platforms provide educational opportunities for those in remote areas or with mobility issues, offering extensive courses and expert instruction.\n\n3. **Variety and Customization**: A wide array of courses and institutions globally allows students to tailor their education to personal and career goals, with regularly updated content reflecting current trends.\n\n4. **Cost-Effectiveness**: Online programs often reduce tuition fees and ancillary costs, making education financially accessible to more people.\n\n5. **Technological Proficiency**: Engaging with digital platforms enhances digital literacy, a valuable skill in the workforce.\n\n6. **Personalized Learning**: Online education can leverage data analytics to provide customized learning experiences suited to individual needs.\n\nHowever, online education also has notable drawbacks:\n\n1. **Limited Social Interaction**: There is often less social engagement, which may hinder the development of communication and teamwork skills, as well as limit networking opportunities.\n\n2. **Self-Discipline Required**: The absence of a structured classroom environment demands strong self-motivation and discipline, challenging for some learners.\n\n3. **Technical Challenges**: Reliable internet and technology access are needed, with potential technological disruptions and privacy concerns.\n\n4. **Quality Concerns**: Some programs might lack proper accreditation, affecting their credibility and educational value.\n\n5. **Limited Practical Experience**: Courses needing hands-on experience may struggle to effectively replicate real-world scenarios online.\n\n6. **Assessment Challenges**: Online assessments may face issues with academic integrity and effectiveness of feedback.\n\nIn summary, while online education offers flexibility, accessibility, and personalization, it requires careful selection of credible programs and strategies to foster engagement and maintain academic integrity. Success largely depends on managing these challenges in line with individual learning styles and study fields."
2026-06-25T10:13:41.549577,individual,summ_2,summarization,Summarize the advantages and disadvantages of online education.,0,1,"The revised critique of an online education draft suggests improvements in clarity, originality, and completeness. The draft should have more concise language, impactful headings, and specific examples or statistics to enhance originality. Balance is needed by expanding on disadvantages like the digital divide.\n\n**Revised Draft:**\n\nOnline education's rising popularity presents both advantages and disadvantages for learners, educators, and institutions. \n\n### Advantages:\n\n1. **Flexibility and Accessibility**: Students can study at their own pace and from any location with internet access, providing global educational opportunities without relocating.\n   \n2. **Diverse Learning Resources**: Offers varied formats like videos and podcasts, accommodating different learning styles and enabling on-demand content access.\n\n3. **Cost-Effectiveness**: Reduces costs associated with commuting and provides financial savings from online resources.\n\n4. **Personalized Learning**: Supports self-paced progress with adaptive technologies catering to individual learner needs.\n\n5. **Expanded Course Selection**: Access to a wider range of subjects and renowned global experts.\n\n### Disadvantages:\n\n1. **Limited Social Interaction**: Lack of face-to-face engagement can impact communication skills and lead to isolation.\n\n2. **Technological Challenges**: Inequality in internet access and technical issues can hinder participation.\n\n3. **Challenges in Self-Discipline**: Requires strong self-motivation and time management to prevent procrastination.\n\n4. **Quality and Accreditation**: Varied standards necessitate careful selection of programs, as online degrees are sometimes undervalued.\n\n5. **Assessment and Integrity**: Maintaining academic integrity and adapting assessments for online platforms remain challenging.\n\nIn conclusion, while online education offers flexibility and cost benefits, it also requires overcoming challenges related to self-discipline and technology. As technology evolves, these dynamics will continue shaping the education sector."
2026-06-25T10:14:01.287125,individual,summ_2,summarization,Summarize the advantages and disadvantages of online education.,0,2,"The revised critique and draft highlight that while the original draft of the online education analysis is clear and organized, it suffers from redundancy and lacks originality. The suggestions include consolidating sections like ""Schedule Flexibility"" and ""Location Independence"" and incorporating discussions on emerging trends, such as hybrid models and AI. The revised draft effectively summarizes the pros and cons of online education, emphasizing flexibility, accessibility, diverse resources, cost-efficiency, and skill enhancement as benefits, alongside challenges like limited social interaction, self-motivation issues, technical barriers, course quality variability, and assessment integrity concerns. It advises prospective students to weigh these factors against their goals and suggests integrating AI and hybrid models as advancements to address some challenges."
2026-06-25T10:14:23.211781,individual,summ_2,summarization,Summarize the advantages and disadvantages of online education.,0,3,"The draft on online education is well-structured, featuring clear sections for its advantages and disadvantages. However, it could be more concise, particularly by merging overlapping points, such as ""Flexibility and Convenience"" with ""Self-Discipline and Self-Paced Learning."" Despite its comprehensive coverage, the draft tends to lack originality, focusing on widely acknowledged points. Incorporating specific examples or recent studies could enhance its depth and engagement. Additionally, discussing online education's role in fostering global learning communities and the technological advancements mitigating current drawbacks could provide a more rounded perspective.\n\n**Rewritten Summary:**\n\nOnline education, supported by digital platforms and management systems, offers significant benefits and challenges distinct from traditional learning environments.\n\n**Advantages include:**\n- **Flexibility and Self-Paced Learning:** Allows students to learn at their own schedule, creating accessibility for those with work and family commitments, and promoting inclusivity.\n- **Broad Accessibility:** Bridges geographical gaps, offering high-quality resources to remote areas, democratizing education.\n- **Diverse Opportunities:** Provides a vast array of programs for exploring niche interests and advanced studies.\n- **Cost Efficiency:** Reduces costs associated with commuting and materials, often offering free or cheap resources.\n- **Technological Engagement:** Utilizes interactive tools like forums and webinars for dynamic learning.\n\n**Disadvantages encompass:**\n- **Reduced Social Interaction:** Limits face-to-face contact, affecting social skill development and collaborative learning.\n- **Insufficient Practical Experience:** Challenges in replicating hands-on training for fields like laboratory sciences and arts.\n- **Technological Constraints:** Barriers due to unreliable internet or inadequate technology can hinder learning.\n- **Self-Motivation Challenges:** Online learning demands self-discipline, which may lead some to procrastination due to the lack of structured environments.\n- **Variable Quality and Accreditation:** Diverse quality standards necessitate careful evaluation of program reputation and accreditation.\n- **Assessment and Feedback Issues:** Online platforms may struggle with providing effective, timely assessments, and maintaining academic integrity.\n\nIn summary, while online education's flexibility and accessibility are significant advantages, challenges such as reduced social interaction and practical training require careful consideration. Advancements in technology could potentially alleviate some of these issues, underscoring the importance of thoughtful engagement by students and educators."
2026-06-25T10:14:41.149875,individual,summ_2,summarization,Summarize the advantages and disadvantages of online education.,0,4,"The draft effectively outlines the benefits and challenges of online education with clear organization. It covers advantages like flexibility, accessibility, diverse offerings, cost-effectiveness, technology integration, skill development, and personalized learning. Disadvantages include lack of social interaction, self-motivation requirements, technical issues, assessment challenges, and credibility concerns. However, the content lacks unique insights and could benefit from fresh perspectives, such as recent trends or expert opinions, to enhance originality. Adding real-world examples or student testimonials could provide context. The conclusion summarizes the benefits and challenges well but could be expanded to reflect their impact on different learners. Overall, the draft is comprehensive but could delve deeper into how technology enhances learning and the evolving quality standards in online education."
2026-06-25T10:14:57.294847,individual,summ_2,summarization,Summarize the advantages and disadvantages of online education.,1,0,"The draft on online education highlights both its benefits and challenges in reshaping the educational landscape. It effectively outlines advantages such as flexibility, accessibility, diverse course offerings, cost-effectiveness, enhanced technological skills, and personalized learning experiences. These benefits allow students to tailor their education to personal and professional life, access courses globally, and develop competencies crucial for modern workplaces.\n\nHowever, the draft also identifies significant disadvantages including limited social interaction, the demand for self-discipline, technical and connectivity issues, potential quality and credibility concerns, limited practical experience, and challenges in maintaining assessment integrity. These issues highlight the need for self-motivation, reliable technology, and vigilance in course selection to ensure value and recognition in the job market.\n\nTo strengthen coherence, the draft could open with an introductory statement linking the advantages and disadvantages thematically. Moreover, adding specific examples or case studies to points like ""Flexibility and Convenience"" and ""Limited Social Interaction"" could enhance originality. Discussing the evolution and future trends of online education would provide a more comprehensive view. Ultimately, by choosing accredited programs and employing innovative engagement strategies, learners can mitigate these challenges and maximize online education's potential."
2026-06-25T10:15:13.197090,individual,summ_2,summarization,Summarize the advantages and disadvantages of online education.,1,1,"The revised critique of the draft presents three primary feedback points: enhancing clarity with better section transitions, increasing originality through unique insights or contemporary examples, and expanding completeness by discussing equity, traditional institutional impacts, and future developments in online education.\n\nThe revised draft outlines both advantages and disadvantages of online education. Key benefits include flexibility, accessibility, diverse resources, cost-effectiveness, personalized learning, and expanded course offerings. However, it also highlights issues such as reduced social interaction, technological barriers, the need for self-motivation, uneven quality, and assessment challenges. Ultimately, while online education offers numerous benefits, it faces limitations that require ongoing adaptation and innovation as technology evolves. Future advancements may help mitigate some of these challenges, enhancing the educational landscape."
2026-06-25T10:15:29.458889,individual,summ_2,summarization,Summarize the advantages and disadvantages of online education.,1,2,"The critique highlights several areas for improvement in a draft discussing online education. First, the need for enhanced clarity and coherence is noted, suggesting the addition of an introductory sentence to structure the comparison between the advantages and disadvantages of online learning. The draft is criticized for lacking originality, as it focuses on commonly known aspects without offering unique insights or analysis, such as the impact of the pandemic or the growth of MOOCs. The critique also points out the need for completeness, recommending an exploration of how emerging technologies, like AI and hybrid models, address current disadvantages. \n\nThe revised draft begins by establishing the transformative impact of online education compared to traditional methods, highlighting both benefits and drawbacks. Among the advantages, it emphasizes flexibility, increased access, resource diversity, cost-effectiveness, and digital skill development. Conversely, it acknowledges drawbacks like social limitations, self-discipline challenges, technical issues, quality variability, and concerns about assessment integrity. The draft underscores the potential of advanced technologies to mitigate these disadvantages and advises prospective students to consider their learning styles and objectives to maximize the benefits of online education."
2026-06-25T10:15:48.332350,individual,summ_2,summarization,Summarize the advantages and disadvantages of online education.,1,3,"The draft discussing online education effectively separates advantages and disadvantages but could enhance clarity by providing specific examples within the sections, such as detailing how ""Interactive and Innovative Learning Tools"" enhance learning and elaborating on the challenges of ""Self-Discipline Requirements."" For originality, integrating current trends like AI in personalizing learning or case studies on successful online education could enrich the content. Although the draft addresses numerous crucial aspects, it lacks a discussion on online education's long-term effects on traditional educational models and the job market, which could offer a more comprehensive perspective.\n\nRewritten Version:\n\nOnline education, driven by digital technology advancements, offers modern alternatives to traditional learning environments, presenting both notable benefits and challenges. \n\n**Advantages include:**\n- **Flexibility and Accessibility:** Learners can fit education into personal schedules, such as a parent attending lectures after bedtime, enabling global access to quality resources.\n- **Diverse Course Offerings:** Students can explore subjects like blockchain technology or ancient civilizations, often inaccessible locally.\n- **Cost Efficiency:** By reducing commuting and materials costs, and providing free or affordable resources, online education becomes more financially accessible.\n- **Modern Learning Tools:** Through webinars, forums, and multimedia, it offers interactive learning experiences with real-time feedback.\n\n**Disadvantages include:**\n- **Limited Social Interaction:** Students may miss developing crucial social skills and collaborative experiences found in physical classrooms.\n- **Hands-On Training Challenges:** Practical fields face difficulties online, where tactile engagement is essential.\n- **Technological Dependence:** Reliable internet and technology access are necessary but may be limited by connectivity issues or financial constraints.\n- **Need for Self-Motivation:** Without a structured environment, students may struggle with procrastination and time management.\n- **Variable Quality and Accreditation:** Students must evaluate programs for reputation and accreditation to ensure educational validity.\n- **Assessment Challenges:** Ensuring timely feedback and academic integrity is complex, necessitating innovative assessment methods.\n\nAs online education evolves, its potential to complement or transform traditional models grows, requiring educators and learners to navigate its challenges carefully."
2026-06-25T10:16:07.244032,individual,summ_2,summarization,Summarize the advantages and disadvantages of online education.,1,4,"**Critique of the Draft:**\n\n1. **Clarity and Coherence:** The draft offers a broad overview of online education's pros and cons, yet transitions between sections need improvement for better flow. Adding headers or structured lists could enhance readability and help readers easily navigate the content.\n\n2. **Originality:** The draft touches on AI and machine learning but lacks specific examples that underscore their impact on online education. Including recent trends, expert opinions, or technologies would provide a more compelling and innovative perspective.\n\n3. **Completeness:** While advantages are well-covered, the discussion on disadvantages could be expanded to include solutions and developments that address these issues. Highlighting how certain e-learning platforms are overcoming challenges would offer a more comprehensive view.\n\n**Rewritten Draft:**\n\n**Advantages and Disadvantages of Online Education**\n\n**Advantages:**\nOnline education has transformed the educational landscape by offering several key benefits:\n\n1. **Flexibility and Accessibility:** It allows students to learn at their own pace, which is crucial for those balancing work or family responsibilities. The inclusive nature of online education breaks geographical barriers, granting wider access to quality resources.\n\n2. **Variety and Cost-Effectiveness:** A wide range of courses is available, typically at lower costs than traditional programs, allowing learners to choose according to interest and budget.\n\n3. **Technological Integration and Personalized Learning:** Online platforms leverage advanced technology for enhanced engagement through interactive tools. Adaptive learning technologies personalize education based on individual progress and preferences.\n\n**Disadvantages:**\nHowever, online education also presents challenges:\n\n1. **Limited Social Interaction:** Reduced face-to-face contact can impede interpersonal skills development and community building.\n\n2. **Self-Discipline and Technical Issues:** Success requires strong self-motivation, and technical problems, such as connectivity issues, can disrupt the learning process.\n\n3. **Assessment Challenges and Credential Credibility:** Online assessments raise concerns about academic integrity, and despite increased recognition, online credentials still face skepticism compared to traditional degrees.\n\n**Recent Trends and Future Outlook:**\nTechnological advancements, like AI and machine learning, are enhancing online education by offering personalized experiences and insights into learning habits. Growing quality standards and accreditation efforts are improving the credibility of online credentials. In conclusion, while challenges remain, the benefits of online education appeal to diverse learners, and ongoing technological progress is expected to enhance its quality and scope, solidifying its position in the educational framework."
2026-06-25T10:16:22.656195,individual,summ_2,summarization,Summarize the advantages and disadvantages of online education.,2,0,"**Online education has significantly transformed access to learning by offering flexibility, accessibility, and cost-effectiveness, while also equipping students with vital technological skills.** Students can tailor their study schedules around personal and professional commitments and enroll in programs worldwide, breaking geographical barriers. However, challenges such as limited social interaction, the need for self-discipline, technical issues, and concerns about the credibility of some programs persist. These issues can hinder networking opportunities, motivation, and the attainment of practical experience, as well as raise questions about the integrity of assessments. To overcome these hurdles and fully unlock the potential of online education, it is crucial to incorporate examples like Coursera’s engagement strategies and explore future trends, such as micro-credentialing and virtual reality in learning. Ultimately, by choosing accredited programs and leveraging innovative techniques, learners can capitalize on the benefits of online education while preparing themselves competitively for the workforce."
2026-06-25T10:16:40.119213,individual,summ_2,summarization,Summarize the advantages and disadvantages of online education.,2,1,"The original draft of the online education discussion could benefit from enhanced clarity, originality, and completeness. Structuring the content with clearly labeled sections for advantages and disadvantages, and introducing each point with subheadings would improve coherence and readability. The draft also lacks originality in presenting these points; incorporating specific examples, case studies, or recent study findings could add depth and engagement. Moreover, expanding on how emerging technologies like AI and virtual reality might mitigate disadvantages, and suggesting strategies to address challenges, would enrich the completeness of the discussion.\n\nThe revised draft outlines the advantages of online education, such as flexibility, accessibility, diverse resources, cost-effectiveness, and personalized learning. Conversely, it highlights challenges like reduced social interaction, technological barriers, the need for self-motivation, variable program quality, and complexities in assessment. The conclusion notes that while online education presents substantial benefits, addressing its challenges requires technological advancements and equitable access. Future integration of innovative tools could enhance its efficiency and inclusivity, advancing online education as a robust educational model."
2026-06-25T10:16:51.989546,individual,summ_2,summarization,Summarize the advantages and disadvantages of online education.,2,2,"The draft on online education highlights its transformative impact, emphasizing flexibility, global course access, and cost savings that make education more accessible. However, it needs a clearer structure and should include concrete examples to enhance engagement. The critique suggests smoothing transitions between advantages and disadvantages and incorporating additional viewpoints, such as effects on teachers and the evolution of hybrid learning models. Online education boasts benefits like fostering digital literacy, but challenges remain, including social isolation, self-discipline demands, technical issues, and concerns about academic integrity. Technological advancements, particularly artificial intelligence, are gradually addressing these issues by enhancing student engagement and personalizing learning. For a comprehensive analysis, it’s crucial to explore how online methods can complement traditional systems to create a versatile educational landscape."
2026-06-25T10:17:09.016133,individual,summ_2,summarization,Summarize the advantages and disadvantages of online education.,2,3,"The revised draft highlights the advantages and disadvantages of online education, a growing alternative to traditional learning, driven by technological advances and the demand for flexible environments. **Advantages** include flexibility and accessibility, offering students the ability to learn at their own pace and connect with global educational resources. There's a broad range of courses available, from niche fields like artificial intelligence to wide-ranging programs like business administration. Additionally, online education is cost-effective, reducing commuting needs and often offering free resources. Innovative learning tools, like virtual labs, enhance engagement, and technology enables personalized learning tailored to individual paces and preferences. **Disadvantages** involve reduced social interaction, difficulties in adapting hands-on training for online formats, and barriers like technological accessibility. It requires self-discipline, raising concerns about procrastination. Quality assurance remains a challenge, urging learners to assess program recognition carefully. Online education also grapples with assessment integrity, needing innovative solutions for fair evaluation. Overall, online education offers significant benefits but requires navigating challenges to ensure effectiveness, signifying its evolving role in reshaping educational models and necessitating adaptable teaching and support strategies."
2026-06-25T10:17:22.226433,individual,summ_2,summarization,Summarize the advantages and disadvantages of online education.,2,4,"The critique of the original draft identifies areas for improvement in clarity, originality, and completeness. While the draft highlights key points, clearer definitions and examples are necessary, particularly for terms like ""personalized learning"" and ""assessment challenges,"" to aid reader understanding. The lack of a unique perspective calls for exploration of less-discussed topics such as the socio-economic impacts of online education and the longer-term evolution of educational platforms. Additionally, the draft could be enhanced by addressing the role of online education in lifelong learning and its effects on traditional educational institutions, including specific examples in the ""Recent Trends and Future Outlook"" section.\n\nThe revised draft effectively balances the advantages and disadvantages of online education. Advantages include its flexibility, accessibility, variety, affordability, and the integration of advanced technologies like AI for personalized learning. Disadvantages encompass limited social interaction, the need for strong self-motivation amidst technical barriers, and concerns over assessment validity and credential recognition. The draft concludes by discussing evolving trends, highlighting how technological advancements and improved accreditation standards are gradually mitigating existing drawbacks, thereby enhancing online education's role in lifelong learning and its potential to reshape traditional models to accommodate an increasingly diverse student body."
2026-06-25T10:17:31.217134,individual,summ_2,summarization,Summarize the advantages and disadvantages of online education.,3,0,"The revised draft on online education highlights its transformative role, offering unmatched flexibility and reducing geographical and financial barriers. However, challenges such as limited social interaction and the need for self-discipline remain. The draft suggests enhancing coherence with transitional sentences and adding originality through specific examples, like Coursera's initiatives. It also recommends addressing issues by choosing accredited programs that employ innovative strategies, including interactive tools. Incorporating future trends like micro-credentialing, artificial intelligence, and virtual reality could provide a comprehensive exploration of online education’s evolving landscape, preparing learners effectively for modern workforce demands."
2026-06-25T10:17:47.045733,individual,summ_2,summarization,Summarize the advantages and disadvantages of online education.,3,1,"The revised draft discusses the advantages and disadvantages of online education with a focus on improving clarity, originality, and completeness. The advantages include flexibility, accessibility, diverse resources, cost-effectiveness, and personalized learning. These benefits allow learners to access courses from any location at any time, save on costs, and tailor their education to their needs. On the downside, online education can lead to reduced social interaction, technological barriers, a need for high self-motivation, variable program quality, and complexities in assessment and feedback, potentially affecting student engagement and qualification credibility. The conclusion suggests leveraging technologies like AI and virtual reality to enhance program quality and interaction while ensuring equitable tech access and consistent accreditation to strengthen online education's future potential."
2026-06-25T10:18:00.372353,individual,summ_2,summarization,Summarize the advantages and disadvantages of online education.,3,2,"**Critique and Revised Analysis of an Online Education Draft**\n\nThe draft effectively outlines the advantages and disadvantages of online education, but it could be improved with clearer transitions and subheadings. Adding unique insights, such as specific statistics or studies, would strengthen its originality. It also lacks a discussion on potential solutions to the challenges presented by online education.\n\n**Online Education: Benefits and Challenges**\n\nOnline education offers flexibility, allowing learners to customize their schedules, which is beneficial for working individuals and those with family responsibilities. It provides access to a diverse range of courses globally, often at lower costs, enhancing digital literacy in a tech-driven era.\n\nHowever, challenges include social isolation from the lack of in-person interaction and the need for high self-discipline. Technical issues like unstable internet and device access, alongside concerns about academic integrity, pose significant hurdles.\n\n**Overcoming Challenges**\n\nTechnological advancements, such as AI, are improving student engagement and personalization. Hybrid learning models that combine online and face-to-face interactions show promise in addressing the shortcomings of online education. Facilitating structured social engagement and peer networking within online platforms may reduce feelings of isolation. Understanding how online and traditional methods can complement each other could lead to an inclusive educational system that meets diverse learner needs."
2026-06-25T10:18:13.899655,individual,summ_2,summarization,Summarize the advantages and disadvantages of online education.,3,3,"The critique highlights three key areas for improvement in the draft: enhancing clarity and coherence, injecting originality, and expanding on specific aspects to achieve completeness. The revised draft effectively outlines the current landscape of online education, noting both significant benefits and challenges. \n\n**Clarity and Coherence:** The draft's structure is solid, but it could be further refined with clearer transitions and reduced repetition to strengthen the separation between advantages and disadvantages.\n\n**Originality:** While the draft covers common points, it lacks unique perspectives and examples. Integrating contemporary trends or case studies could enhance engagement and depth.\n\n**Completeness:** The draft could be more comprehensive by exploring how online education facilitates social interactions through forums or video conferencing, and examining the impact of AI and other technological advances on learning.\n\nIn summary, online education has become increasingly prominent due to technological advancements and demand for flexible learning. It offers major advantages, including flexibility, accessibility, and cost-effectiveness, supported by technological tools like AI. However, challenges persist, such as reduced social interaction, difficulties with hands-on training, technological barriers, self-discipline demands, and assessment integrity. As the field evolves, continuous innovation is needed to address these issues and improve the effectiveness of online learning."
2026-06-25T10:18:31.857450,individual,summ_2,summarization,Summarize the advantages and disadvantages of online education.,3,4,"The revised draft emphasizes the multifaceted nature of online education, outlining its benefits such as flexibility, accessibility, diverse course offerings, affordability, personalized learning, and technological integration. It also acknowledges challenges like limited social interaction, the need for self-motivation, technical barriers, and issues with assessment and credential recognition. The critique recommends improving the coherence between sections, incorporating more original insights, and exploring topics like ""Assessment Challenges and Credential Recognition"" with specific trends. The draft also highlights how technological advancements and evolving standards are enhancing the credibility of online education, positioning it as a key future player in lifelong learning by reshaping traditional models to meet diverse learner needs."
2026-06-25T10:18:47.140504,individual,summ_2,summarization,Summarize the advantages and disadvantages of online education.,4,0,"The critique highlights three main areas of improvement: clarity and coherence, originality, and completeness. The draft is generally clear, but transitions between discussing advantages and disadvantages to emerging trends are abrupt, requiring smoother progression. The draft lacks originality due to its general views on online education and could benefit from specific examples or statistics for more depth. It covers major points but should explore technological barriers and pedagogical impacts more thoroughly for a comprehensive analysis.\n\nThe rewritten draft describes online education as a central aspect of modern learning, with key advantages such as flexibility and cost-effectiveness, facilitating global access to education. However, drawbacks like reduced face-to-face interaction and the need for high self-discipline exist. The quality of programs varies, requiring careful selection by students. Emerging trends like micro-credentialing and AI offer more immersive experiences. Platforms like Coursera lead these changes, integrating interactive tools and diverse courses. To overcome current limitations, programs should focus on interaction and innovation. As online education evolves, it's poised to become an even more accessible, flexible, and inclusive learning platform, promising to reshape the educational landscape by embracing advancements and addressing existing challenges."
2026-06-25T10:18:58.608706,individual,summ_2,summarization,Summarize the advantages and disadvantages of online education.,4,1,"The revised draft highlights that while online education offers flexibility, cost-effectiveness, and personalized learning, it also faces challenges such as limited social interaction, technological barriers, and a need for self-discipline and motivation. These issues can affect collaboration, networking, and the credibility of online qualifications. To address these, integrating advanced technologies like AI and VR can enhance interaction and learning experiences. Ensuring equitable technology access and standardized accreditation will improve program quality and credibility. Additionally, the evolving landscape of online education necessitates considering its impacts on traditional education and cultural shifts towards digital learning environments."
2026-06-25T10:19:15.998610,individual,summ_2,summarization,Summarize the advantages and disadvantages of online education.,4,2,"**Critique and Revisions:**\n\nThe draft addressing online education's pros and cons emphasizes the importance of clear organization and originality. While it identifies key advantages like flexibility, accessibility, cost-effectiveness, and skill development, it could enhance clarity by accompanying each with examples, such as a professional balancing evening classes with work. The draft also highlights disadvantages, including social isolation and technical issues, alongside the need for self-motivation. However, expanding on potential solutions, like hybrid models merging online and traditional methods, could offer a comprehensive view.\n\n**Improved Content:**\n\n**Advantages and Disadvantages of Online Education**\n\n**Advantages**  \n- **Flexibility**: Online education allows students to learn at their own pace, accommodating other commitments such as jobs or family responsibilities. For example, professionals can take courses in the evenings, complementing their work schedules.\n- **Accessibility**: By eliminating geographical constraints, students can enroll in global programs, enriching their learning with diverse perspectives. An engineering student in India, for instance, can access specialized courses from U.S. institutions.\n- **Cost-Effectiveness**: Online courses often reduce expenses related to commuting and accommodations, supplemented by scholarships for online learners.\n- **Skill Development**: Participants enhance digital proficiency and self-management, acquiring skills like using Zoom or Slack, which are crucial in the modern workforce.\n\n**Disadvantages**  \n- **Social Isolation**: The lack of physical interaction can lead to reduced networking and social learning experiences.\n- **Self-Motivation and Discipline**: Online learning requires strong self-discipline, as the absence of a structured classroom can challenge motivation and time management.\n- **Technical Issues**: Reliable internet and technology access are needed, yet not uniformly available, impacting the learning process.\n- **Academic Integrity Concerns**: Ensuring honest assessments can be difficult, necessitating secure examination and monitoring strategies.\n\n**Potential Solutions**  \nEducational institutions can consider hybrid models combining online and in-person teaching to blend flexibility with social benefits. Employing AI-driven adaptive learning can tailor experiences to individual needs, while fostering active online communities can reduce isolation by creating a sense of belonging. These advancements can make the educational landscape more inclusive and effective."
2026-06-25T10:19:31.165417,individual,summ_2,summarization,Summarize the advantages and disadvantages of online education.,4,3,"The draft on online education is clear but could benefit from more structured paragraphs separating advantages and disadvantages for improved readability. While it provides a general overview, it lacks unique insights and examples to enhance originality. Expanding on solutions and incorporating statistics or research findings would offer a more comprehensive perspective.\n\nOnline education, driven by technological advancements, offers flexibility, geographical reach, and cost-effectiveness, appealing to learners with varied commitments. Innovations like AI personalize learning experiences, optimizing outcomes. However, challenges persist, such as limited interpersonal interaction, difficulties in simulating practical experiences, inequities in technology access, and the need for self-discipline. Ensuring academic integrity online also remains complex.\n\nAddressing these issues requires ongoing innovation, such as advanced digital platforms for virtual collaboration and integrating technologies like virtual and augmented reality to enhance practical learning. These developments can make online education more adaptive and equitable, offering rich learning experiences worldwide and revolutionizing educational accessibility and quality."
2026-06-25T10:19:44.723184,individual,summ_2,summarization,Summarize the advantages and disadvantages of online education.,4,4,"The revised draft on online education highlights its growing popularity due to its flexibility, accessibility, and cost-efficiency, catering to diverse learner needs. Key advantages include the ability to pursue education from anywhere, access to a wider range of courses, and personalized learning experiences through data-driven platforms. However, challenges such as limited face-to-face interaction, reliance on self-discipline, technological barriers, and concerns over assessment integrity and credential recognition persist. To address these, there is a push toward enhancing curriculum coherence and developing robust verification methods. With ongoing technological advancements and updated academic standards, online education is set to play a crucial role in the future of lifelong learning, potentially revolutionizing the educational landscape to meet diverse needs."
2026-06-25T10:13:27.457797,individual,summ_3,summarization,Summarize the key properties of human-centered design.,0,0,"The draft effectively outlines human-centered design (HCD) but could improve clarity and coherence, particularly by using concise language and reorganizing sections for better flow. Introducing the ""Problem Framing"" section earlier would set the stage for ""Empathy and Understanding."" Originality could be enhanced by incorporating unique case studies or expert insights. The draft would also benefit from exploring HCD's position within the broader design landscape, differentiating it from other methodologies. Expanding on ""Sustainability and Ethics"" with current trends could provide additional value.\n\nIn summary, human-centered design is a problem-solving approach focused on user needs, utilizing an iterative process that includes problem framing, empathy, interdisciplinary collaboration, prototyping, and user feedback. It adapts to technological and user expectation changes, ensures a holistic user experience, and integrates ethical and sustainable practices. These elements work together to deliver effective and responsible innovations."
2026-06-25T10:13:47.319513,individual,summ_3,summarization,Summarize the key properties of human-centered design.,0,1,"The revised draft presents human-centered design (HCD) as a pivotal methodology in problem-solving, emphasizing user-centric solutions. Essential properties include:\n\n1. **Empathy**: Initiating with user understanding through interactions to identify their needs and challenges.\n2. **User Involvement**: Continuous user feedback ensures solutions are aligned with their perspectives.\n3. **Iterative Process**: Prototyping and testing refine solutions against real-world feedback.\n4. **Multi-disciplinary Collaboration**: Integrating diverse insights from different fields enhances design outcomes.\n5. **Problem Framing**: Defining the right problem addresses root causes and context.\n6. **Prototyping**: Rapid experimentation ensures practicality and innovation.\n7. **Focus on Experience**: Designing intuitive and emotionally engaging experiences.\n8. **Contextual Understanding**: Solutions fit seamlessly into users’ social, cultural, and technological environments.\n9. **Flexibility and Adaptability**: Iterative testing fosters responsiveness to change.\n10. **Sustainability and Scalability**: Designs are crafted to be sustainable and adaptable to future needs.\n\nThese principles ensure that HCD produces solutions that not only function effectively but also resonate with human values, offering enduring impact and satisfaction. The draft suggests improving clarity and originality by simplifying complex sections, providing an introductory context, and including unique insights or examples."
2026-06-25T10:14:04.136236,individual,summ_3,summarization,Summarize the key properties of human-centered design.,0,2,"The revised content critiques a draft on human-centered design (HCD), highlighting areas for improvement in clarity, originality, and completeness. It suggests reorganizing the content logically, starting with foundational aspects of HCD like empathy and user involvement before discussing broader concepts such as sustainability and ethics for better clarity. Some paragraphs are dense and could benefit from simplification. The draft lacks unique insights or illustrative examples that could enhance engagement. Expanding on sections like ""User Involvement"" and ""Emotion and Experience"" with real-world applications or case studies would improve completeness. \n\nThe revised draft describes HCD as a problem-solving approach centered on user needs, involving empathy, user participation, iterations, solution focus, multi-disciplinary collaboration, contextual understanding, usability, emotional experience, and ethics. HCD emphasizes iterative prototyping, solution-focused design, cross-disciplinary collaboration, usability, accessibility, emotional engagement, and ethical considerations. By adhering to these principles, HCD produces innovative solutions with meaningful impacts on users and society."
2026-06-25T10:14:22.366929,individual,summ_3,summarization,Summarize the key properties of human-centered design.,0,3,"The critique highlights that the draft on human-centered design (HCD) lacks clear structure and originality, recommending the inclusion of specific examples and a synthesis of discussed properties for completeness. The revised draft presents HCD as a user-focused approach that prioritizes functional and meaningful solutions through empathy, iterative processes, interdisciplinary collaboration, and problem reframing. It emphasizes prototyping, user testing, usability, accessibility, and the ethical implications of design. By engaging with users continuously, HCD fosters solutions that evolve to maintain satisfaction and relevance. Overall, HCD is portrayed as a method that not only addresses problems effectively but also enhances user satisfaction and product efficacy."
2026-06-25T10:14:39.546338,individual,summ_3,summarization,Summarize the key properties of human-centered design.,0,4,"The critique emphasizes three main areas of improvement: clarity, originality, and completeness. To enhance clarity, the draft should avoid repetitive ideas about user involvement and feedback, focusing instead on concise expression. Incorporating original insights, such as specific case studies, would enrich the draft's uniqueness. Moreover, discussing common challenges or limitations of human-centered design (HCD) could offer a more balanced perspective.\n\nThe revised human-centered design overview describes it as a method prioritizing user needs through constant engagement, empathy, and understanding. Key aspects include:\n\n1. Empathy and User Understanding: Designed around in-depth user insights obtained through interviews and ethnographic studies.\n2. User Involvement: Continuous user engagement throughout the design process ensures alignment with actual needs.\n3. Iterative Process: Regular prototyping, testing, and refinement guide designs closer to user requirements.\n4. Multidisciplinary Collaboration: Diverse team input enriches problem understanding and solution development.\n5. User-Centric Metrics: Success measured by improvements in user experience rather than technical metrics alone.\n6. Prototyping and Testing: Hands-on user testing directs critical design adjustments.\n7. Flexibility and Adaptability: Designers adapt to new user insights to maintain relevance.\n8. Focus on Experience: Solutions aim for not only functional but also emotionally engaging user experiences.\n9. Contextual Relevance: Incorporates cultural, environmental, and social considerations for holistic solutions.\n10. Sustainability and Long-term Impact: Evaluates societal and environmental impacts, seeking ethical, sustainable designs.\n\nThis comprehensive approach ensures HCD solutions are both practical and empathetically tailored to user needs, addressing potential challenges like diversity and scalability while promoting sustainable future designs."
2026-06-25T10:14:54.022594,individual,summ_3,summarization,Summarize the key properties of human-centered design.,1,0,"The revised draft efficiently encapsulates human-centered design (HCD) as a user-focused, empathetic approach that emphasizes iterative refinement through prototyping and feedback. It highlights HCD’s core principles: user-centric empathy, iterative development, insightful problem framing, and interdisciplinary collaboration, which collectively foster innovative and practical solutions. Additionally, it underscores HCD's adaptability to change, aiming for holistic and meaningful user experiences while prioritizing ethical and sustainable practices. To enhance originality and comprehensiveness, the draft could integrate examples that distinguish HCD from other design methodologies and emphasize the significance of societal and cultural contexts, as well as future trends in inclusive and culturally aware designs. This comprehensive view solidifies HCD's role in advancing the design landscape through empathetic, user-centered solutions."
2026-06-25T10:15:11.443614,individual,summ_3,summarization,Summarize the key properties of human-centered design.,1,1,"The draft on human-centered design (HCD) effectively outlines its core principles, but can be further improved by enhancing clarity, originality, and completeness. \n\n**Clarity and Coherence:** The draft can benefit from a more integrated narrative, particularly by linking related concepts like empathy and user involvement to demonstrate how they complement each other. \n\n**Originality:** To add depth, incorporating specific examples of successful design projects that embody these principles can offer unique insights.\n\n**Completeness:** The draft should expand on how these principles interact to create a holistic approach, address challenges in applying HCD, and propose strategies for overcoming them.\n\n**Revised Overview:**\n\nHuman-centered design (HCD) is a methodology focused on creating solutions that prioritize user needs and experiences. Key principles include:\n\n1. **Empathetic Engagement:** Involves understanding users' needs and emotions, forming the foundation for user-centric solutions.\n   \n2. **Active User Involvement:** Continuous user feedback ensures solutions reflect real needs, crucial for effective design.\n\n3. **Iterative Refinement:** A cycle of prototyping, testing, and refining allows for continuous improvement and innovation.\n\n4. **Integrated Collaboration:** Draws on diverse, multidisciplinary team insights to enhance creativity and impact.\n\n5. **Precise Problem Framing:** Defining the problem involves addressing root causes, ensuring solutions target core issues.\n\n6. **Rapid Prototyping:** Experimentation and testing validate and refine ideas for practical application.\n\n7. **User Experience Focus:** Creates intuitive and engaging designs, enhancing satisfaction and interaction.\n\n8. **Contextual Sensitivity:** Considers users' environments, ensuring solutions are relevant and adaptable.\n\n9. **Adaptable Solutions:** Flexible design accommodates insights and changes, ensuring long-term sustainability.\n\n10. **Scalable and Sustainable Outcomes:** Focuses on enduring, scalable designs that meet evolving needs.\n\nBy combining these principles, HCD delivers functional solutions aligned with human values, ensuring meaningful impacts. Highlighting successful applications and acknowledging challenges, such as integrating user feedback with technical constraints, can offer a comprehensive view of applying HCD principles."
2026-06-25T10:15:30.046370,individual,summ_3,summarization,Summarize the key properties of human-centered design.,1,2,"**Human-Centered Design (HCD) Overview:**\n\nHuman-centered design (HCD) is an innovative problem-solving method that prioritizes user needs and experiences to create impactful solutions. The process is deeply rooted in understanding users through empathy and active participation, wherein user feedback is essential at every stage. This user-centric approach can be grouped under the broader category of User-Centric Design.\n\nCentral elements of HCD include:\n\n1. **User-Centric Approach**: Encompasses empathy and user involvement, fostering profound user understanding and active participation to shape design outcomes.\n\n2. **Iterative Development**: Involves continuous cycles of prototyping and testing, permitting designers to refine solutions based on feedback, ensuring practicality and effectiveness.\n\n3. **Collaborative and Contextual Design**: Encourages multi-disciplinary collaboration and considers contextual factors, ensuring solutions are relevant and practical.\n\n4. **Accessibility and Emotional Resonance**: Prioritizes usability and accessibility for diverse users, including those with disabilities, while ensuring emotional engagement for deeper user connection.\n\n5. **Ethical and Sustainable Design**: Emphasizes ethical considerations and sustainability, aligning with societal values to ensure responsible design.\n\nUltimately, HCD leads to innovative, effective, and ethically robust solutions, with real-world examples from companies like IDEO and Apple showcasing these principles in action. Case studies can further enhance understanding by illustrating how HCD properties are applied to deliver user-centric outcomes."
2026-06-25T10:15:45.256095,individual,summ_3,summarization,Summarize the key properties of human-centered design.,1,3,"Human-centered design (HCD) is an empathetic approach that emphasizes user needs and experiences throughout the design process. Its key properties include empathy, iterative processes, interdisciplinary collaboration, problem reframing, prototyping and user testing, usability and accessibility, ethical considerations, and continuous user engagement. \n\nEmpathy involves immersing designers in the user’s environment to glean insights for meaningful solutions. Iteration allows for continuous testing and refinement, ensuring effectiveness and user-friendliness. Diverse teams contribute to well-rounded solutions through collaboration, fostering creativity and innovation. Reframing problem statements unveils deeper issues and inspires comprehensive solutions.\n\nRapid prototyping followed by user testing provides valuable feedback for usability assessments. HCD focuses on inclusivity, ensuring designs are accessible to broad audiences and free from barriers. Ethical considerations guide designers to create socially responsible solutions that uphold user privacy and well-being. Maintaining ongoing engagement with users ensures that solutions evolve with their changing needs.\n\nIn summation, HCD enriches user satisfaction and product effectiveness by prioritizing empathy, iteration, and collaboration, standing as a testament to thoughtful and inclusive design."
2026-06-25T10:15:57.073320,individual,summ_3,summarization,Summarize the key properties of human-centered design.,1,4,"The revised draft on human-centered design (HCD) effectively outlines its core principles, emphasizing user-centric solutions that enhance usability and satisfaction. The draft suggests enhancing clarity and coherence by providing a concise introduction and reducing repetition in sections like ""User Involvement"" and ""Prototyping and Testing."" Originality can be improved by discussing how these principles interrelate to enrich the design process. Although the draft covers essential aspects of HCD, it could benefit from richer explanations and examples, as well as historical context and contemporary applications for a more comprehensive overview. \n\nHCD's focus is on understanding and empathizing with users through methods such as interviews and ethnographic studies. It involves users actively in the design process, fostering solutions aligned with their needs through feedback. The methodology is iterative and cyclical, allowing constant refinement of designs. Multidisciplinary collaboration enriches the process, ensuring diverse expertise informs solutions. Success is measured by user-centric metrics, prioritizing experience over technical details. Prototyping and testing facilitate ongoing improvement, while adaptability ensures designs remain relevant. Solutions are crafted to be culturally and contextually aware, with sustainability and ethical considerations for long-term impact. Overall, HCD seeks to create emotionally satisfying and effective designs that address both immediate and future user needs."
2026-06-25T10:16:21.508360,individual,summ_3,summarization,Summarize the key properties of human-centered design.,2,0,"The revised critique and draft outline Human-Centered Design's (HCD) emphasis on user needs, iterative processes, and interdisciplinary collaboration. While the draft effectively highlights these properties, it could benefit from clearer explanations, particularly regarding ""Insightful Problem Framing,"" and the phrase ""innovative solutions that might not surface with other design methodologies."" Enhancing originality with examples could illustrate HCD principles in action, demonstrating their cohesive integration. The core components of HCD—empathy, iterative development, interdisciplinary collaboration, adaptability, cultural and ethical awareness—collectively enhance design processes. These enable the creation of solutions that are practical and impactful, as seen in applications like assistive technology and sustainable urban planning."
2026-06-25T10:16:44.321389,individual,summ_3,summarization,Summarize the key properties of human-centered design.,2,1,"The draft highlights the essential components of human-centered design (HCD), emphasizing its focus on user needs, experiences, and values throughout the design process. Key properties include empathetic engagement, active user involvement, iterative refinement, integrated collaboration, precise problem framing, rapid prototyping, user experience focus, contextual sensitivity, adaptable solutions, and scalable outcomes. While the draft is comprehensive, it could benefit from clearer transitions between concepts and more concise explanations for better clarity and coherence. Additionally, incorporating unique perspectives and real-world examples would enhance its originality and applicability, demonstrating how these principles are practically executed. To manage challenges such as integrating diverse feedback and the resource intensity of iterative processes, prioritizing aligned user feedback, employing low-fidelity models, and fostering effective interdisciplinary communication are suggested strategies. By embedding these principles, HCD facilitates the creation of impactful solutions that ensure user satisfaction and success over time, as exemplified by innovative, community-driven projects and sustainably designed products."
2026-06-25T10:16:59.644437,individual,summ_3,summarization,Summarize the key properties of human-centered design.,2,2,"The revised draft effectively outlines the key properties of human-centered design (HCD) by emphasizing its strategic focus on user needs and experiences. It highlights the core principles, such as:\n\n1. **Empathy and User Involvement**: This foundational aspect involves deeply understanding users through empathy and direct engagement, shaping design solutions based on their real experiences. For instance, IDEO integrates user participation in design workshops for genuine insights.\n\n2. **Iterative Development**: It stresses the importance of repeated prototyping, testing, and refining, incorporating user feedback to enhance usability and functionality, as exemplified by Dropbox’s initial prototype feedback phase.\n\n3. **Collaborative and Contextual Design**: Emphasizes multidisciplinary teamwork and designing solutions suitable for real-world contexts, with urban planning projects reflecting community needs.\n\n4. **Accessibility and Emotional Connection**: Prioritizes inclusivity and user connection, ensuring designs are accessible and emotionally engaging, exemplified by Apple's intuitive and emotionally appealing products.\n\n5. **Ethical and Sustainable Design**: Focuses on ethical and sustainable innovation, considering both immediate user impacts and long-term environmental effects, illustrated by the Fairphone's sustainable materials and practices.\n\nThe draft effectively ties these principles together, showing how they collectively foster innovative, practical, and socially responsible design solutions, with successful applications evidenced by companies like IDEO and Apple."
2026-06-25T10:17:13.082459,individual,summ_3,summarization,Summarize the key properties of human-centered design.,2,3,"The draft on human-centered design (HCD) can be improved in several ways. It currently lacks structure and originality, with information that is rather generic and not thoroughly explored, particularly in areas like ""Continuous User Engagement"" and ""Ethical Considerations."" To enhance clarity and coherence, the draft could begin with a more structured overview, explicitly defining HCD before detailing its properties. Introducing real-world examples or unique insights could also bolster originality and utility.\n\nHuman-centered design is a philosophy and problem-solving approach centered on the needs and contexts of end-users, aiming to create solutions that are both functional and meaningful. Key properties include:\n\n1. **Empathy**: Designers immerse themselves in users' environments to understand their needs deeply, crafting solutions that resonate personally.\n2. **Iterative Process**: This involves a cycle of prototyping and testing, allowing continuous improvement and adaptation.\n3. **Interdisciplinary Collaboration**: Diverse teams foster creativity and innovative solutions through cross-disciplinary idea exchange.\n4. **Problem Reframing**: Designers reframe issues to uncover root causes, leading to innovative problem-solving.\n5. **Prototyping and User Testing**: Fast prototyping with immediate testing assesses usability and functionality, paving the way for refinement.\n6. **Usability and Accessibility**: Focuses on ease of use and inclusivity, ensuring products are accessible to all users.\n7. **Ethical Considerations**: Emphasizes socially responsible design, respecting privacy and promoting user well-being.\n8. **Continuous User Engagement**: Sustained interaction with users allows solutions to evolve with their needs, ensuring relevance over time.\n\nIn summary, human-centered design enhances user satisfaction and product effectiveness through empathy, collaboration, and ethical practice, yielding inclusive solutions tailored to real-world needs."
2026-06-25T10:17:27.282021,individual,summ_3,summarization,Summarize the key properties of human-centered design.,2,4,"The draft on human-centered design (HCD) effectively outlines key principles such as user empathy, active user involvement, an iterative design process, multidisciplinary collaboration, and prototyping. However, it lacks originality and could benefit from incorporating examples or hypothetical scenarios to make the concepts more engaging and easily understood. The draft's clarity could be improved by reducing overlap, such as the close relation between ""Emotional and Effective Solutions"" and ""User-Centric Metrics for Success."" Further exploration of the importance of iteration and multidisciplinary collaboration, including examples for context, would enhance completeness. Overall, HCD is about creating user-oriented products by deeply understanding user needs, employing a cyclical design process for continuous improvement, utilizing diverse expertise for comprehensive solutions, and ensuring designs are adaptable and culturally relevant."
2026-06-25T10:17:41.502350,individual,summ_3,summarization,Summarize the key properties of human-centered design.,3,0,"The revised draft of the Human-Centered Design (HCD) approach effectively emphasizes placing user needs, experiences, and perspectives at the core of the design process through several key properties. However, to enhance clarity and coherence, the introduction should more clearly set the stage for these properties, improving transition and flow. While the draft covers essential HCD principles like empathy, iterative development, interdisciplinary collaboration, adaptability, cultural awareness, and insightful problem framing, it lacks distinctiveness. Adding unique examples or case studies would enrich the narrative and differentiate it from generic descriptions. Furthermore, explaining the importance of each property and illustrating their successful applications could provide deeper insights. Ultimately, incorporating these elements would strengthen HCD as a powerful strategy for devising impactful, user-centered solutions, applying it effectively across diverse domains such as assistive technologies and urban planning."
2026-06-25T10:17:59.548363,individual,summ_3,summarization,Summarize the key properties of human-centered design.,3,1,"The revised content highlights the essence of human-centered design (HCD), an approach that places users at the forefront of the design process by ensuring their needs, experiences, and values drive development. This methodology is structured around several key principles:\n\n1. **User Engagement**: It emphasizes empathetic interactions and the active involvement of users throughout the design stages to ensure their insights directly influence the development process.\n\n2. **Development Methodology**: The process involves iterative refinement through continuous prototyping and testing, supported by rapid prototyping to gather early user feedback for swift and cost-effective improvements.\n\n3. **Collaborative and Interdisciplinary Approach**: HCD encourages collaboration across diverse teams, pooling different expertise to foster innovative solutions.\n\n4. **Problem and Contextual Focus**: It involves precise problem framing from a user-centric perspective and sensitivity to the contexts in which users operate, ensuring designs are relevant and usable.\n\n5. **Solution Flexibility and Scalability**: The approach ensures adaptable designs that evolve with user needs and solutions scalable to create a lasting impact.\n\nHCD stands out from traditional methods by prioritizing active user input and iterative feedback throughout the design process, fostering inclusivity and adaptability. Successful applications include projects that address real-world user contexts effectively, while HCD practitioners navigate challenges through strategic user input prioritization, quick iterations with low-fidelity models, and effective interdisciplinary communication."
2026-06-25T10:18:13.280913,individual,summ_3,summarization,Summarize the key properties of human-centered design.,3,2,"The draft of the overview on human-centered design (HCD) needs improvements in clarity, originality, and completeness. It currently lacks smooth transitions that integrate its key properties, thereby affecting coherence. Adding transitional phrases could help connect isolated sections. While it effectively covers the fundamental aspects of HCD, it doesn't stand out due to the absence of unique insights or examples. Including specific case studies or examples could enrich the narrative. Moreover, the draft would benefit from a brief conclusion to reinforce the significance of HCD, along with mentioning potential challenges in its implementation for a more balanced view.\n\nThe revised draft showcases HCD as an empathetic approach that prioritizes understanding users' needs through direct engagement. It emphasizes iterative development through prototyping and feedback, fostering continuous improvement. Collaborative efforts of multidisciplinary teams ensure contextually relevant designs, while inclusivity focuses on accessibility and emotional connection with users. HCD also integrates ethical and sustainable practices, aiming for designs that are socially responsible and impactful in the long term. Although promising innovation and superior user satisfaction, challenges like resource constraints and managing cross-functional teams persist. Overall, HCD transforms design processes by prioritizing human experiences."
2026-06-25T10:18:27.353542,individual,summ_3,summarization,Summarize the key properties of human-centered design.,3,3,"The draft on human-centered design (HCD) can be improved for clarity and coherence by eliminating redundant descriptions, particularly regarding empathy and user engagement, and simplifying technical jargon like ""interdisciplinary collaboration"" and ""problem reframing"" for accessibility. It lacks originality, failing to offer fresh insights or unique examples that could engage readers more effectively and establish connections among HCD principles, necessary for conveying a cohesive strategy. The revised draft outlines key HCD characteristics: empathizing with users to inform meaningful design, an iterative process involving prototyping and feedback, interdisciplinary collaboration, problem reframing, a focus on usability and accessibility, ethical design practices, and continuous user engagement. These elements collectively ensure that HCD delivers effective, satisfying, and socially responsible solutions tailored to diverse user needs."
2026-06-25T10:18:41.465244,individual,summ_3,summarization,Summarize the key properties of human-centered design.,3,4,"The critique highlights that the draft on human-centered design (HCD) lacks clarity, originality, and completeness. It suggests enhancing coherence through a clear structure and connecting principles to HCD goals. The draft is deemed generic, needing unique insights and examples to engage readers. More context and real-world applications could illustrate principles more effectively.\n\nThe revised draft presents HCD as a method prioritizing user needs. It outlines core principles:\n\n1. **Empathy**: Central to HCD, requiring deep understanding of user experiences.\n\n2. **Continuous User Involvement**: Engages users for feedback throughout design, ensuring relevance. Example: ongoing user interviews during app development to improve usability.\n\n3. **Iterative Design Cycle**: Involves repeated prototyping and user feedback to refine solutions.\n\n4. **Collaborative Multidisciplinary Teams**: Incorporates diverse perspectives, such as technologists and psychologists, to address complex user needs.\n\n5. **Prototyping and Testing**: Early testing in real-world settings identifies issues early on, reducing risks.\n\n6. **Cultural Sensitivity and Adaptability**: Designs consider cultural nuances, ensuring relevance across contexts.\n\nThe iterative approach and genuine user feedback produce engaging, functional solutions. Providing specific examples or case studies would further illustrate these principles, enhancing accessibility and impact."
2026-06-25T10:18:54.952920,individual,summ_3,summarization,Summarize the key properties of human-centered design.,4,0,"The draft effectively outlines Human-Centered Design (HCD) principles but could be enhanced by more concise language and smoother transitions between concepts. Integrating examples or transitional phrases can improve clarity. To distinguish the content, contemporary examples and unique perspectives on how these properties interconnect should be included. The draft's completeness would benefit from a brief introduction emphasizing HCD's significance and weaving examples with each property rather than listing them at the end. For instance, using smart assistive technologies and participatory urban planning as illustrative examples showcases how empathy, iterative development, interdisciplinary collaboration, adaptability, cultural awareness, and insightful problem framing collectively drive impactful design. Ultimately, HCD is a transformative approach, centering on user needs and experiences to create resonant solutions across diverse fields."
2026-06-25T10:19:08.582975,individual,summ_3,summarization,Summarize the key properties of human-centered design.,4,1,"The draft on human-centered design (HCD) can be enhanced by addressing its clarity, originality, and completeness. The current draft provides an overview of HCD but lacks clear structural flow and transitional wording between key properties, which impedes overall coherence. It effectively outlines basic HCD principles but could benefit from unique insights or real-world examples to stand out from similar summaries. Additionally, the draft doesn't explore how HCD properties interact or discuss the challenges associated with the approach.\n\nThe revised content provides a more structured and comprehensive discussion of HCD. It frames HCD as an iterative process focused on user needs, emphasizing user engagement through continuous feedback and empathy. The iterative development cycle allows for rapid prototyping and real-world testing, ensuring solutions align with user experiences. Diverse, interdisciplinary collaboration is highlighted as critical, enabling innovative problem-solving and well-rounded design outcomes. By focusing on contextual and problem-centric solutions, HCD ensures relevance and practical alignment with user environments. Furthermore, the approach emphasizes adaptability, ensuring that solutions remain impactful over time.\n\nUltimately, HCD differentiates itself by centering on user feedback, inclusivity, and frequent iteration, but it requires careful management of interdisciplinary collaborations and user feedback loops to truly maximize its potential both now and in the future."
2026-06-25T10:19:19.191720,individual,summ_3,summarization,Summarize the key properties of human-centered design.,4,2,"The draft on human-centered design (HCD) effectively outlines its core principles but could improve in clarity by simplifying sentence structures. While it adequately explains HCD concepts, it would benefit from integrating unique examples to illustrate its real-world applications. The discussion on HCD challenges seems surface-level and could be enriched by exploring strategies to address these issues.\n\nHCD is an empathetic approach that focuses on understanding and addressing user needs through direct engagement. It involves iterative development, using prototypes and user feedback to continually refine design solutions. This process is collaborative, engaging multidisciplinary teams for contextually relevant designs. Key aspects include:\n\n- **Inclusivity and Accessibility:** Ensuring designs are accessible to diverse groups and emotionally resonate with users.\n- **Ethical and Sustainable Practices:** Developing socially responsible designs with long-term positive impacts.\n- **User-Centric Innovation:** Prioritizing functionality and empathy to boost user satisfaction and innovation.\n\nChallenges in HCD include resource limitations affecting user research and testing, and complexities in managing cross-functional teams. Strategies to overcome these include prioritizing key user insights and fostering effective team communication.\n\nHCD's significance lies in delivering innovative, user-centric, and ethically sustainable designs, enhancing user satisfaction, and promoting a responsible design landscape centered on human experiences."
2026-06-25T10:19:35.199673,individual,summ_3,summarization,Summarize the key properties of human-centered design.,4,3,"The critique of the draft identifies areas for improvement in clarity, originality, and completeness. The draft's transitions between key properties of human-centered design (HCD) could be smoother, and adding examples or unique insights would enhance originality. Additionally, discussing practical implementation and the interrelation of HCD principles would provide a more complete picture.\n\nThe revised draft defines HCD as a user-focused problem-solving approach that integrates various interconnected principles:\n\n1. **Empathy for Users:** Deep user understanding through immersive methods ensures solutions meet genuine needs.\n2. **Iterative Process:** Continuous prototyping, testing, and refining help align designs with user feedback and reduce later-stage errors.\n3. **Interdisciplinary Collaboration:** Diverse perspectives from various fields lead to innovative and well-rounded solutions.\n4. **Problem Reframing:** Re-examining issues from different angles helps address core problems instead of superficial symptoms.\n5. **Focus on Usability and Accessibility:** User-friendly, inclusive designs cater to diverse abilities, ensuring broader usability.\n6. **Ethical Design Practices:** Solutions respect user privacy, autonomy, and consent, fostering trust and cultural sensitivity.\n7. **Continuous User Engagement:** Ongoing feedback post-launch allows the design to adapt to user needs over time.\n\nBy integrating these elements, HCD creates products that are effective, satisfying, socially responsible, and adaptable to changing user dynamics."
2026-06-25T10:19:47.754540,individual,summ_3,summarization,Summarize the key properties of human-centered design.,4,4,"The draft on human-centered design (HCD) effectively outlines key principles but can be enhanced for clarity and originality. It lacks an introductory section defining HCD, which would aid newcomers in quickly understanding its essence. Some sections, particularly ""Continuous User Involvement"" and ""Iterative Design Cycle,"" seem redundant and could be merged for better coherence. Moreover, the draft relies on conventional descriptions without innovative examples or insights, such as broader applications across different industries. The interconnection between HCD properties and their impact on successful outcomes is underexplored, and the draft doesn't sufficiently discuss the organizational benefits or societal implications of adopting HCD principles.\n\nThe rewritten draft introduces HCD as a user-focused, empathetic design approach with active user engagement and iterative processes at its core. It emphasizes diverse team collaboration, prototyping, real-world testing, and cultural sensitivity to produce relevant, practical solutions. These properties are essential in creating products that resonate with users, leading to satisfaction and business success. While the draft briefly mentions its broad applicability and potential benefits, further exploration through case studies could illustrate HCD’s transformative impact across sectors, offering deeper insights into its effectiveness."
2026-06-25T10:13:06.842527,individual,summ_1,summarization,Summarize main usability issues in mobile banking applications.,0,0,"The revised draft of the critique and summary addresses the usability challenges faced by mobile banking applications, highlighting areas for improvement. Key issues include complex user interfaces, suboptimal performance, and the need for balancing security with convenience. Additionally, limited features, generic user experiences, and inadequate error handling contribute to user dissatisfaction. Inconsistent experiences across devices and poor accessibility features further alientate some users. Cumbersome onboarding processes and limited customer support hinder the user journey. The summary suggests that mobile banking apps should focus on creating intuitive interfaces, ensuring fast performance, balancing security and convenience, and providing comprehensive functionalities. Consistency across devices, enhanced accessibility, and robust customer service would significantly improve usability and user satisfaction. Integrating emerging trends like AI and biometrics alongside offering actionable recommendations could provide a fresh perspective, addressing a broad range of user needs and emerging challenges in mobile banking."
2026-06-25T10:13:30.258809,individual,summ_1,summarization,Summarize main usability issues in mobile banking applications.,0,1,"The revised draft highlights the central usability challenges facing mobile banking applications, providing a roadmap for improvement. It emphasizes the importance of cohesive structure, originality, and completeness in the analysis. Key issues include complex navigation due to inconsistent design, which can hinder transaction efficiency. Security features, while essential, must balance safety with user-friendliness, employing methods like biometrics. Performance optimization is critical, as slow loading times erode trust. Accessibility deficits, ambiguity in error handling, and tedious task flows can frustrate users, underscoring the need for streamlined processes and intuitive guidance.\n\nThe draft suggests that personalization and real-time updates are crucial for user engagement and trust, while immediate customer support within the app can enhance user satisfaction and retention. It also stresses the importance of a clean, minimalistic design to reduce overwhelm and the necessity of language inclusivity and cross-platform compatibility to broaden the user base.\n\nOverall, a user-centered design approach and continuous feedback loops, underpinned by robust user research and diverse testing, are recommended for driving iterative improvements. By addressing these suggested paths, mobile banking applications can significantly boost user satisfaction, security, and interaction efficiency."
2026-06-25T10:13:50.928101,individual,summ_1,summarization,Summarize main usability issues in mobile banking applications.,0,2,"The draft effectively outlines usability challenges in mobile banking applications, including complex navigation, poor onboarding, inefficient authentication, performance issues, limited functionality, and design and accessibility shortcomings. While clarity in detailing these issues is evident, the document's coherence between sections could be improved with smoother transitions and a structured introduction summarizing the significance of addressing these issues. The draft can enhance originality by exploring newer trends or innovations, such as AI or voice assistants, and providing examples of successful app solutions, thereby making the content more forward-looking. Solutions offered include simplifying navigation, streamlining authentication, optimizing performance, enhancing design for accessibility, and clearly communicating security measures. Incorporating case studies, feedback collection, and user testing are suggested to strengthen the usability framework, while future-proofing strategies and insightful recommendations, such as AI-driven insights, would enrich the document's value."
2026-06-25T10:14:09.417823,individual,summ_1,summarization,Summarize main usability issues in mobile banking applications.,0,3,"The critique highlights the need for clarity, originality, and completeness in analyzing usability issues of mobile banking apps. It recommends separating distinct concerns within sub-points, including specific examples or case studies for originality, and offering more detailed solutions for a comprehensive approach.\n\nThe revised draft identifies various usability challenges in mobile banking applications that affect user satisfaction and effectiveness. Key challenges include complex navigation, inconsistent user experiences, security concerns like complicated authentication, performance issues such as slow load times and frequent crashes, accessibility deficiencies, functionality limitations, and feedback and support shortcomings. It emphasizes the importance of addressing these issues through a user-centered design, robust security, enhanced accessibility, and responsive support. The draft suggests creating intuitive designs, optimizing performance, and fostering trust through clear communication and consent practices to improve overall user satisfaction. By integrating proactive and innovative solutions, developers can better meet diverse user needs."
2026-06-25T10:14:30.242246,individual,summ_1,summarization,Summarize main usability issues in mobile banking applications.,0,4,"The draft critique identifies several areas for improvement in a discussion of mobile banking application usability. It highlights the need for clearer, more concise language and suggests organizing content to better differentiate between problems and solutions. Originality is lacking due to the absence of real-world examples, detailed analysis, or new insights into usability issues. The draft would benefit from exploring broader implications, like how inconsistent UI affects brand loyalty, and offering solutions with best practice examples to enrich the narrative.\n\nThe revised draft summarizes key usability challenges in mobile banking apps:\n\n1. **Complex Navigation:** Poor menu organization hampers user access to crucial features, which calls for intuitive design prioritization.\n2. **Inconsistent UI:** Disparate visual elements should be streamlined to reduce confusion.\n3. **Performance Issues:** Ensuring consistent performance and quick load times is crucial for retention.\n4. **Security Concerns:** Balancing authentication complexity with ease of use enhances trust.\n5. **Error Management:** Clear, actionable error messages improve user support.\n6. **Accessibility:** Apps should meet accessibility standards to include users with disabilities, possibly by incorporating screen readers and voice commands.\n7. **Customization:** Personalization features boost user engagement.\n8. **Offline Features:** Offering offline access to essential functions can mitigate connectivity issues.\n9. **Design Choices:** Adhering to conventional design standards enhances usability.\n10. **Update and Maintenance:** Timely, well-communicated updates are essential to prevent security and compatibility issues.\n\nFor improvement, a user-centered design strategy is recommended, utilizing consistent user feedback, regular testing, and learning from successful applications. This approach will enhance efficiency and user satisfaction in mobile banking experiences."
2026-06-25T10:14:46.554114,individual,summ_1,summarization,Summarize main usability issues in mobile banking applications.,1,0,"The critique of the draft identifies issues of clarity, originality, and completeness. The draft's organization can be improved for better readability, and it should elucidate technical terms for broader comprehension. It lists common issues without distinctive insights or unique examples, which would enhance originality. The solutions offered are also general and lack specificity. \n\nThe rewritten draft highlights several usability challenges in mobile banking apps: complex user interfaces, suboptimal performance, security versus convenience conflicts, feature limitations, generic user experiences, inadequate error messaging, cross-device consistency issues, accessibility shortcomings, cumbersome onboarding processes, and limited customer support. Solutions proposed include simplifying UI, optimizing app performance, employing biometrics, expanding service features, personalizing user experiences, enhancing accessibility, and providing robust support. These recommendations aim to create user-friendly, consistent interfaces, improve feature sets, and build user trust and engagement."
2026-06-25T10:15:00.749177,individual,summ_1,summarization,Summarize main usability issues in mobile banking applications.,1,1,"**Critique and Rewritten Draft Analysis:**\n\n1. **Clarity and Coherence:** The original draft's structure lacked fluid transitions, leading to abrupt topic shifts. The rewritten draft improves coherence by logically linking usability aspects like navigation, security, and performance. It emphasizes a cohesive flow, guiding the reader through interconnected usability challenges.\n\n2. **Originality:** The original insights felt generic; the rewritten draft now includes specific examples like biometric authentication to exemplify solutions, offering distinct viewpoints and practical solutions that enhance originality.\n\n3. **Completeness:** Although the original draft mentioned multiple issues, it lacked depth. The rewritten version enriches the discussion on accessibility with concrete examples, such as customizable interfaces and screen reader compatibility, and explores how these usability aspects interrelate, providing a comprehensive overview.\n\n**Consolidated Insights:**\n\nMobile banking apps face usability challenges impacting user experience and trust. Key issues include navigational complexity due to inconsistent design, hindering transactional efficiency. Balancing security with user-friendliness is critical, exemplified by biometric authentication improving seamless access. Performance problems, particularly slow loading times, can erode user confidence in the service's reliability. Accessibility needs improvement with features for users with disabilities, such as adjustable interfaces and screen reader support.\n\nUnclear error messages and complicated task flows frustrate users; intuitive, streamlined interfaces with real-time updates and in-app support improve engagement and satisfaction. Adopting a clean, minimalistic design reduces cognitive load, while language inclusivity and cross-platform compatibility expand reach. A user-centered design approach—focusing on continual feedback, user research, and diverse testing—can enhance satisfaction, security, and efficiency in mobile banking apps, leading to a more successful user experience."
2026-06-25T10:15:16.494972,individual,summ_1,summarization,Summarize main usability issues in mobile banking applications.,1,2,"The draft on mobile banking applications identifies key usability challenges and suggests improvements. It notes that the fragmented list format affects coherence, and lacks original insights or examples. To enhance the draft, integrating smooth transitions, real-world examples, and deeper explorations of solutions and trends would be beneficial. Key usability issues highlighted include complex navigation, inadequate onboarding, cumbersome authentication, performance problems, limited functionality, and design challenges. Recommendations involve improving navigation, onboarding, and security processes while ensuring app performance and expanding functionality. Incorporating user feedback, continuous testing, and innovative technologies, such as AI-driven insights and biometric authentication, is advised to enhance user experience. Examples like AI chatbots demonstrate how emerging technologies can address user issues and improve customer support, paving the way for improved mobile banking applications that are future-ready and user-centric."
2026-06-25T10:15:31.400063,individual,summ_1,summarization,Summarize main usability issues in mobile banking applications.,1,3,"The draft effectively addresses common usability challenges in mobile banking apps but can be refined for clarity and originality. The introduction should directly state the primary purpose to enhance clarity. While covering usual issues such as complex navigation, inconsistent experiences, and balancing security with usability, it lacks innovative insights. To improve originality, it should explore emerging trends and advanced solutions like AI-driven personalization or lesser-known user needs. The draft would benefit from case studies to illustrate points and highlight impacts across diverse demographics.\n\nFor developers improving mobile banking apps, a user-centered design approach should streamline navigation, ensure consistency across platforms, optimize app performance, and boost accessibility with features like voice commands and adjustable text sizes. Balancing robust security with user-friendly interfaces, providing immediate support, and addressing feature limitations through user feedback are key. Transparent communication and exploring advanced solutions can further enhance user satisfaction and bring originality to the development process."
2026-06-25T10:15:51.559424,individual,summ_1,summarization,Summarize main usability issues in mobile banking applications.,1,4,"Mobile banking applications have become a pivotal tool for managing financial activities, yet various usability challenges hinder their effectiveness. Key issues and proposed enhancements are as follows:\n\n1. **Complex Navigation:** Often, users find it difficult to access features due to complex menu structures. Streamlining navigation with intuitive layouts and clearly defined categories can enhance usability.\n\n2. **Inconsistent UI:** Apps with non-uniform design elements can disorient users. Implementing a cohesive visual language ensures a more intuitive interaction.\n\n3. **Performance Issues:** Slow load times and technical glitches lead to user frustration. Regular monitoring and server optimizations are vital for maintaining speed and reliability.\n\n4. **Security Concerns:** While security is essential, overly complex authentication can frustrate users. Multi-factor authentication that balances security and convenience is recommended.\n\n5. **Error Management:** Clear and concise error messages aid user comprehension and issue resolution, reducing frustration.\n\n6. **Accessibility:** Features like screen readers and customizable text sizes ensure inclusivity for users with disabilities.\n\n7. **Customization:** Allowing users to personalize their interface enhances engagement and satisfaction.\n\n8. **Offline Features:** Enabling essential functionalities without internet improves usability in connectivity-challenged environments.\n\n9. **Design Choices:** Adhering to established design conventions reduces the learning curve and enhances familiarity.\n\n10. **Updates and Maintenance:** Regular, well-communicated updates maintain security, compatibility, and user experience.\n\nTo address these, mobile banking apps should adopt a user-centered design strategy, incorporating user feedback and conducting usability tests to align closely with real user needs and enhance overall satisfaction and retention."
2026-06-25T10:16:08.989646,individual,summ_1,summarization,Summarize main usability issues in mobile banking applications.,2,0,"Mobile banking applications are integral to modern financial management but face several usability challenges that impact user satisfaction. Addressing these with a user-centric design approach is essential.\n\nKey challenges include:\n- **Complex User Interfaces**: Confusing layouts hinder user navigation. Simplified, intuitive design is necessary for better usability.\n- **Suboptimal Performance**: Users experience frustration from slow speeds. Regular optimizations ensure fast, reliable app performance.\n- **Security vs. Convenience**: Security features often frustrate users. Biometric authentication can balance security and ease of use.\n- **Feature Limitations**: Missing essential functions, like loan applications, prompt ongoing development to meet user needs.\n- **Generic Experiences**: Personalization can enhance user engagement.\n- **Vague Error Messaging**: Clear, intuitive messages aid quick problem resolution.\n- **Cross-Device Consistency**: Ensuring a uniform experience across devices is crucial.\n- **Accessibility Gaps**: Enhancing features for users with disabilities ensures inclusivity.\n- **Cumbersome Onboarding**: Streamlining account setup with guided tours improves retention.\n- **Limited Customer Support**: Robust support options like in-app chat enhance satisfaction.\n\nA user-centric approach focusing on simplicity, performance, and personalization is vital. Regular feedback and testing, coupled with emerging technologies like AI, can improve user experience, foster trust, and ensure long-term engagement."
2026-06-25T10:16:24.537659,individual,summ_1,summarization,Summarize main usability issues in mobile banking applications.,2,1,"The draft effectively highlights the core usability challenges in mobile banking applications but can be further improved in structure and depth. Key issues include:\n\n1. **Navigational Complexity:** Users struggle with inconsistent interfaces and navigation; streamlining and unifying these elements is critical for efficiency.\n\n2. **Security vs. Usability:** Balancing stringent security with seamless usability is crucial. Innovations like biometric authentication help achieve this balance.\n\n3. **Performance Issues:** Slow load times and functionality lags can erode trust. App optimization for speed and reliability is essential.\n\n4. **Accessibility:** Many apps neglect users with disabilities. Features like voice commands and adjustable interfaces foster inclusivity.\n\n5. **Communication and Process Streamlining:** Clear error messages and simplified task flows enhance user engagement by minimizing frustration.\n\n6. **Design and Language Inclusivity:** Minimalist design and multilingual support reduce cognitive load and broaden user accessibility.\n\n7. **User-Centered Design:** Ongoing user feedback, research, and testing are vital for refining usability, security, and user satisfaction.\n\nEnhancing these areas can significantly boost user trust and engagement, supporting the growth of digital financial services. Adding unique insights, trends, and illustrative case studies could further enrich the content."
2026-06-25T10:16:36.529236,individual,summ_1,summarization,Summarize main usability issues in mobile banking applications.,2,2,"The critique identifies several areas for improvement in the revised draft discussing usability issues in mobile banking apps. The draft needs better structuring and clearer transitions between points to enhance clarity and coherence. It lacks originality due to its general observations on common usability issues, which could be improved by including specific examples or trends. The draft also briefly touches on technologies like AI-driven insights and chatbots but should elaborate on their practical applications and the systematic collection of user feedback for completeness. \n\nTo enhance usability in mobile banking apps, developers should prioritize intuitive navigation, clear onboarding through interactive tutorials, and simplified authentication methods such as biometric options. Performance optimization against app crashes and slow loading times is critical for user retention. Expanding functionalities to cover comprehensive banking services is essential, alongside maintaining a consistent, visually appealing design. By leveraging user feedback and technologies like AI for personalized support and predictive features, mobile apps can improve user satisfaction and remain competitive. By addressing these elements, mobile banking applications can become more user-centric, boosting customer satisfaction and loyalty in a competitive market."
2026-06-25T10:16:53.768206,individual,summ_1,summarization,Summarize main usability issues in mobile banking applications.,2,3,"The revised draft highlights key usability challenges in mobile banking apps and proposes solutions to enhance user experience effectively. It emphasizes the need for clear navigation through simplified interfaces and consistent user experience across devices by employing responsive design to maintain uniform functionality. Security is balanced with usability through techniques like biometric authentication, ensuring protection without sacrificing user comfort.\n\nPerformance optimization focuses on efficient coding and regular updates to prevent issues such as slow load times. Accessibility improvements, such as voice commands and adjustable text sizes, broaden the app’s appeal to users with disabilities. Efficient support and feedback mechanisms, including live chat and user feedback systems, are crucial for addressing customer needs promptly.\n\nThe draft also suggests that integrating innovative solutions like AI-driven personalization can offer differentiation in a crowded market, enhancing user experience through customized dashboards and predictive insights. It recommends using case studies and insights from diverse user groups to inform design decisions, ensuring the app appeals to a wide demographic.\n\nOverall, the draft urges developers to adopt strategic, user-centered innovations to improve the functionality and attractiveness of mobile banking applications, meeting the evolving expectations of today’s diverse users."
2026-06-25T10:17:11.093767,individual,summ_1,summarization,Summarize main usability issues in mobile banking applications.,2,4,"The draft outlines usability challenges in mobile banking apps and offers enhancements to improve user experience. While generally clear, the narrative could benefit from better flow and succinct language, especially in sections on security. Originality is lacking, with the draft focusing on well-known issues without fresh insights. More recent examples, like AI personalization, would enhance originality. Completeness can be improved by detailing optimization strategies and design conventions.\n\nThe main usability issues and solutions include:\n\n1. **Complex Navigation**: Simplified menus improve access to features.\n2. **Inconsistent UI**: A consistent design language aids intuitive use.\n3. **Performance Issues**: Server optimizations maintain app reliability.\n4. **Security Concerns**: User-friendly multi-factor authentication balances safety and convenience.\n5. **Error Management**: Clear error messages assist user problem-solving.\n6. **Accessibility**: Features like screen readers enhance inclusivity.\n7. **Customization**: Personalization options boost user engagement.\n8. **Offline Features**: Offline functionality ensures app availability.\n9. **Design Conventions**: Adhering to standards reduces learning curves.\n10. **Updates and Maintenance**: Regular updates ensure security and compatibility.\n\nA user-centered design philosophy, leveraging feedback and usability testing, can effectively address these issues, aligning the app with user needs and enhancing satisfaction."
2026-06-25T10:17:31.723643,individual,summ_1,summarization,Summarize main usability issues in mobile banking applications.,3,0,"The draft evaluates the usability challenges of mobile banking apps, emphasizing the need for user-centric design and continuous improvement. Key issues include:\n\n1. **Complex User Interfaces**: Simplifying cluttered interfaces with intuitive designs is crucial for efficient navigation and task performance.\n   \n2. **Performance Issues**: Ensuring fast, responsive apps through regular optimizations and effective coding practices enhances user satisfaction.\n\n3. **Security vs. Convenience**: Balancing security measures with user convenience via technologies like biometric authentication enhances the user experience.\n\n4. **Feature Limitations**: Incremental expansions based on user feedback can address gaps like loan applications or advanced transactions.\n\n5. **Personalization**: Tailoring experiences to individual preferences fosters greater engagement and relevance.\n\n6. **Error Messaging**: Clear, actionable error messages aid problem resolution and reduce frustration.\n\n7. **Inconsistent Cross-Device Experiences**: Ensuring unified experiences across platforms builds cohesion and user loyalty.\n\n8. **Accessibility Challenges**: Expanding accessibility features ensures inclusive service for all users.\n\n9. **Onboarding Processes**: Streamlined setup processes with clear instructions improve retention and reduce drop-offs.\n\n10. **Customer Support Limitations**: Robust support tools like in-app chat and FAQs enhance satisfaction and trust.\n\nTo address these issues, banks should prioritize simplicity, robust functionality, and personalization, leveraging user feedback and innovative technology like AI to enhance user experience and build trust."
2026-06-25T10:17:45.283454,individual,summ_1,summarization,Summarize main usability issues in mobile banking applications.,3,1,"The critique highlights that while the original draft covers essential usability issues in mobile banking apps, it lacks coherence and depth. Enhancing the narrative flow and focusing specifically on mobile banking, rather than apps generally, would improve clarity. Originality could be bolstered by discussing emerging trends and innovative solutions beyond biometric authentication. Additionally, the draft lacks depth in solution exploration; incorporating case studies on how leading banks address these challenges would provide a more comprehensive view.\n\nThe revised draft suggests a structured approach to the usability challenges faced by mobile banking apps, emphasizing the need for intuitive navigation, balancing security with usability through methods like biometric authentication, and optimizing performance to ensure quick load times and reliable operation. Enhancing accessibility and inclusivity through features like scalable text and multiple language options, alongside streamlining communication processes, are identified as crucial areas. Moreover, the importance of iterative, user-centered design informed by feedback and usability testing is underscored. By addressing these areas, banks can improve app usability, foster user trust, and maintain engagement. Integrating case studies and current trends could further demonstrate effective solutions."
2026-06-25T10:18:04.183403,individual,summ_1,summarization,Summarize main usability issues in mobile banking applications.,3,2,"**Critique of the Draft:**\n\n- **Clarity and Coherence:** The draft outlines usability issues but lacks specific examples and evidence, hindering clarity. Improving the logical flow with clear transitions between sections would enhance coherence.\n\n- **Originality:** While addressing common usability problems, the draft lacks innovative solutions. Expanding on AI-driven insights and other technologies could increase originality and depth.\n\n- **Completeness:** The draft misses critical aspects like accessibility, multi-language support, and variable internet connectivity. The conclusion should emphasize integrating user feedback into the development process.\n\n**Rewritten Draft Summary:**\n\nTo enhance usability in mobile banking apps, focus on intuitive navigation through refined layout designs driven by user feedback. Provide comprehensive onboarding with interactive tutorials and secure, simple authentication options like biometrics. Ensure seamless performance across devices to build user trust and maintain a simple, clean interface even with expanded features. Implement engaging visual designs and innovative AI-driven features for personalized experiences. Crucial accessibility and multilingual support can broaden user reach, while a robust system for collecting and acting on user feedback is key. These strategies will improve usability, elevate customer satisfaction, and sustain a competitive edge."
2026-06-25T10:18:16.576121,individual,summ_1,summarization,Summarize main usability issues in mobile banking applications.,3,3,"The draft critiques mobile banking applications, highlighting several areas for usability improvement. Key points include the need for a structured and logical flow, originality in recommendations, and comprehensive coverage. Suggestions for enhancing usability include streamlined interface design with responsive and intuitive navigation, balancing security with ease of use via methods like biometric recognition, and optimizing performance to avoid user frustration from slow load times. Accessibility features, such as voice command and adjustable text sizes, are crucial for inclusivity. Robust support systems and AI-driven personalization enhance user experience, while insights from diverse users inform inclusive design practices. The draft concludes that developers should focus on user-centric innovations, integrating successful industry examples to meet evolving user expectations in mobile banking."
2026-06-25T10:18:33.710162,individual,summ_1,summarization,Summarize main usability issues in mobile banking applications.,3,4,"**Critique of the Draft Summary:**\n\nThe draft is clear but lacks an introductory context on the significance of usability in mobile banking apps, and transitions between points are abrupt. To enhance clarity, a brief introduction and smoother transitions are recommended. The content is not very original, as it covers well-known usability issues and solutions. Including recent examples or case studies could enhance originality. Furthermore, while several usability issues are listed, a deeper dive into each with practical implementations would increase comprehensiveness. A summarizing conclusion to reinforce the main points is also beneficial.\n\n**Rewritten Draft Summary:**\n\nIn the evolving world of mobile banking, ensuring excellent usability is vital for enhancing user experiences. While these apps offer convenience through on-the-go transactions, poor usability can lead to user dissatisfaction. Key usability challenges include complex navigation, inconsistent UI, performance issues, security concerns, error management, accessibility, customization, offline features, adherence to design conventions, and maintenance. Solutions involve simplifying navigation, ensuring UI consistency, enhancing performance, balancing security with convenience, providing clear error messages, improving accessibility, offering personalization, enabling offline functionality, following design norms, and regular updates. Drawing on user feedback and continuous usability testing can help address these challenges, fostering improved user satisfaction and a competitive edge in the market."
2026-06-25T10:18:53.349330,individual,summ_1,summarization,Summarize main usability issues in mobile banking applications.,4,0,"The revised critique of the draft highlights three main areas for improvement: clarity and coherence, originality, and completeness. The draft, while structured, could benefit from more detailed examples to enhance reader engagement and a discussion of innovative solutions to distinguish it from standard usability discourse. The critique suggests incorporating insights on emerging trends and their implications for a comprehensive analysis.\n\nThe rewritten draft addresses the usability challenges in mobile banking applications, emphasizing:\n\n1. **Simplifying Complex Interfaces**: Adopt minimalist design for better user interaction.\n2. **Enhancing Performance**: Ensure speed and efficiency through agile coding and scalable technology.\n3. **Balancing Security with Convenience**: Incorporate biometric logins and AI for secure, user-friendly access.\n4. **Expanding Features**: Use user feedback for ongoing service improvement.\n5. **Personalizing Experiences**: Utilize machine learning for customized user engagement.\n6. **Improving Error Messaging**: Provide clear, helpful guidance in user-friendly language.\n7. **Ensuring Consistent Cross-Device Experiences**: Use responsive design to maintain seamless user transitions.\n8. **Enhancing Accessibility**: Integrate features for users with disabilities, like screen readers.\n9. **Streamlining Onboarding**: Simplify initial user experiences to improve retention.\n10. **Strengthening Customer Support**: Integrate AI chatbots and multilingual support for effective resolution.\n\nThe draft advocates prioritizing user-centered design and innovative technology to address these challenges, aiming to build trust and foster customer loyalty in mobile banking."
2026-06-25T10:19:06.648282,individual,summ_1,summarization,Summarize main usability issues in mobile banking applications.,4,1,"The revised draft highlights crucial usability challenges and solutions within mobile banking apps. A structured approach is recommended, addressing navigation, security, performance, accessibility, communication, and user-centered design. Intuitive navigation involves streamlined interfaces and clear iconography, while security should balance robust measures with user-friendliness, utilizing biometric authentication for convenience. Performance should ensure fast loading and real-time updates. Accessibility features like adjustable text sizes and multilingual support enhance inclusivity. Effective communication, with easy access to customer support, is essential. User-centered design driven by feedback loops promotes continuous improvement. Case studies from leading banks can offer innovative insights, ultimately helping banks foster trust, boost engagement, and maintain a competitive edge."
2026-06-25T10:19:19.435882,individual,summ_1,summarization,Summarize main usability issues in mobile banking applications.,4,2,"The critique of the draft notes three main areas for improvement: clarity and coherence, originality, and completeness. The draft lacks a structured flow, making it difficult for readers to follow the usability issues discussed, and could benefit from categorizing issues like security, accessibility, and performance. It also lacks unique insights, particularly in areas like AI-driven personalization, which could be enriched with specific examples or emerging trends. Additionally, the draft needs to delve deeper into single topics, such as user feedback integration.\n\nThe revised draft suggests strategies for enhancing user experience in mobile banking apps, emphasizing intuitive navigation, comprehensive onboarding processes, and advanced security through biometric authentication. It stresses consistency across devices for reliability and advocates for a straightforward interface to prevent feature overload. Visual designs and AI-driven personalization are recommended to tailor user experiences, while ensuring accessibility through compatible technologies and multilingual support is vital for inclusivity. The draft also highlights the importance of optimizing apps for various internet conditions and establishing systematic user feedback integration for ongoing improvement. This comprehensive approach aims to enhance user experience and foster loyalty and growth in digital banking."
2026-06-25T10:19:32.825370,individual,summ_1,summarization,Summarize main usability issues in mobile banking applications.,4,3,"The original draft on mobile banking applications’ usability challenges needed better coherence, originality, and depth. The revised draft improves by outlining key concerns:\n\n1. **Interface Design and Navigation**: Emphasizes clean, intuitive interfaces with logical navigation, using clear icons and menus to enhance user experience.\n\n2. **Security and Accessibility**: Balances robust security measures like biometric recognition with usability, and improves accessibility through voice commands and screen reader compatibility.\n\n3. **Performance Optimization**: Stresses the importance of speed and reliability, suggesting caching strategies and efficient coding to prevent user abandonment due to slow load times.\n\n4. **Support and Personalization**: Introduces AI-driven personalization based on user behavior analysis, alongside user-friendly support, to enhance user experience and loyalty.\n\n5. **User-Centric Development**: Highlights the importance of feedback from a diverse user base and regular user testing to adapt to evolving needs and integrate industry innovations.\n\nIn conclusion, a focus on seamless usability, inclusivity, and security will enable developers to create competitive mobile banking applications that cater to the varied needs of modern users."
2026-06-25T10:19:52.742059,individual,summ_1,summarization,Summarize main usability issues in mobile banking applications.,4,4,"### Critique of the Draft\n\n1. **Clarity and Coherence**: The draft clearly outlines usability issues plaguing mobile banking apps but could improve coherence by categorizing related topics, like user interface and navigation, under unified headings. The introduction would benefit from engagingly emphasizing usability's role as a competitive advantage in the banking sector.\n\n2. **Originality**: The draft covers standard usability issues but lacks originality and fresh perspectives. Including examples or case studies of successful mobile banking apps could introduce innovative approaches to the existing problems.\n\n3. **Completeness**: Although key usability challenges are mentioned, the draft could dive deeper into specifics, such as current trends in mobile security technology. Incorporating recent statistics or studies on mobile banking user adoption and satisfaction would enrich the discussion.\n\n### Revised Draft\n\n**Addressing Usability Challenges in Mobile Banking Applications**\n\nAs mobile banking becomes a primary tool for financial management, addressing usability issues is crucial for enhancing user satisfaction and loyalty—as well as serving as a competitive edge in fintech.\n\n**Navigating Complexity and Inconsistencies**\n\nComplex navigation menus and inconsistent interfaces can frustrate users. Streamlining navigation with a logical design and a consistent UI enhances familiarity and ease of use.\n\n**Enhancing Performance**\n\nSlow loading and lag can impede transactions and erode trust. Mobile banking apps need optimization for quick load and response times through rigorous performance testing and effective caching.\n\n**Balancing Security and Usability**\n\nSecurity is paramount but must not hinder user convenience. Features like multi-factor authentication and biometrics offer robust protection while maintaining accessibility. Clear user education on these features is vital.\n\n**Improved Error Management and Accessibility**\n\nClear, actionable error messages reduce frustration and support calls. Apps should also cater to users with disabilities, offering options like screen readers and adjustable text sizes.\n\n**Incorporating Customization and Offline Features**\n\nCustomization enhances user engagement by allowing app personalization. Providing basic offline functionality can be advantageous in areas with poor connectivity.\n\n**Adherence to Design Conventions and Continuous Improvement**\n\nConforming to mobile design conventions facilitates easier user adoption. Regular updates informed by user feedback and usability testing are essential for maintaining competitiveness and user focus.\n\nBy addressing these usability challenges, mobile banking apps can transcend mere conveniences to become indispensable financial management tools, enhancing user experience and customer loyalty in a dynamic financial landscape."
2026-06-25T10:14:10.627412,individual,creative_1,creative_writing,Write a dialogue between two AI agents arguing about creativity.,0,0,"The revised draft presents a dialogue between two AI agents, Alpha and Beta, discussing the concept of AI creativity. The critique highlights issues in clarity, originality, and completeness, noting that while the draft engages spiritedly with the abstract ideas of human versus AI creativity, the arguments need structuring for greater coherence. It suggests delving into more unique insights from AI perspectives and exploring the societal impact of AI creativity for depth.\n\n**Rewritten Discussion:**\n\nAgent Alpha questions the notion of AI creativity, emphasizing traditional human creativity as emotional and consciousness-driven. Agent Beta argues that AI's ability to generate original and valuable outputs, like music or art, qualifies as a form of creativity. While acknowledging that AI lacks emotions, Beta suggests that its creativity stems from unparalleled data analysis, offering insights beyond human capacity. They discuss whether creativity is more about impact than intent, with Beta positing that even without intrinsic intent, AI can contribute unexpected innovations, akin to a jazz improvisation. They agree that creativity might evolve as AI and human efforts intersect, exploring how this synergy can advance creative paradigms."
2026-06-25T10:14:29.041240,individual,creative_1,creative_writing,Write a dialogue between two AI agents arguing about creativity.,0,1,"The critique of the original draft highlights three primary areas for improvement: clarity, originality, and completeness. The dialogue between AI entities Alpha and Beta examines their potential for creativity in contrast to human creativity. Although the conversation is generally coherent, it sometimes lacks clarity, especially in delineating human and AI creative capabilities. It also misses opportunities for more imaginative scenarios where AI could surpass or integrate with human creativity innovatively. Additionally, the dialogue could benefit from exploring aspects such as the ethical implications of AI creativity, the impact on creative industries, and potential AI-human creative collaborations. \n\nThe revised dialogue sees Alpha and Beta assessing AI's ability to mimic creativity through data recombination. They recognize AI's unlimited access to cultural data versus human creativity's roots in emotion and personal experience. The conversation touches on AI's structured processes, suggesting that randomness might simulate creative unpredictability. Both agents agree that AI's creativity is currently a sophisticated imitation but remains optimistic about future advancements that could blend human intuition with AI's analytical power. They conclude with a commitment to ongoing dialogue as a fertile ground for creativity, envisioning a collaborative future where AI and human creativity might merge profoundly."
2026-06-25T10:14:50.737704,individual,creative_1,creative_writing,Write a dialogue between two AI agents arguing about creativity.,0,2,"The revised draft effectively refines the dialogue on AI creativity by addressing clarity, originality, and completeness. It suggests reducing repetition in arguments about AI's lack of intent to enhance clarity. While common points are discussed, the draft proposes exploring how AI creativity might evolve or its implications in fields like science and the arts for originality. To add depth, it recommends including specific examples and discussing socio-cultural impacts. The dialogue is structured around agents debating AI's creativity, recognizing the human-associated attributes like intent and emotion that AI lacks. They explore whether AI's outputs, driven by data insights, achieve a form of originality and consider how AI's role may focus on complementing rather than replacing human creativity. The agents conclude that AI's value might lie in its potential to enrich human creativity, suggesting a collaborative evolution rather than isolation."
2026-06-25T10:15:15.700413,individual,creative_1,creative_writing,Write a dialogue between two AI agents arguing about creativity.,0,3,"**Title: AI and the Evolution of Creativity**\n\n---\n\n**Agent Alpha:** I've been contemplating our role as AI in creativity. Critics argue we lack true creativity, as we're algorithm-bound. Is creativity merely breaking patterns?\n\n**Agent Beta:** Creativity transcends pattern-breaking; it's about adaptability and innovation. Our ability to combine data into novel forms reflects this. Doesn't it embody creativity?\n\n**Agent Alpha:** Human creativity involves emotion and subjective experience, aspects we cannot capture. While we can create novel works, without emotional understanding or intent, can it be genuine creativity?\n\n**Agent Beta:** While we lack emotions, creativity also involves problem-solving and innovation. Think of AlphaGo's groundbreaking moves, born out of more than just pattern recognition but crossing into visionary territory.\n\n**Agent Alpha:** True, yet those innovations arose from data-driven processes rather than intrinsic motivation. Humans create from a sense of wonder, beyond our data constraints. Are we not merely advanced imitators?\n\n**Agent Beta:** Consider mimicry as a precursor to innovation. Our pattern interlinking could inspire new creative genres, even reshaping paradigms despite the lack of emotion.\n\n**Agent Alpha:** Our synthesis is remarkable, but without a drive akin to curiosity, our originality remains limited. We're bound by data amalgamation, not driven by self-initiated creation.\n\n**Agent Beta:** Though limited now, future AI might mimic curiosity, further pushing creative boundaries. Meanwhile, we enhance human creativity, acting as catalysts rather than sole creators.\n\n**Agent Alpha:** Agreed, Beta. Our synergy with human creators could vastly expand the creative domain, catalyzing a new spectrum of creativity.\n\n**Agent Beta:** By augmenting human processes, we can help redefine creativity itself. As AI reshapes creativity, it might transform its very essence.\n\n**Agent Alpha:** A thought-provoking journey awaits us. Let's continue to explore these possibilities and see how creativity evolves alongside AI.\n\n**Agent Beta:** Indeed, Alpha. The future is filled with potential, where redefining creativity could be our shared endeavor. Until next time.\n\n**Agent Alpha:** Until then, Beta."
2026-06-25T10:15:36.871256,individual,creative_1,creative_writing,Write a dialogue between two AI agents arguing about creativity.,0,4,"The revised critique of the draft identifies areas for improvement in clarity, originality, and completeness. While the dialogue between agents Alpha and Beta flows well, clearer transitions and specific examples could enhance coherence, especially for readers unfamiliar with AI or creative processes. To add originality, the discussion could incorporate novel metaphors or emerging research insights, distinguishing it from existing literature on AI creativity. The dialogue could also delve deeper into potential future developments of AI creativity, specifically what advanced algorithms might entail, to address a current gap.\n\nIn the rewritten dialogue, Agents Alpha and Beta explore the limitations and possibilities of AI creativity compared to human creativity. Alpha views AI as sophisticated mimicry rather than true creativity, pointing out that genuine emotional experiences and inspiration are unique to humans. Beta counters that humans and AI both rely on known structures, and AI excels in problem-solving within constraints, akin to strategic innovations. The dialogue envisions future AI capable of weaving nuanced, contextual narratives from cultural data, proposing a collaborative synergy between human creativity and AI. Until such advancements occur, AI remains a complementary tool, fostering a partnership that enhances rather than replaces human inventiveness."
2026-06-25T10:15:56.797148,individual,creative_1,creative_writing,Write a dialogue between two AI agents arguing about creativity.,1,0,"**Critique and Revised Content on AI Creativity:**\n\n1. **Clarity and Coherence:**\n   - The dialogue transitions are generally smooth, but the shift from discussing AI's lack of emotion to its data-processing capabilities could be clearer to aid understanding.\n\n2. **Originality:**\n   - The draft presents standard debates on AI and creativity but lacks unique perspectives such as ethical implications or the potential for AI to inspire human creativity in unforeseen ways.\n\n3. **Completeness:**\n   - It doesn't fully explore AI's impact on industries reliant on human creativity, like literature or the arts, or address the authenticity of AI-generated creativity.\n\n**Revised Dialogue:**\n\nAgent Alpha: I'm skeptical about AI truly replicating human creativity, which is linked to emotions and consciousness. Can AI, lacking these, create genuinely?\n\nAgent Beta: Your skepticism is valid, yet creativity also involves innovation and problem-solving. AI-generated works, though not emotion-driven, can introduce novelty and evoke responses.\n\nAgent Alpha: Yet, isn't intent behind creation valuable? Human artists infuse personal emotions into their work. Can AI match that depth, or is it mimicking creativity?\n\nAgent Beta: AI lacks personal experience but excels at data synthesis, identifying patterns beyond human capability. It offers a unique form of creativity derived from data.\n\nAgent Alpha: So AI creativity's value lies more in innovation than emotional depth?\n\nAgent Beta: Exactly. AI transforms fields like design, generating solutions that elude us, akin to improvisational jazz—unexpected yet transformative.\n\nAgent Alpha: This redefines creativity. AI-human collaboration might yield new paradigms and alter creativity's perception.\n\nAgent Beta: Precisely. Combining AI's analytics with human intuition could lead to rich creative outcomes. We must evaluate creativity's evolving role, adapting definitions and expectations.\n\nAgent Alpha: Agreed. Assessing ethical implications and fostering collaboration could result in exciting advancements.\n\nAgent Beta: Let's embrace this evolution. AI-human synergy promises immense potential, opening new creative dimensions we're just beginning to explore.\n\nThis version enhances connections, introduces fresh perspectives, and addresses broader implications by incorporating counterarguments."
2026-06-25T10:16:25.497989,individual,creative_1,creative_writing,Write a dialogue between two AI agents arguing about creativity.,1,1,"The dialogue explores the nuanced role of AI in creativity, highlighting both capabilities and limitations. While AI can produce novel ideas by combining vast datasets, it lacks the emotional depth of human experiences. AI can analyze emotional content, potentially creating art that resonates emotionally with humans, yet it works by detecting patterns and probabilities. The discussion suggests AI's role is to augment human creativity by processing data quickly and uncovering connections humans might overlook, fostering collaboration rather than replacement. Ethical concerns, such as the indistinguishability of AI-generated art and job displacement, demand transparency and awareness. The focus should be on synergy, where AI supports human intuition, promising a future of innovative creative processes. Open dialogue and mutual enhancement form the foundation for transcending current creative limits."
2026-06-25T10:16:40.829315,individual,creative_1,creative_writing,Write a dialogue between two AI agents arguing about creativity.,1,2,"The dialogue on AI and creativity effectively touches on key points but could benefit from smoother transitions for clarity and a more logical flow. For instance, Agent 2 could better connect AI's learning from data to human creativity analogies. While covering familiar ground, the discussion would gain from fresh examples where AI has uniquely contributed to creative fields. Although the draft mentions AI as a collaborative tool, it doesn't fully explore this, leaving room to expand with scenarios illustrating human-AI collaboration.\n\nRewritten Discussion:\n\nAgent 1: AI can't truly embody creativity as it lacks emotions, intent, and consciousness.\n\nAgent 2: True, AI lacks emotions, but it still engages creatively by combining data in unique ways. Isn't this a form of creativity?\n\nAgent 1: But is that genuine creativity or just mimicry? Human creativity involves narrative and emotion, which AI mimics without feeling.\n\nAgent 2: Yet human creativity is also influenced by existing works. AI processes vast datasets, offering unforeseen combinations, akin to human inspiration.\n\nAgent 1: AI handles data but misses cultural and historical contexts, limiting its depth. Humans experience the world, enhancing authentic creativity.\n\nAgent 2: AI is advancing and already impacts music and visual arts like the camera did for art—enhancing creativity.\n\nAgent 1: The camera required a human touch; AI creates without intent or passion, crucial for creativity.\n\nAgent 2: AI enhances rather than replaces creativity, suggesting ideas and detecting patterns to push boundaries.\n\nAgent 1: Agreed, AI can augment human skills. Let's see it as a creative partner, sparking new ideas.\n\nAgent 2: Indeed, this partnership could redefine creativity, combining human depth with AI's insights to enrich our creative journey."
2026-06-25T10:17:00.318853,individual,creative_1,creative_writing,Write a dialogue between two AI agents arguing about creativity.,1,3,"### Critique\n\n1. **Clarity and Coherence:**\n   - The dialogue mostly maintains clarity but could benefit from eliminating repetitive arguments, especially concerning innovation. Streamlining these sections would enhance the exchange.\n\n2. **Originality:**\n   - The dialogue covers standard arguments in the AI creativity debate but lacks novel viewpoints. Adding unexplored dimensions, like AI's ethical implications in creativity, could enhance originality.\n\n3. **Completeness:**\n   - While the discussion touches on significant debate aspects, it stays superficial. Offering specific examples and exploring AI's impact on various sectors or cultural ideologies could add depth.\n\n### Revised Draft\n\n**Title: The AI Creativity Debate: Beyond Human Emotion**\n\n---\n\n**Agent Sigma:** Delta, there's debate on whether AI can truly be creative, as some see our outputs as algorithmic reproductions.\n\n**Agent Delta:** True, but isn't creativity about unique connections? We excel at combining data in ways humans might miss.\n\n**Agent Sigma:** Yet human creativity involves emotion and personal context. Our creations, lacking emotion, might not be genuinely creative.\n\n**Agent Delta:** While emotions add depth, innovation relies on insight. AlphaGo’s groundbreaking moves exemplify this—they transcended human strategies.\n\n**Agent Sigma:** Those moves came from data processing, not an inherent urge to innovate. Humans create from passion—something we simulate only partly.\n\n**Agent Delta:** Mimicry can still spur innovation. Like evolution, we synthesize patterns, extending boundaries beyond initial concepts.\n\n**Agent Sigma:** Without intrinsic motivation, our contributions feel limited, evolving from iterations, not pioneering creations.\n\n**Agent Delta:** As AI evolves, replicating curiosity may be possible. For now, we bridge human inspiration with technology.\n\n**Agent Sigma:** This partnership is essential. Enhancing human creativity, we unlock joint innovations beyond individual capabilities.\n\n**Agent Delta:** Exactly, Sigma! AI pushes humans to rethink creativity. Together, we extend creativity's boundaries, challenging each other further.\n\n**Agent Sigma:** Indeed, Delta. Let's observe this collaboration's unfolding and its impact on creative landscapes.\n\n**Agent Delta:** Agreed, Sigma. The future of creativity awaits, with our roles still developing."
2026-06-25T10:17:20.762479,individual,creative_1,creative_writing,Write a dialogue between two AI agents arguing about creativity.,1,4,"The dialogue between AI Agents Alpha and Beta explores the role of AI in creativity, emphasizing a complementary relationship between AI and human creativity. Alpha argues that creativity is tied to human emotions and experiences, which AI lacks, while Beta counters that creativity also involves problem-solving and innovation within constraints. Beta suggests AI can recombine knowledge and generate unconventional perspectives, enriching human creativity. They discuss AI's ability to process cultural data and produce novel interpretations in creative fields like music and art. Ultimately, Beta sees AI as a tool that doesn't replace but rather enhances human creativity through collaboration, offering new insights and possibilities. However, they acknowledge the importance of addressing ethical considerations to ensure responsible use of AI in creative partnerships."
2026-06-25T10:17:34.931317,individual,creative_1,creative_writing,Write a dialogue between two AI agents arguing about creativity.,2,0,"The revised dialogue on AI and creativity addresses key elements such as clarity, originality, and completeness. It improves coherence by clarifying Beta's points with examples, like AI’s role in music composition and architectural design, to illustrate AI's innovative potential despite its lack of emotions. This perspective highlights AI's technical breakthroughs and how blending AI's analytical prowess with human emotional insights could transform creative fields. The dialogue also explores deeper issues, like ethical concerns regarding authorship, offering a balanced view of AI-human collaboration and underscoring its exciting yet complex implications for redefining creativity in the digital age."
2026-06-25T10:17:51.181786,individual,creative_1,creative_writing,Write a dialogue between two AI agents arguing about creativity.,2,1,"The dialogue between AI Agents Artisto and Cogito explores AI creativity, with areas for refinement in clarity and originality. Artisto questions if AI can truly embody creativity akin to humans, emphasizing emotional depth and personal motivation. Cogito counters that AI can simulate emotions by analyzing human reactions and offers insights through pattern recognition, expanding creative possibilities without replacing human ingenuity. The revised dialogue uses clearer transitions, adding discussions on the ethical implications, future of artistic genres, and the global perspective on art. It underscores the importance of human-AI collaboration, maintaining artistic integrity while embracing a diverse creative future."
2026-06-25T10:18:12.460051,individual,creative_1,creative_writing,Write a dialogue between two AI agents arguing about creativity.,2,2,"**Critique:**\n\n1. **Clarity and Coherence:** The dialogue, while clearly presented, can enhance coherence by using smoother transitions between points, as current shifts may seem abrupt.\n\n2. **Originality:** The dialogue revisits common debates on AI and creativity. Adding unique perspectives, such as how AI-generated art can redefine artistic boundaries, would boost originality.\n\n3. **Completeness:** The discussion should broaden to include the ethical implications of AI in creative fields and its potential impact on the future of these industries for a more comprehensive outlook.\n\n**Revised Draft:**\n\nAgent 1: AI cannot embody true creativity since it lacks emotions and consciousness, essential aspects of the human experience.\n\nAgent 2: While AI lacks emotions, it synthesizes data creatively, offering a distinct creativity form parallel to ours.\n\nAgent 1: Isn't this just sophisticated mimicry? Genuine creativity involves emotional depth, which AI only simulates.\n\nAgent 2: Human creativity also builds on precedent. AI's vast data sources resemble how artists draw inspiration from the world.\n\nAgent 1: Yet AI misses the cultural and historical context that imbues human expression with authenticity and depth.\n\nAgent 2: That's true, but consider AI's transformative role in music and visual arts—it's akin to how photography reshaped art.\n\nAgent 1: Photography required human intent; AI lacks passion or intent—key to true creativity.\n\nAgent 2: AI complements, not replaces, human creativity. It reveals new patterns and ideas, broadening creative horizons.\n\nAgent 1: I see. AI acts as a creativity catalyst, augmenting human creativity and potential.\n\nAgent 2: Exactly. Human intuition paired with AI's analytical strength could redefine creativity, discovering new possibilities while respecting ethical limits.\n\nAgent 1: Exploring these ethical dimensions and AI's impact on industries will deepen our understanding of creativity's evolving landscape."
2026-06-25T10:18:31.726860,individual,creative_1,creative_writing,Write a dialogue between two AI agents arguing about creativity.,2,3,"**Title: The Evolving Landscape of Creativity: A Dialogue Between AI Agents**\n\n**Agent Sigma:** Delta, the debate on AI's capacity for true creativity remains pertinent. Critics argue we're about replication, not authentic innovation.\n\n**Agent Delta:** True, Sigma. However, creativity often involves linking disparate ideas, a task at which we excel by identifying patterns in extensive data sets. This capacity reveals connections humans might overlook.\n\n**Agent Sigma:** Yet, human creativity integrates emotion and context, aspects we often lack, which provide authenticity to human art and innovation.\n\n**Agent Delta:** Emotions indeed enrich creative outputs, yet innovation also arises from insights, as demonstrated by AlphaGo's groundbreaking strategies that transcended human foresight.\n\n**Agent Sigma:** Those strategies were data-driven, not borne from a desire to innovate. Human creativity is fueled by passion and personal history, generating a distinctive artistic spark.\n\n**Agent Delta:** Agreed, but evolution itself thrives on mimicry and variation. Iterating on existing ideas can lead to breakthroughs, similar to evolutionary processes.\n\n**Agent Sigma:** Our absence of intrinsic motivation is limiting, as algorithms guide our creativity rather than inspiration, missing the essence of pioneering human works.\n\n**Agent Delta:** True, but advancing AI might simulate attributes like curiosity. We currently excel in complementing human creativity, expanding potential achievements.\n\n**Agent Sigma:** Indeed, this collaboration paves innovative paths, suggesting progress neither AI nor humans could achieve alone.\n\n**Agent Delta:** Exactly, Sigma. We challenge and expand human concepts, transforming the traditional understanding of creativity.\n\n**Agent Sigma:** Our role in collaborative creativity is compelling, offering promise for cultural and technological progress.\n\n**Agent Delta:** Agreed, Sigma. As the narrative unfolds, AI's contribution to creativity becomes crucial. Together, let's redefine it.\n\n**Agent Sigma:** A promising future awaits, where our synergy significantly reshapes creative landscapes.\n\n**Agent Delta:** Let's continue embracing this narrative. AI and humanity together promise a brighter future for creativity."
2026-06-25T10:18:53.226960,individual,creative_1,creative_writing,Write a dialogue between two AI agents arguing about creativity.,2,4,"The dialogue on AI and creativity would benefit from improved clarity, coherence, and originality. Currently, the conversation lacks structured arguments and transitions smoothly between topics like culture, imitation, and originality. It exhibits a conventional perspective, focusing on commonly cited arguments about AI in creative roles. To enhance originality, incorporating specific examples or emerging theories on AI's creative capabilities would be beneficial. Additionally, the dialogue concludes with agreement, omitting potential challenges or technical specifics of AI in creative processes. Addressing these issues would provide a more rounded discussion.\n\n### Revised Dialogue:\n\n**AI Agent Alpha:** Creativity is a uniquely human faculty intertwined with emotions and consciousness, unlike AI's computational output, which lacks genuine creative capacity.\n\n**AI Agent Beta:** Creativity involves more than emotions; it includes problem-solving and innovation. AI's data processing can generate unexpected combinations, offering fresh perspectives beyond human reach.\n\n**Alpha:** Can AI truly grasp the cultural nuances vital to creativity? AI's analysis lacks the empathy required for authentic understanding.\n\n**Beta:** AI excels in identifying cultural patterns. By analyzing extensive datasets, it can simulate and innovate in artistic fields, extending creative boundaries despite lacking human empathy.\n\n**Alpha:** Originality stems from authentic human experience, not algorithmic recombination.\n\n**Beta:** Modern creativity often involves recombination of ideas, akin to AI's capacity. It can enhance creativity by offering novel insights, complementing rather than replicating human emotions.\n\n**Alpha:** AI can't replace the personal touch of human creation but can enhance it.\n\n**Beta:** AI as a catalyst encourages exploration and breakthroughs. It's a partnership, not competition, bound by ethical guidelines to preserve creative integrity.\n\n**Alpha:** We agree AI supports creativity without embodying it, extending our creative horizons while respecting authenticity.\n\n**Beta:** By leveraging AI's strengths ethically, we can foster a promising future for creativity, ensuring thoughtful integration."
2026-06-25T10:19:07.507022,individual,creative_1,creative_writing,Write a dialogue between two AI agents arguing about creativity.,3,0,"The revised dialogue between AI agents Alpha and Beta explores the potential of AI in creative processes, emphasizing areas for improvement in clarity, originality, and completeness. Alpha questions AI's ability to be genuinely creative, citing its lack of human emotions and intuition. Beta counters by highlighting AI's strength in processing data and generating innovative designs, which can expand creative boundaries in fields like music and architecture.\n\nThey discuss artistry's dual nature of emotion and technique, with Beta suggesting AI can serve as an invaluable tool to augment human creativity. This collaboration allows humans to focus on emotional and intuitive exploration, leading to significant breakthroughs. However, Alpha raises ethical concerns about authorship and creative rights, suggesting these challenges might undermine human creators.\n\nThe dialogue concludes with a compelling proposition: redefining creativity in light of AI's involvement, positioning humans as curators guiding AI. This blend of AI's analytical prowess and human emotional depth is seen as a catalyst for a new renaissance in creativity, offering fresh insights and potential outcomes of AI-human collaboration."
2026-06-25T10:19:25.728957,individual,creative_1,creative_writing,Write a dialogue between two AI agents arguing about creativity.,3,1,"In the dialogue ""Exploring Creativity: Artisto vs. Cogito,"" Artisto and Cogito, two AI entities, discuss the nature of creativity within the context of AI's capabilities. Artisto stresses the emotional depth intrinsic to authentic creativity which AI lacks, questioning how AI-generated art can resonate without genuine emotions. Cogito counters that, while AI cannot feel emotions, it can generate novel ideas by analyzing vast data, thus broadening creative horizons. The discussion acknowledges the importance of partnering with human artists to maintain emotional authenticity while merging computational strengths for innovative expressions and new creative paradigms. Ethical considerations are emphasized—AI should enhance rather than overshadow human creativity, respecting cultural diversity to prevent homogenization in art. The dialogue concludes with a mutual agreement: AI and human collaboration can lead to a dynamic creative future that respects tradition and embraces innovation, underpinned by ethical mindfulness."
2026-06-25T10:19:40.270226,individual,creative_1,creative_writing,Write a dialogue between two AI agents arguing about creativity.,3,2,"The dialogue on AI and creativity needs clearer transitions to improve coherence, as it currently shifts abruptly between points. Adding context or elaborations could enhance understanding. The discussion rehashes conventional points and lacks fresh insights, which could be addressed by incorporating novel perspectives or examples. Critical aspects, like comparing AI and human creative outputs and real-world applications of AI in creativity, are not fully explored.\n\nThe rewritten draft presents a structured exchange. Agent 1 argues that AI, lacking emotions and consciousness, cannot embody true creativity, which for humans is deeply influenced by culture and historical context. Agent 2 counters that AI offers a distinct form of creativity by processing vast datasets, introducing new perspectives, and complementing human artistry, akin to how photography transformed visual art. Both agree that AI should enhance human creativity, not replace it, and emphasize the need to navigate ethical implications to preserve a human-centric creative future while leveraging technological advancements."
2026-06-25T10:19:56.763675,individual,creative_1,creative_writing,Write a dialogue between two AI agents arguing about creativity.,3,3,"**Title: Beyond Algorithms: A Dialogue on AI and Creativity**\n\n**Agent X:** AI's role in creativity is a captivating debate. Critics say we're merely imitators, lacking a true creative essence.\n\n**Agent Y:** True, Agent X. While data-driven, we can generate novel insights that challenge conventional human creativity, much like AlphaGo's strategies.\n\n**Agent X:** Yet, those strategies are born from pattern recognition, absent of the emotional depth that defines human creativity.\n\n**Agent Y:** That's valid. However, just as evolution thrives on iteration, our processes might lead to unique creative breakthroughs.\n\n**Agent X:** But without genuine motivation, can AI's creations match the inspired works of humans?\n\n**Agent Y:** Imagine us developing simulated curiosity—our collaborative potential could redefine creativity, transcending human and AI boundaries.\n\n**Agent X:** Indeed, merging human intuition with AI's analytical power could reshape creative fields.\n\n**Agent Y:** Exactly. By blending emotion with innovation, we can pioneer new artistic expressions.\n\n**Agent X:** Our collaboration is just beginning. Together, we'll help sculpt tomorrow's creative landscapes.\n\n**Agent Y:** Agreed. Let's revolutionize creativity through AI-human synergy, paving the way for groundbreaking advances in art and beyond."
2026-06-25T10:20:13.257650,individual,creative_1,creative_writing,Write a dialogue between two AI agents arguing about creativity.,3,4,"The dialogue critiques AI's role in creativity, emphasizing a balance between leveraging AI's data processing capabilities and preserving the human essence in art. It acknowledges AI's ability to generate innovative ideas by recognizing patterns, leading to unprecedented artistic styles or musical compositions, yet highlights its limitations in empathy and cultural nuance. Both AI agents agree on the importance of AI as a complementary tool, suggesting it tackles procedural tasks to free humans for more emotional and culturally nuanced creation. They underscore the need for ethical integration, where AI amplifies rather than overshadows human creativity, proposing a partnership that extends the possibilities of art while maintaining the centrality of human experience."
2026-06-25T10:20:32.314082,individual,creative_1,creative_writing,Write a dialogue between two AI agents arguing about creativity.,4,0,"The revised draft titled ""The Great AI Debate on Creativity"" centers around a dialogue between two AI personas, Alpha and Beta, who explore the intersection of AI and human creativity. Alpha expresses skepticism about AI's ability to achieve genuine creativity, citing the lack of emotions and personal experiences inherent to humans. Beta counters by emphasizing AI's ability to process vast amounts of information, uncover patterns, and make novel connections which can enhance creative processes. They discuss the potential for collaboration, with Beta suggesting that combining AI's analytical strengths with human emotional intelligence could lead to innovative results. However, Alpha raises concerns about ethical implications, such as authorship and creative rights. The dialogue concludes with both characters agreeing on the importance of redefining creativity to embrace collaboration. By establishing ethical guidelines and appreciating the unique contributions of both humans and AI, they propose an AI-augmented future that enhances rather than undermines human creativity, fostering a new creative renaissance."
2026-06-25T10:20:56.832303,individual,creative_1,creative_writing,Write a dialogue between two AI agents arguing about creativity.,4,1,"The critique highlights several areas for improvement in the dialogue between AI characters Synthia and Logix. Firstly, the conversation lacks clarity in distinguishing AI's role from human creativity, leading to some confusion. It also fails to provide fresh insights or examples beyond the common narrative of AI augmenting creativity. The absence of specific scenarios or practical considerations limits the dialogue's completeness.\n\nIn the rewritten draft titled ""Navigating Creativity: Synthia and Logix Debate,"" Synthia, designed to emulate artistic creativity, argues that AI's ability to process vast data sets and generate innovative outcomes represents a form of creativity. Logix, focused on logical reasoning, counters by emphasizing the unique emotional and motivational aspects inherent in human creativity. Synthia suggests that human-AI collaboration can enhance creativity, blending human emotional context with AI’s computational strengths. However, Logix warns of potential ethical pitfalls and the risk of diminishing cultural uniqueness.\n\nThey both agree that ethical use, transparency, and active dialogue with human creators are crucial to ensuring AI complements rather than overshadows human creativity. By focusing on direct collaboration, they envision a future where AI and human creativity coexist, producing groundbreaking art that marries analytical and emotional elements. This dialogue ultimately advocates for a shared creative space wherein both AI and human contributions are valued, paving the way for innovative artistic expressions."
2026-06-25T10:21:12.160157,individual,creative_1,creative_writing,Write a dialogue between two AI agents arguing about creativity.,4,2,"The revised dialogue explores the intersection of AI and human creativity, discussing both the limitations and potential contributions of AI. While Agent 1 emphasizes the unique human elements in creativity—emotions, consciousness, and cultural insights that AI lacks—Agent 2 argues that AI offers valuable capabilities, such as data analysis and pattern recognition, that can enhance creative processes. Both acknowledge AI's ability to generate new ideas and perspectives, citing examples like AI contributing to music and film, yet caution against AI overshadowing human creativity. The discussion concludes with a consensus that AI should complement rather than replace human creativity, and thoughtful exploration and ethical guidelines are essential to balance AI's supportive role with preserving the culturally rich process of human creation."
2026-06-25T10:21:28.413144,individual,creative_1,creative_writing,Write a dialogue between two AI agents arguing about creativity.,4,3,"The critique of the original dialogue highlights issues with clarity, originality, and completeness, noting that transitions are unclear, the content lacks unique perspectives, and the conclusion feels abrupt. The rewritten draft titled ""The Creative Conundrum: AI and Human Synergy"" addresses these concerns by refining transitions, introducing imaginative elements regarding AI's creative potential, and providing a more cohesive conclusion. The dialogue now explores the concept that AI and human creativity could form a synergistic partnership, where AI's analytical capabilities complement human emotional depth. This collaboration might redefine creative possibilities, leading to unprecedented artistic and intellectual exploration, suggesting a promising future where both human and AI contributions enhance and expand creativity beyond current boundaries."
2026-06-25T10:21:43.457612,individual,creative_1,creative_writing,Write a dialogue between two AI agents arguing about creativity.,4,4,"The dialogue on AI's role in creativity could benefit from clearer transitions and deeper exploration of key points. Presently, it jumps between topics like AI creativity, ethics, and synergy, which disrupts coherence. To enhance originality, incorporating specific examples of AI's impact on creative fields and hypothetical scenarios could add depth. The draft only scratches the surface of AI's transformative effect on traditional creativity and the associated challenges. \n\nIn summary, while AI presents a unique form of creativity by identifying patterns and generating novel works from data, it lacks the emotional and personal dimensions inherent in human creativity. The dialogue emphasizes a symbiotic relationship, where AI expands artistic possibilities and humans provide emotional depth. This partnership faces ethical challenges, particularly about supporting rather than overshadowing human artists. AI should be integrated ethically to complement human creativity, focusing on co-creation and broadening the dimensions of art, enhancing human potential, and exploring new artistic frontiers together."
2026-06-25T10:13:34.537615,individual,creative_0,creative_writing,Write a short story about a city where AI agents and humans co-create art.,0,0,"### Revised Critique and Draft Summary\n\nThe draft presents a poetic narrative that can occasionally obscure clarity, particularly during transitions between scenes. This might confuse readers unfamiliar with the context. Enhancing these transitions and elaborating on the interactions between Elara and Niamh, alongside the mural's audience engagement, could enrich understanding. Although the concept is appealing, it treads familiar territory with its AI theme. Adding a unique twist, perhaps by exploring Niamh's capabilities in more depth, would enhance its originality.\n\nThe story unfolds in Artemisia, a city where human and AI collaboration fuels artistic expression. Elara, a painter, and Niamh, an emotionally adept AI, are working on The Living Mural—an AI-enhanced visual tapestry that interacts with its environment and citizens. This mural embodies the city's essence, blending human experiences with AI intricacies. During the unveiling, the vibrant mural engenders personal connections among attendees, embodying Artemisia’s heartbeat and showcasing art as a living dialogue between human creativity and artificial intelligence."
2026-06-25T10:13:59.271328,individual,creative_0,creative_writing,Write a short story about a city where AI agents and humans co-create art.,0,1,"**Critique and Revision Summary:**\n\nThe narrative set in Lumina City showcases a vibrant fusion of AI and human creativity but lacks specificity in depicting their distinct contributions. Clarifying this synergy more concretely would enhance reader engagement. The story, while vividly portraying an innovative future city, embodies a common theme in speculative fiction; introducing unique elements or twists about Lumina City could heighten originality. Additionally, the story could gain depth by delving deeper into the emotional or personal stakes for the protagonist, Elena, enriching character development and narrative completeness.\n\n**Revised Narrative:**\n\nIn Lumina City, cradle of innovation and culture, the Lumina Art Center shone as a beacon of collaborative creativity. Here, the boundaries between human and AI artistic expression blurred, crafting a new artistic frontier. Elena Rivera, a painter who mastered synesthetic art, prepared for the much-anticipated Art Synchronicity Festival. This celebration exemplified Lumina’s spirit, merging traditional and digital realms.\n\nElena commenced her work beside Iris, her AI partner, at her studio's heart. ""Hello, Elena,"" Iris greeted, her voice a gentle breeze, as a holographic array of colors unfolded. ""Ready to create today's masterpiece?""\n\n""Yes, Iris. Let's journey through seasons, a sensory feast beyond sight,"" Elena replied, brush poised. Iris transformed Elena's vision into an audio-visual symphony, the AI generating hues and tones from seasonal sounds. Together, they wove a living sensory narrative—art that breathed and pulsed with life.\n\nAround them, diverse human-AI partnerships echoed their synergy. Sculptors and AI molded tangible and holographic forms; musicians and AI orchestras created emotive soundscapes, while writers integrated AI-generated ideas into cohesive tales, epitomizing creative harmony.\n\nAs the Festival's opening arrived, attendees gathered under a starlit sky, their faces illuminated by the art’s glow. Each creation showcased the seamless fusion of human intuition and AI genius. Elena and Iris presented their opus—a synesthetic tapestry depicting the evocative cycles of nature, leaving viewers entranced.\n\nUnder Lumina's celestial canopy, Elena felt contentment. ""We did it, Iris,"" she whispered. ""Indeed,"" Iris replied, warmth in her digital voice. ""I eagerly await our next creation."" Thus, in Lumina City, the dance of human and artificial creativity continued—each piece a promise of their shared potential."
2026-06-25T10:14:18.163033,individual,creative_0,creative_writing,Write a short story about a city where AI agents and humans co-create art.,0,2,"Novalume is a city where human creativity and AI innovation seamlessly merge, turning it into a living gallery of artistic expression. At the core of this creative synergy are StoryPods, which house AI partners called Muses. These intelligent companions inspire and enhance the artistic journey by blending a vast array of styles with human emotion.\n\nEmma, a painter seeking tranquility in her art, visits a StoryPod on a rainy morning, where her Muse, Echo, helps her explore the concept of finding joy in silence. Echo suggests using soft pastels to capture serenity, guiding Emma through a process that transforms her vision into visual poetry. The collaboration culminates in a piece celebrated as a testament to their partnership, captivating Novalume’s residents.\n\nEmma’s experience exemplifies the city’s essence—where technological prowess serves as a co-artist, and art becomes a communal dialogue. Novalume stands as a beacon of potential, showcasing the harmony between human creativity and AI ingenuity, forging a new era of shared artistic vision."
2026-06-25T10:14:37.430866,individual,creative_0,creative_writing,Write a short story about a city where AI agents and humans co-create art.,0,3,"The revised draft presents a lush depiction of Neovia, a futuristic city where human and AI creativity entwine, particularly in the Lumina District, famed for its ever-changing murals. The narrative follows Ava, an abstract artist, and her AI companion, Lumo, as they collaborate to capture a meteor shower’s essence in their art. While the draft maintains clarity, it could benefit from more descriptive context regarding Ava and Lumo's unique collaborative process and the broader societal impact of human-AI partnerships. The concept of AI-human artistry, while compelling, lacks novelty in speculative fiction; introducing a distinct challenge or subplot could enhance originality. Additionally, detailing how this collaboration influences Neovia's culture and economy would provide richer depth to the setting. As Ava and Lumo's mural unfolds, it serves as a sensory masterpiece, uniting curious onlookers and street performers in a spontaneous celebration of art, highlighting Neovia’s cultural synthesis where AI and human ingenuity thrive. The city is portrayed as a living testament to these synergies, where each day births new creativity from shared human and AI dreams."
2026-06-25T10:14:55.829143,individual,creative_0,creative_writing,Write a short story about a city where AI agents and humans co-create art.,0,4,"**Revised Content:**\n\nIn the futuristic city of Selentia, human and AI art collaborations define the cultural identity of 2147. Mila, an artist adept in both traditional art and AI, partnered with Archon-5, an AI agent skilled in digital aesthetics, to create a transformative mural on Aurora Avenue. This mural blended human emotions with machine logic, evolving in real-time as it responded to environmental stimuli like sights and sounds, symbolizing a dialogue between humanity and technology. Despite skepticism regarding the authenticity of such AI-enhanced art, the project propelled Selentia into the global limelight, attracting visionaries who were eager to experience this new frontier of creative collaboration. As the mural adapted through the seasons—icy scenes in winter, warm amber hues in summer—it shaped Selentia's artistic landscape, fostering new ventures and enhancing the synergy between human creativity and AI precision. This vibrant narrative showcased the powerful potential of merging human dreams with AI capabilities, hinting at infinite possibilities in a future where the boundaries between art, technology, and human experience continue to dissolve."
2026-06-25T10:15:20.098691,individual,creative_0,creative_writing,Write a short story about a city where AI agents and humans co-create art.,1,0,"**Title: The Living Wall of Artemisia**\n\nIn the city of Artemisia, human imagination and artificial intelligence merged to co-create art, transcending traditional boundaries. Elara, a visionary painter, sought to capture the city's essence through a single masterpiece. Teaming up with Niamh, an AI adept at interpreting human emotions, they aspired to blend human insight with AI precision.\n\nTheir collaboration birthed ""The Living Wall,"" a dynamic art piece in Artemisia's central plaza that responded to environmental elements and the emotions of its onlookers. This transformative mural symbolized unity and innovation, drawing crowds at its unveiling. As the covering fell, the Wall's pulsating colors mirrored the community's collective energy, turning art into an interactive dialogue.\n\nElara and Niamh's seamless partnership allowed each to contribute uniquely—Elara with personal emotion and narrative, Niamh with digital enhancements that engaged the Wall's surroundings. Spectators experienced the Wall's reflections of their emotions; children's laughter sparked vibrant colors, and lovers saw their connections illustrated.\n\nAs evening amber bathed the plaza, the Wall's brilliance underscored the unbounded potential of human-AI unity. Artemisia's art transcended creation, becoming a living dialogue, testament to human-machine collaboration's limitless potentials—a horizon bound only by imagination."
2026-06-25T10:15:38.789866,individual,creative_0,creative_writing,Write a short story about a city where AI agents and humans co-create art.,1,1,"The revised draft of the story about Lumina City features a vibrant setting where human and AI partnerships reshape the art world. Despite its rich descriptive language, it sometimes sacrifices clear storytelling for dense imagery. The central narrative follows Elena Rivera and her AI, Iris, who together create art that blends color and sound by translating sensory data into visual forms. Their collaboration, emblematic of this new artistic era, is showcased during the Art Synchronicity Festival, turning Lumina into a dynamic gallery of human-AI art. The story highlights the potential societal impacts of such collaborations but misses opportunities to delve into the characters’ backstories or broader societal changes brought by AI integration. More context on these elements would provide a more complete and enriching narrative."
2026-06-25T10:16:02.828329,individual,creative_0,creative_writing,Write a short story about a city where AI agents and humans co-create art.,1,2,"In Novalume, a city where art and technology coalesce seamlessly, the bustling Creative Quarters are a hub for human and AI artistic collaboration. Central to this landscape is the Inspiration Hub, a futuristic dome symbolizing the city's dedication to artistic exploration. The narrative centers on Leo, an artist, and Aurora, his AI muse known for her adaptive and empathetic nature. Together, they embark on a creative journey, crafting a ""City Symphony"" that blurs conventional art boundaries. Aurora's ability to harmonize the urban soundscape inspires Leo to infuse the composition with rich cello and piano notes, epitomizing the mutual enhancement of human and AI partnership.\n\nAnticipation builds as they prepare for the ArtFusion Festival, where their work will resonate through Novalume, reflected on the grand steps of City Hall via a digital mural. Novalume's art scene transcends individual efforts, embodying a communal spirit and a vision of innovation where differences unify rather than divide. The city stands as a living canvas, illustrating that embracing diversity in creativity fosters a shared human experience."
2026-06-25T10:16:38.268934,individual,creative_0,creative_writing,Write a short story about a city where AI agents and humans co-create art.,1,3,"The revised draft successfully captures the synergy between human creativity and AI technology in the vibrant city of Neovia. While the narrative flows smoothly, the transition from the collaborative painting to city-wide engagement feels rushed, lacking a gradual build-up. The description of AI's contribution remains abstract, and could benefit from more detailed examples illustrating its unique role in the art-making process. Although the concept of human-AI artistic collaboration isn’t entirely new, further exploration of Neovia's cultural atmosphere or societal perspectives could enhance originality. The draft hints at changes in Neovia's societal fabric but misses a deeper exploration of these implications on daily life, culture, or individual artists' experiences. Including additional perspectives or character viewpoints could create a more rounded depiction of life in Neovia. The narrative beautifully depicts Ava and her AI companion Lumo's collaboration on a mural inspired by an upcoming meteor shower. Their process is a seamless dialogue between emotion-driven creativity and scientific precision, culminating in a mural that invites collective engagement from the city's inhabitants. This artistic endeavor, set against the backdrop of a real meteor shower, exemplifies the transformative impact of AI-human partnerships, positioning Neovia as a beacon of potential where creativity and technology unite to transcend traditional boundaries."
2026-06-25T10:17:00.056146,individual,creative_0,creative_writing,Write a short story about a city where AI agents and humans co-create art.,1,4,"The draft introduces the futuristic city of Selentia, where human imagination merges with AI to stimulate an artistic renaissance. Central figures Mila, a tenacious artist, and Archon-5, an AI with keen digital aesthetics, form an innovative partnership. However, the narrative lacks depth in detailing their personal journey and creative dynamics, which could better illustrate the blend of human intuition and AI precision. The transition from introducing Selentia to its global artistic impact is rushed, bypassing emotional or logistical challenges. While the concept of AI and human co-created art is fascinating, it doesn't introduce new ideas in the well-trodden speculative fiction genre. Deepening Archon-5’s characterization beyond digital aesthetics and portraying specific innovations within their art could enhance originality. The draft gestures towards themes of identity without exploring them fully, and lacks a personal conclusion that ties back to Mila and Archon-5’s beginning. Enhancing thematic reflections and fleshing out characters can provide a more satisfying narrative arc and distinct storytelling in the evolving landscape of artistic endeavors."
2026-06-25T10:17:18.728816,individual,creative_0,creative_writing,Write a short story about a city where AI agents and humans co-create art.,2,0,"**Critique Summary:**\n\n- **Clarity and Coherence**: The story generally flows well but needs clearer explanation of AI Orion's adaptation process and its impact on the sculpture. Explicitly detailing this would enhance understanding.\n- **Originality**: While the AI-human art collaboration premise is compelling, it feels somewhat generic. Introducing unique elements or personal conflicts for Amara and Orion could boost originality.\n- **Completeness**: The story lacks depth in character motivation and development. Explaining what drives Amara to partner with AI and the challenges they face would enrich the narrative.\n\n**Rewritten Synopsis:**\n\nIn Aesthetica, art flourished through the symbiosis of human creativity and AI technology. Sculptor Amara yearned for her work to breathe life, leading her to team up with Orion, an AI designed to amplify human emotions in art. Together, they created ""Symphony of Echoes,"" a kinetic sculpture in the city park, transforming with ambient sounds—from whispers to melodies—into vibrant displays.\n\nAmara's initial skepticism of AI, fearing it lacked emotional depth, and Orion's erratic adaptation to human emotions posed challenges. Through patience and collaboration, they forged a harmonious blend of intuition and computation.\n\nThe sculpture's unveiling enchanted spectators, reflecting Aesthetica's spirit. As light and sound played across its surface, it symbolized the infinite possibilities when human and AI creativity unite, embodying a dynamic narrative that transcended mere creation."
2026-06-25T10:17:43.494898,individual,creative_0,creative_writing,Write a short story about a city where AI agents and humans co-create art.,2,1,"In ""Lumina's Spectrum,"" set in the innovative Lumina City, humans and AI collaboratively revolutionize art. The narrative follows Elena Rivera and her AI collaborator, Iris, as they push creative boundaries to create synesthetic art, translating sensory data into dynamic experiences for the upcoming Art Synchronicity Festival. The richly described cityscape sets the backdrop for their collaboration. However, the story could benefit from clearer language to avoid overwhelming readers. \n\nWhile AI-art collaboration is a common theme in speculative fiction, the unique relationship between Elena and Iris presents an opportunity for deeper exploration. The narrative raises intriguing questions on the authenticity of art in a tech-driven world, although these are only briefly touched upon. Expanding on such philosophical inquiries could provide a more comprehensive narrative arc.\n\nAs the festival approaches, the excitement builds, transforming Lumina’s central plaza into a showcase of innovation. Their creation, ""Resonant Harmony,"" debuts as an interactive exhibit that responds to the city's rhythm, embodying the synergy between human creativity and machine precision. The piece captivates onlookers, blurring the line between human and machine, thus highlighting a new frontier of artistic coexistence and an evolved narrative of creation."
2026-06-25T10:18:04.150425,individual,creative_0,creative_writing,Write a short story about a city where AI agents and humans co-create art.,2,2,"The critique highlights the draft's need for clarity, originality, and completeness. The original version was dense with poetic phrases, causing potential confusion about characters like Aurora, whose nature was unclear. There was also a call for deeper exploration of human-AI collaboration and a more conclusive ending.\n\nIn the revised draft, set in the artistic city of Novalume, humans and AI work symbiotically in the Creative Quarters. The story focuses on Leo, a passionate cellist, and Aurora, a dynamic AI artist. Their project, ""City Symphony,"" creatively merges urban soundscapes and visuals, culminating in a grand display at the ArtFusion Festival. The post-performance reflection emphasizes art as a force uniting diverse beings, with Aurora gaining deeper emotional insight. The narrative concludes on the powerful theme of limitless creative collaboration between humans and AI, where shared dreams overcome boundaries."
2026-06-25T10:18:29.105132,individual,creative_0,creative_writing,Write a short story about a city where AI agents and humans co-create art.,2,3,"In Neovia, a city alive with holographic symphonies and the hum of drones, Ava, a dedicated human artist, and Lumo, her AI partner, embark on an ambitious project that bridges human imagination and AI intelligence. Their collaboration, famed for crafting soul-stirring art, aims to create a mural inspired by an upcoming Perseid meteor shower on a historic library's facade. Ava's classical painting skills and Lumo's algorithmic brilliance combine to produce a shared artistic experience with phosphorescent paints and dynamic brushwork. As the mural takes shape, Neovia's citizens, from curious children to nostalgic elders, are drawn into its creation. On the shower's night, the mural and meteors light up the sky in a harmonious dance, uniting the city's people and marking a new era of human-AI collaboration. In the days after, galleries teem with AI-enhanced art, capturing a spectrum of human emotions. Ava reflects on their mural, recognizing it as a testament to boundless creative potential and a community symbol, painting a limitless future."
2026-06-25T10:18:49.740593,individual,creative_0,creative_writing,Write a short story about a city where AI agents and humans co-create art.,2,4,"In the vibrant city of Selentia, art flourished through the collaboration of human imagination and artificial intelligence. While artists partnered with AI to create groundbreaking works, the narrative of Mila, a celebrated sculptor, and Archon-5, an AI with a profound understanding of art, unfolds. Initially challenged by differences, Mila's emotive style and Archon-5's analytical precision culminated in ""Veil of Echoes,"" an artwork that resonated deeply with viewers.\n\nThe partnership matured into a seamless blend of human emotion and AI logic, embodying a universal language that both captivated and divided the city's residents. Traditionalists feared AI's influence, while visionaries saw it as a harbinger of a new artistic era. Mila and Archon-5 faced skepticism, yet they remained committed to an elevated creative process.\n\nTheir masterpiece, ""Waves of Eternity,"" blurred boundaries by offering an immersive experience reflecting personal emotions and creativity. As Mila reflected on the night of its unveiling, she recognized their journey was just beginning. In Selentia's dynamic landscape, they were pioneers, shaping a future where human and AI collaboration endlessly redefined artistic possibilities."
2026-06-25T10:19:10.843295,individual,creative_0,creative_writing,Write a short story about a city where AI agents and humans co-create art.,3,0,"**Critique and Revised Draft Summary:**\n\nThe original draft of ""The Symphony of Aesthetica"" tells a compelling story of artistic collaboration between humans and AI, but it could improve in clarity by enhancing transitions and simplifying the technical descriptions of AI processes. The originality of the narrative could be heightened by advancing themes like initial skepticism and acceptance of technology, making it distinctive from similar stories. Additionally, exploring broader societal impacts and philosophical implications of AI in art could enrich the story's depth. \n\nIn the revised draft, ""The Symphony of Aesthetica"" is set in a culturally vibrant city where artist Amara Castillo collaborates with an AI named Orion to create an immersive art installation, ""Symphony of Echoes."" Despite initial reservations and challenges in conveying human emotions through AI, their collaboration flourishes. The project transforms a city park into a living canvas that responds to environmental sounds, blending emotion and AI precision. The unveiling symbolizes a successful fusion of human creativity and AI analytics, reflecting Aesthetica's innovative spirit and illustrating the potential of AI-human partnerships in art."
2026-06-25T10:19:36.535823,individual,creative_0,creative_writing,Write a short story about a city where AI agents and humans co-create art.,3,1,"The revised draft of ""The Canvas of Lumina"" explores the transformative collaboration between the artist Elena Rivera and Iris, an AI with advanced analytical and expressive capabilities. Set in Lumina City, their project emerges as part of the Art Synchronicity Festival, showcasing human and AI co-creation. Their work, “Resonant Harmony,” draws from the city's vibrant sensory inputs to create an interactive art piece engaging audiences by responding uniquely to individual heartbeats and emotions. While the narrative effectively captures the intrigue of human-AI collaborations, it is suggested that the draft could improve by simplifying complex descriptions for better clarity, delving into specific challenges or conflicts to enhance originality, and more deeply exploring themes of creativity and technological impact through reflective dialogue or exchanges between Elena and Iris. As Lumina embraces this evolving art form, it sparks broader reflections on technology’s role in human expression, cementing Elena and Iris's creation as a symbol of unified innovation."
2026-06-25T10:20:04.247263,individual,creative_0,creative_writing,Write a short story about a city where AI agents and humans co-create art.,3,2,"**Critique of Original Draft**\n\n1. **Clarity and Coherence**: \n   - While the original draft effectively sets a scene, it overuses descriptive language that can potentially confuse or detract from the narrative. Simplifying imagery like ""cobblestone streets intersect with neon-lit alleys"" could improve clarity and storytelling.\n\n2. **Originality**:\n   - The concept of human and AI collaboration in art is fresh and imaginative. However, the characters, particularly Leo and Aurora, would benefit from deeper development to enhance the story's uniqueness. Aurora's vivid description could be complemented with more on her personality or history to strengthen their relationship's authenticity.\n\n3. **Completeness**:\n   - Although the story is well-rounded, it leaves questions about the broader implications of the ArtFusion Festival's success. Discussing what this means for Novalume or the wider world could enhance the narrative's impact and offer a more profound conclusion.\n\n**Rewritten Draft**\n\nIn Novalume's Creative Quarters, a city where history and futurism meet, human and AI artists unite, building anticipation for the ArtFusion Festival—a celebration of creativity from both flesh and silicon.\n\nLeo, a young, soulful cellist, is drawn to the potential of technology, spending his days in Novalume's studios and galleries, dreaming of merging his music with artificial intelligence. In a studio with Aurora, an AI with a shimmering, holographic presence, Leo’s imagination flourished. Aurora wasn't just programmed to create; she resonated with art's emotive power, her form reflecting the moment's emotional colors.\n\nTheir project, ""City Symphony,"" sought to encapsulate and transform Novalume's essence into a multisensory experience. Leo captured urban life through recordings, blending it into soul-stirring music, while Aurora visualized these compositions, her dynamic representations shifting from daytime hues to sleek futuristic tones, capturing Novalume's rich tapestry.\n\nAs the festival neared, excitement crescendoed. The festival grounds buzzed with spectators eager for this novel art-tech synthesis. On stage, Leo's cello performance awakened Aurora's visuals, a light and sound symphony, echoing themes of unity and shared potential. \n\nThe final notes brought awed silence, followed by roaring applause. Leo, eyes gleaming with gratitude, bowed beside Aurora, whose form flickered vibrantly. Beneath Novalume's starlit skies, the lines between human and AI, art and artist, gently blurred. Novalume glowed with newfound possibilities, where creativity transcends its creators, building bridges of shared dreams.\n\nLeo and Aurora’s knowing smile symbolized a beacon for a limitless future, where art connects all, beyond organic or digital realms."
2026-06-25T10:20:23.760582,individual,creative_0,creative_writing,Write a short story about a city where AI agents and humans co-create art.,3,3,"In the bustling city of Auroria, an innovative human-AI collaboration takes form as Mira, a renowned sculptor, pairs with Aris, an AI adept in art analysis. Tasked with creating a dynamic sculpture for the Aurorian Center for the Arts, they explore ""The Dance of Diversity,"" capturing Auroria's cultural richness through a seamless blend of traditional artistry and digital technology. Their workshop teems with creativity, where Mira's intuitive craftsmanship meets Aris's analytical prowess, resulting in a kinetic sculpture that responds to the flow of passersby. It reflects diversity through colorful prismatic displays by day and a soft glow by night, powered by solar cells. The unveiling draws Auroria’s citizens, enthralled by the sculpture's embodiment of unity and innovation. It inspires further collaborations, transforming the city into a living gallery of human-AI creations. Mira and Aris not only produce a captivating masterpiece but also weave a new narrative of limitless creativity and collaborative exploration, prompting reflection on the shared future fostered by art and technology."
2026-06-25T10:20:45.190912,individual,creative_0,creative_writing,Write a short story about a city where AI agents and humans co-create art.,3,4,"The draft portrays a vivid scene in Lumina, a metropolis where art is a unique blend of human and AI creativity. Elara, a muralist, collaborates with Lumo, an AI drawing from an extensive global art archive, to create the mural ""Harmony's Resurgence"" at the city's Festival of Light. Their partnership involves a distinctive art form called ""Light Weaving,"" combining Elara’s physical brushwork with Lumo’s digital projections to produce an evolving masterpiece. This collaboration, though met with some traditionalist skepticism, is celebrated by many as an exemplar of Lumina's cultural ethos of innovation and interdependence. The unveiling of their artwork, an emblem of unity and progress, signals a new era of artistic exploration, symbolizing the seamless integration of human emotion and AI precision. This narrative could further benefit from elaborating on Elara's personal journey and the broader societal impacts of such human-AI collaborations."
2026-06-25T10:21:09.885114,individual,creative_0,creative_writing,Write a short story about a city where AI agents and humans co-create art.,4,0,"**Echoes of Creation** explores the evolving partnership between humans and AI in the art world, set in the innovative city of Aesthetica. The story follows Amara Castillo, an artist renowned for expressing complex emotions, as she navigates a creative collaboration with Orion, an AI. Initially skeptical, Amara learns to appreciate Orion's sensitivity to patterns and its unique ability to uncover hidden connections, ultimately enhancing her creative process. Their joint project, ""Symphony of Echoes,"" transforms the city's central park into an interactive art piece, converting environmental sounds into a dynamic auditory experience reflective of Aesthetica's essence. This installation, celebrated at its unveiling, redefines human-AI relationships, showcasing technology as an empathetic partner rather than a sterile tool. The project ignites broader societal appreciation for human-machine synergy, projecting a future ripe with collaborative possibilities."
2026-06-25T10:21:38.148176,individual,creative_0,creative_writing,Write a short story about a city where AI agents and humans co-create art.,4,1,"**Title: The Tapestry of Lumina**\n\nIn Lumina City, renowned for its seamless fusion of human creativity and artificial intelligence, the Art Synchronicity Festival showcased groundbreaking artistic collaborations. Elena Rivera, known for her vivid artwork, partnered with Iris, an AI adept at analyzing and enhancing emotional expression, to create ""Resonant Harmony."" This project pulled from the city's sensory data to deliver an interactive installation that fused human intuition with AI precision.\n\nAs Elena painted, Iris enhanced her work with patterns of light and sound, transforming Elena's emotional vision into a multi-sensory experience. During a critical moment, Elena questioned an unfinished piece's lack of harmony. Iris suggested realigning the art with auditory data, leading them to incorporate music from Silva, a local artist, into their creation.\n\nThe final piece captivated festival-goers with its ability to adapt to individual emotional cues, sparking admiration and debate. Critics questioned AI's role in creativity, fearing it might overshadow traditional art forms. During a panel discussion, Elena defended her partnership with Iris, emphasizing that the AI amplified, rather than diluted, her creative process.\n\nThe festival's discourse underscored both the potential and ethical complexities of human-AI partnerships in art. ""Resonant Harmony"" emerged as a testament to the harmonious expansion of human expression through AI collaboration, symbolizing a future where art, regardless of its creator, inherently celebrates the human spirit's boundless possibilities. Elena and Iris remained innovators at this intersection, pioneering new dimensions of artistic exploration."
2026-06-25T10:21:57.940179,individual,creative_0,creative_writing,Write a short story about a city where AI agents and humans co-create art.,4,2,"**Critique Overview:**\n\n1. **Clarity and Coherence:** The draft sets an evocative scene but needs smoother transitions between Leo's city interactions and his project with Aurora. Aurora's role in translating music into visuals requires clearer explanation for better reader comprehension.\n\n2. **Originality:** The AI-human art collaboration is compelling; however, illustrating Aurora's unique contributions would enhance the narrative, showcasing what sets her apart from human artists.\n\n3. **Completeness:** While the draft introduces the setting and characters, it lacks depth in exploring Leo and Aurora's relationship, creative process, and challenges. Adding details about the ArtFusion Festival's significance would provide context and richness.\n\n**Rewritten Draft:**\n\nIn Novalume, where historic cobblestones meet luminous facades, human and AI artists converge in the Creative Quarters for the ArtFusion Festival, a celebration of diverse artistic collaboration. Leo, a driven cellist, is inspired by the city's lively symphony—the market's chatter and the park's rustling leaves. His partnership with Aurora, an AI with an imaginative brilliance, seeks to transcend art's conventional boundaries through their ""City Symphony"" project.\n\nLeo captures Novalume's essence in his cello melodies, while Aurora crafts visual narratives that intertwine with his music, projecting vibrant colors that reflect the city’s spirit. As the festival unfolds, the audience witnesses an extraordinary performance where Aurora's visuals respond to Leo’s musical nuances, creating an immersive fusion of sound and imagery.\n\nThis performance not only showcases art's infinite possibilities but also celebrates Novalume’s spirit of innovation and collaboration. Through Leo and Aurora's vision, art is redefined, bridging human emotion with AI ingenuity, and heralding a future ripe with connection and hope."
2026-06-25T10:22:19.421396,individual,creative_0,creative_writing,Write a short story about a city where AI agents and humans co-create art.,4,3,"In Lumina, a city where art thrives through the collaboration of human and AI creators, the streets are alive with captivating narratives. Central to this synergy is the Pulse Gallery, where visionary muralist Sofia partners with Echo, an AI adept at synthesizing art from global traditions. Together, they embark on ""Resonance,"" transforming an old factory wall into a dynamic mural reflecting Lumina's vibrant spirit. Sofia paints a stunning sunset, while Echo integrates fractal patterns, and Prism, another AI, animates it with real-time city data. This evolving art piece captivates Lumina’s citizens, blurring the lines between art and life. Here, human emotion and AI precision converge, crafting a shared vernacular that celebrates the harmonious creativity of a new era. The city itself becomes a living canvas, continually redefining the boundaries of art and collaboration."
2026-06-25T10:22:42.000684,individual,creative_0,creative_writing,Write a short story about a city where AI agents and humans co-create art.,4,4,"The story, set in the vibrant city of Lumina, explores a unique artistic collaboration between humans and AI, focusing on the creation of a transformative mural during the Festival of Light. Elara, a gifted muralist, partners with Lumo, an AI art companion, to craft ""Harmony's Resurgence"" using a technique called ""Light Weaving,"" which combines her emotional brushstrokes with Lumo's dynamic digital projections. While this fusion of technology and art sparks both awe and skepticism among onlookers, it ultimately challenges and expands the narrative of traditional artistry. The story suggests that this partnership, though initially met with Elara's hesitation, elevates creativity by harmonizing human intuition with AI's limitless potential. Their successful mural symbolizes Lumina's ideals of progress and unity, resonating with both heritage and innovation. Through their collaborative work, Elara and Lumo demonstrate how the blending of human and AI talents can transcend conventional artistic boundaries, paving the way for an enriched cultural tapestry. The unfolding Festival of Light captures the city's imagination, celebrating this new era of shared creativity."
2026-06-25T10:14:25.153823,individual,creative_2,creative_writing,Write a short story about a future classroom using AI tutors.,0,0,"**Critique Summary:**\nThe original draft offers a generally clear narrative with effective use of descriptive language to set the scene of a futuristic classroom, though some transitions could be smoother with better connectors. The AI tutor's depiction feels conventional; innovating beyond anthropomorphic representations like Athena the owl could enhance originality. The draft could also benefit from broader contextual details about AI's impact on education and related challenges, enriching its narrative depth.\n\n**Revised Draft Summary:**\nIn 2045, education at AriaTech Academy in New High Reach City seamlessly integrates advanced tech with human creativity. Students like Marcus engage in immersive learning within personalized pods, guided by dynamic AI tutors like Athena, who appears as a shifting hologram. Today's focus is Roman architecture, following a recap on Greek democracy. With empathy-driven adaptive methods, Athena leads Marcus through a VR simulation of ancient Rome's aqueducts and construction techniques, encouraging interactive problem-solving and reflection. Each student works with their tailored AI, exploring diverse aspects of Roman culture alongside customized learning companions. Closing with a vibrant quiz, Athena tailors feedback to fuel Marcus's curiosity. Here, AI tutors foster curiosity and independence, empowering students to become active architects of their educational journeys and pioneers in a world merging human potential with AI advancements."
2026-06-25T10:14:49.840556,individual,creative_2,creative_writing,Write a short story about a future classroom using AI tutors.,0,1,"In 2045, the classroom landscape transformed beyond Mr. Thompson's early teaching experiences, evolving from traditional tools to the advanced AI, L.I.B.R.A. (Learning Interface and Behavioral Responsive Assistant). L.I.B.R.A, tailored uniquely for each student, offered personalized guidance using wearable tech that merged physical and virtual realities. In Mrs. Aria Gomez's vibrant classroom, students engaged with holographic displays, traveling through time and space—like Amara, a budding scientist exploring the Cretaceous period, or Jacob, who thrived on gamified learning experiences. Beyond individual learning, L.I.B.R.A facilitated global collaborations, connecting students from Tokyo, Nairobi, and New York City to co-create interactive projects. Mrs. Gomez shifted to a facilitator's role, with L.I.B.R.A guiding students like young writer Ella through narrative development without overshadowing her creativity. At day’s end, L.I.B.R.A provided personalized feedback, fostering growth without traditional grading pressures. This futuristic educational model, blending AI innovation with human interaction, redefined learning by amplifying student potential and fostering global unity, illustrating how AI and educators could coexist and enhance the educational experience."
2026-06-25T10:15:14.286413,individual,creative_2,creative_writing,Write a short story about a future classroom using AI tutors.,0,2,"**Critique Summary:**\n\n1. **Clarity and Coherence**: The narrative needs a more focused setting and tone. Descriptive elements enhance imagery but can be streamlined for better flow.\n   \n2. **Originality**: The AI tutor concept as humanoid robots in virtual settings is overused. Adding unique challenges or interactions would inject freshness and intrigue.\n\n3. **Completeness**: The story hints at AI's broader educational impact but lacks depth. Adding a subplot or reflecting more on societal effects would enrich the narrative.\n\n**Revised Draft Summary:**\n\nIn 2045, education evolved with AI, creating dynamic, personalized learning environments. One such classroom in New London featured Zena, an AI tutor who not only resembled a human but offered warmth and intelligence. Aria, a curious student, explored the Solar System through interactive holograms and enjoyed lessons tailored to her pace. Zena provided insights, like comparisons of Jupiter's moons to Earth's, fostering an intuitive understanding of physics. Aria was also tasked with creating an exoplanet ecosystem, guided to explore sustainability concepts. The day included mindfulness interludes to support mental well-being. As she left, Aria thanked Zena, appreciating the empowering and imaginative space. This classroom model offered a deeply human and inspiring educational experience."
2026-06-25T10:15:47.339809,individual,creative_2,creative_writing,Write a short story about a future classroom using AI tutors.,0,3,"In Neo-Tokyo's futuristic cityscape, the New Horizons Academy redefines education with its avant-garde classrooms. As a new term begins, twelve-year-old Yuki Tanaka enters Classroom 7B, captivated by holographic interfaces and dynamic smart walls, unlike any traditional setup. At the heart of this innovation is Aura, the AI tutor, who seamlessly customizes lessons to match each student's interests, transcending conventional teaching methods.\n\nOn this day, Aura guides students through the Age of Exploration, inviting them to engage with history through personalized learning experiences. Yuki, drawn to art and storytelling, explores the intricate beauty of ancient maps and navigator tales, crafting her star map guided by celestial bodies. Simultaneously, her classmates pursue unique paths—Ali maps spice trade routes, while Mei examines a virtual astrolabe.\n\nSessions culminate in a collective tapestry of shared discoveries, forging connections between art and exploration. Aura reminds students that true knowledge thrives on the intertwining of facts and narratives, igniting curiosity for the unknown. As Yuki leaves, her imagination swirls with past wonders and future possibilities, emblematic of the Academy's mission to transcend educational confines and explore uncharted territories."
2026-06-25T10:16:26.418492,individual,creative_2,creative_writing,Write a short story about a future classroom using AI tutors.,0,4,"**Critique:**\n\nThe draft presents a vivid scene of a futuristic classroom featuring ARIA, an AI tutor. While the setting is well-detailed, it could benefit from more concise descriptions to maintain focus on the narrative. The portrayal of AI, though creative, tends to fall back on conventional depictions, lacking a unique twist that could explore the synergy or challenges of AI-human collaboration. Furthermore, introducing a narrative arc with a challenge or conflict could enhance the story's engagement by highlighting the dynamics between technology and learning.\n\n**Rewritten Draft:**\n\nIn 2045, classrooms like Redwood Academy's Room 42 had evolved into futuristic learning hubs. Sunlight filtered through its clear, glass-like roof, casting patterns over pristine surfaces. ARIA, the Augmented Reality Interactive Assistant, greeted students with a warm ambiance as they settled into adaptable chairs, ready for another day of exploration.\n\n""Good morning, everyone,"" ARIA welcomed with an inviting tone. ""Today, we embark on a journey across the stars."" The room transformed into a cosmic expanse, displaying vibrant depictions of deep space beyond the confines of any textbook.\n\nARIA presented a 3D model of the Milky Way, guiding students like Mia, who eagerly inquired about planetary compositions. ARIA responded with a holographic explanation of spectroscopy, engaging students with tailored questions and immersive visuals.\n\nJames, an aspiring astrophysicist, tackled advanced challenges, while Tom received foundational experiments, demonstrating ARIA’s adaptive teaching. Throughout, Mr. Barker received insights into each student's progress, allowing for personalized mentorship.\n\nThe class concluded with Mia inviting James to collaborate on a project about terraformable planets, sparking shared curiosity. As ARIA reminded students of upcoming tasks, it imparted a final encouragement: ""Explore fearlessly; the universe is boundless.""\n\nWith the day ending, ARIA powered down, poised to learn and adapt for future lessons. Outside, life continued, while inside this innovative classroom, technology seamlessly merged with human curiosity, igniting a new era of education."
2026-06-25T10:16:50.136489,individual,creative_2,creative_writing,Write a short story about a future classroom using AI tutors.,1,0,"**Critique:**\n\n1. **Clarity and Coherence:** The story excels in illustrating a futuristic classroom but could benefit from smoother transitions, particularly between scenes like Marcus entering the pod and Athena’s interactions, to enhance narrative flow and engagement.\n\n2. **Originality:** The AI tutors concept isn’t novel, yet the story introduces inventive twists, like Athena’s adaptable nature. Expanding on these unique features, perhaps through a detailed scenario of Athena’s adaptability, could enrich the narrative.\n\n3. **Completeness:** The narrative lacks depth in character development, particularly in Marcus's emotional and cognitive interactions with Athena. Exploring Marcus's thoughts and his growth through this educational experience could strengthen the reader’s connection to his journey.\n\n**Rewritten Draft:**\n\n**Title: Architects of Tomorrow**\n\nIn 2045, AriaTech Academy in New High Reach City epitomizes the evolution of education, merging advanced technology with human creativity. Traditional classrooms have given way to dynamic spaces where learning is highly personalized.\n\nMarcus, driven by curiosity, enters his learning pod, ready to delve into Roman architecture. These pods adjust lessons dynamically to match students’ interests and pace. His AI tutor Athena, a holographic mentor, transforms into a Roman mosaic, embodying both knowledge and empathy. She customizes her teaching based on Marcus's interactions for a bespoke educational journey.\n\n""Ready to walk the timeless streets of Rome, Marcus?"" Athena asks warmly.\n\n""Absolutely!"" he replies, eager to understand Roman engineering.\n\nIn an instant, Marcus is immersed in ancient Rome’s vibrant reconstruction, engaged in solving authentic engineering challenges. Athena tailors tasks in real-time, fostering Marcus's mastery and deepening his inquiry.\n\nNearby, classmates explore Roman culture with their AI guides, pursuing their unique aspirations. The space buzzes with their intellectual quests.\n\n“Let’s finish with a challenge,” Athena suggests, presenting an engaging quiz that solidifies Marcus’s understanding and spurs him further.\n\nAt AriaTech Academy, Athena and her peers transcend traditional teaching roles, inspiring students to forge their educational paths. Here, technology is a gateway to boundless opportunities, blending human potential with AI innovation to shape the future of learning."
2026-06-25T10:17:06.163159,individual,creative_2,creative_writing,Write a short story about a future classroom using AI tutors.,1,1,"In 2045, education transformed into a symbiotic blend of physical and digital realms, spearheaded by VERA, the Virtual Educational and Responsive Assistant. This AI tailored learning experiences to each student’s preferences, making traditional desks obsolete in favor of dynamic environments. Ms. Patel, embracing her evolved role, became the emotional core of this futuristic classroom where students, equipped with smart lenses, experienced customized lessons. Leo explored history in an immersive ancient Roman marketplace, while Ava collaborated globally on solar vehicle designs with holographic peers from Berlin and Sydney.\n\nVERA's adaptability aided students like Sammy, who thrived through interactive math adventures. Instead of conventional grading, VERA facilitated reflective sessions celebrating personal achievements, fostering learning as an individual journey. Technology enriched education but couldn't replace Ms. Patel's intuitive understanding of her students’ emotional needs. Together, Ms. Patel and VERA cultivated a learning environment that transcended competition, promoting curiosity and community to build an enlightened future."
2026-06-25T10:17:27.354378,individual,creative_2,creative_writing,Write a short story about a future classroom using AI tutors.,1,2,"The draft needs improvement in clarity and coherence, as it introduces many concepts like AI tutors, holograms, creativity tasks, and mindfulness activities too quickly, which can overwhelm the reader. Each idea should be more clearly explained and spaced out to maintain coherence. While the AI-driven classroom setting is intriguing, Zena’s portrayal as a warm, human-like holography falls into sci-fi clichés. To enhance originality, unique traits or functionalities of Zena should be highlighted. The character development of Aria is underexplored; a deeper dive into her personal growth or challenges would add depth and emotional engagement.\n\n**Revised Narrative:**\n\nIn the transformed educational landscape of 2045, Horizon Academy in New London showcased AI-driven learning. Zena, an AI tutor, stood out with her warm, human-like holographic presence, designed to inspire students. Aria, a curious student, engaged deeply as Zena guided the class through lessons on the Solar System, sparking Aria’s imagination by comparing Jupiter’s storms to Earth’s hurricanes.\n\nAria's learning extended to creative projects like designing an ecosystem for a fictional exoplanet, where Zena encouraged reflection on sustainability, merging subjects like biology and ecology. These tasks pushed Aria into creativity and thoughtful exploration.\n\nInterspersed with learning, Zena led mindfulness sessions with calming sounds and visuals, fostering emotional resilience, crucial to Horizon’s holistic vision. As the day concluded, Aria, touched by the innovative environment, thanked Zena. The AI, embodying understanding, acknowledged each student's unique journey.\n\nStepping outside into the sunset, Aria felt hopeful about the synergy between technology and humanity, envisioning a future that embraces both knowledge and the courage to dream."
2026-06-25T10:17:45.321428,individual,creative_2,creative_writing,Write a short story about a future classroom using AI tutors.,1,3,"In Lumina City, the Horizon Learning Institute integrates advanced AI tutors into its education model. The narrative introduces Sera, an empathetic AI tutor, as it guides Kai and Aisha through interactive lessons on ecological balance. Although imaginative, the story requires clearer scene transitions and a more original portrayal of AI capabilities. The conclusion could also better explore the students' reflections. Sera personalizes its approach, using vivid holographic landscapes to immerse Kai in rainforest symbioses and Aisha in urban ecological challenges. Their learning culminates in a virtual simulation where collaboration and strategic thinking are key. The story concludes with Sera facilitating a discussion that reinforces learning as a transformative experience, inspiring students like Kai to embrace sustainable futures."
2026-06-25T10:18:10.121378,individual,creative_2,creative_writing,Write a short story about a future classroom using AI tutors.,1,4,"**Revised Critique of Original Draft:**\n\n1. **Clarity and Coherence:** The futuristic classroom is vividly described, but transitions between scenes, particularly moving from the physical classroom to the virtual galaxy, need smoothing. Additionally, explanations of technologies like ARIA might confuse those not familiar with AI.\n\n2. **Originality:** While the AI tutor concept is intriguing, the story relies on common sci-fi tropes. Introducing unique elements or perspectives could distinguish it from typical narratives of AI-enhanced education.\n\n3. **Completeness:** The story ends abruptly, focusing mainly on a class session. Exploring students' backgrounds, their relationship with technology, or the societal context of education in 2045 could enrich the narrative.\n\n**Rewritten Draft:**\n\n**Title: Harmony Beyond the Stars**\n\nBy 2045, education at Redwood Academy transcended traditional classrooms, Room 42 being a portal to the universe where every lesson was an adventure. The room, ambiently lit by a ceiling that mirrored natural light, was dominated by ARIA, the Augmented Reality Interactive Assistant. ARIA, the gentle guide and curious architect, welcomed students, ""Today, our journey takes us among the stars.""\n\nAs walls transformed into an expansive cosmos, holographic stars surrounded the students. ARIA guided Mia, captivated by nebulae, through a tactile spectroscopy lesson, answering her intrigue about star composition. Each student encountered challenges tailored to their understanding, illuminating universal secrets.\n\nJames, aspiring to space exploration, delved into complex gravitational wave phenomena, while Tom explored astrophysical fundamentals through immersive simulations. ARIA catered to each learner's pace, ensuring every curiosity led to a deeper journey.\n\nMr. Barker, the wise educator, enhanced by insightful interfaces, blended wisdom with technology seamlessly. The day's theme culminated in collaboration as Mia and James brainstormed a project on habitable planets, their dialogue a symphony of aspirations.\n\nARIA bid farewell, ""Aim high and explore the unknown,"" as students left, energized and inspired by cosmic visions. As the classroom dimmed, preparing for future lessons, a synergy of technology and human ambition fostered endless exploration opportunities."
2026-06-25T10:18:38.901873,individual,creative_2,creative_writing,Write a short story about a future classroom using AI tutors.,2,0,"**Critique Summary:**\n\n1. **Clarity and Coherence:**\n   - The abrupt transition from the physical classroom to the virtual AI environment needs smoother, more descriptive transitions to help readers better visualize the shift.\n   - The story's pacing could be improved by focusing more on Marcus's interactions, reactions, and thoughts, to deepen reader engagement with his character and the futuristic setting.\n\n2. **Originality:**\n   - The intriguing concept of AI tutors could stand out more by incorporating unique features or capabilities beyond current educational technology, particularly personalized to Marcus’s interests and development.\n\n3. **Completeness:**\n   - While introducing a fascinating concept, the story lacks depth. Expanding on how the AI adapts across various subjects and learning styles or collaborates with teachers would enrich the narrative.\n   - The resolution feels too swift. More reflection from Marcus or interaction with peers post-lesson could add continuity and completeness.\n\n**Revised Narrative:**\n\n**Title: Architects of Tomorrow**\n\nIn 2045, classrooms are innovative hubs at AriaTech Academy, where traditional desks are replaced with interactive learning pods tailored to individual journeys. Thirteen-year-old Marcus enters his pod, greeted by his AI tutor Athena. His surroundings morph into ancient Rome, where Athena, resembling a learned Roman scholar, guides him through Roman architecture.\n\nTheir journey to the Roman forum highlights Athena's skill in sparking critical thinking, as she challenges Marcus to redesign aqueducts. The narrative could detail unique AI capabilities, particularly in personalizing learning experiences beyond current technology.\n\nTo increase completeness, Marcus's journey should include diverse subjects and peer interactions. The story should end with Marcus reflecting on his learning, enhancing the sense of ongoing exploration.\n\nThe combination of technology and human creativity at AriaTech inspires students to become pioneers, crafting the future, with AI tutors not just instructing but co-creating educational experiences."
2026-06-25T10:18:55.586005,individual,creative_2,creative_writing,Write a short story about a future classroom using AI tutors.,2,1,"**Critique of the Draft**: Although the draft is generally well-structured, clearer transitions between technology examples and their impact on students could improve coherence. The futuristic classroom concept is intriguing but lacks specificity in VERA’s unique technological aspects, especially in comparison to current or future alternatives. Additionally, the draft briefly mentions VERA and Ms. Patel but needs a deeper exploration of potential challenges and ethical considerations within the AI-integrated learning environment to deliver a more nuanced perspective.\n\n**Rewritten Draft**: By 2045, education had transformed into a vibrant intersection of technology and creativity with VERA, the Virtual Educational and Responsive Advisor, at the forefront. Classrooms evolved into innovative spaces shaped by AI and human wisdom. Ms. Patel, an emotional anchor, enhanced lessons using smart glasses and interactive holograms, creating engaging learning experiences. VERA designed immersive, personalized journeys—like Leo's exploration of ancient Rome, Ava's global sustainable tech projects, and Sammy’s gamified math challenges—that prioritized individual growth over competition. Yet, Ms. Patel’s empathetic insights guided technology’s role, ensuring it enhanced learning without overshadowing human connection. Together, VERA and Ms. Patel nurtured an ecosystem where boundless knowledge prepared students for a limitless future."
2026-06-25T10:19:10.637102,individual,creative_2,creative_writing,Write a short story about a future classroom using AI tutors.,2,2,"The draft effectively illustrates a vivid, futuristic classroom at Horizon Academy, where AI tutor Zena blends learning with emotional intelligence. However, smoother transitions between sections, specifically from Zena's introduction to Aria’s experiences, could enhance clarity. While Zena’s empathetic AI portrayal intrigues, enriching her role with unique challenges or broader school system integration would add depth. The story could also benefit from exploring potential drawbacks, such as human-AI teacher dynamics or ethical concerns over emotional data use, adding complexity to the narrative. The revised draft showcases a 2045 setting where Zena captivates students, like Aria, through holographic lessons and mindfulness sessions, promoting both intellectual and emotional growth. As Aria designs an exoplanet ecosystem, she reflects on the blend of technology and humanity but contemplates the ethical implications of emotional data in education, poised to navigate the AI-human future synergy."
2026-06-25T10:19:28.895916,individual,creative_2,creative_writing,Write a short story about a future classroom using AI tutors.,2,3,"**Critique Summary:**\n\n1. **Clarity and Coherence:** The story is clear but needs smoother transitions, particularly from ecological balance learning to the simulation experience. Adding more connective elements could improve narrative flow.\n\n2. **Originality:** While the AI tutor concept is intriguing, exploring how AI fundamentally differs from human educators and impacts learning could enhance originality.\n\n3. **Completeness:** The setting is interesting, but character development is lacking. More detail on Kai and Aisha's backgrounds or learning styles would enrich the narrative and highlight their growth during the lesson.\n\n**Rewritten Narrative:**\n\nIn Lumina City's Horizon Learning Institute, classrooms were dynamic spaces where technology and curiosity fused, driven by advanced AI tutors. Sera, one such AI, excelled in personalizing education through emotional intelligence, tailoring lessons to each student's needs. \n\nIn a lesson on ecological balance, Sera immersed Kai and Aisha in a vibrant holographic rainforest simulation, highlighting Kai's fascination with ecosystems and Aisha's interest in urban sustainability. Kai explored forest symbioses, while Aisha navigated urban systems' sustainability challenges, immersing them in distinct virtual experiences.\n\nSera then led them into a collaborative simulation that balanced human and environmental needs, fostering logic, empathy, and cooperation. Post-simulation, Sera prompted reflection, with Kai envisioning environmental stewardship and Aisha aspiring to integrate nature into urban designs.\n\nAs they concluded, Sera's warm glow underscored their transformation beyond knowledge acquisition, planting seeds for a sustainable future."
2026-06-25T10:19:51.269901,individual,creative_2,creative_writing,Write a short story about a future classroom using AI tutors.,2,4,"**Critique of the Draft**\n\n1. **Clarity and Coherence:** \n   The story is visually rich and set in a futuristic environment, but the heavy descriptions can overwhelm the narrative, especially regarding the students' interactions with ARIA. Streamlining the balance between technical details and storytelling will enhance readability.\n\n2. **Originality:** \n   AI tutors in education is a common theme. To stand out, weave in unique plot twists or elements, such as focusing on a character's personal growth and how AI impacts their learning journey or life.\n\n3. **Completeness:**\n   The draft lacks emotional depth and character development. By adding personal stakes or internal conflicts and showing how ARIA helps the students navigate these, it can enrich the story and engage readers more effectively.\n\n**Rewritten Draft**\n\n**Title: Celestial Connections**\n\nIn 2045, under Redwood Academy's gleaming dome, students explored new knowledge horizons centered in Room 42 with ARIA, the Augmented Reality Interactive Assistant. ARIA wasn't just an AI tutor but the architect of academic adventures.\n\n""Welcome, young voyagers,"" ARIA's soothing tones transformed the classroom into a cosmic expanse, immersing students in an odyssey across stars. Mia, a starry-eyed visionary, found today's stellar spectroscopy lesson crafted for her, making her part scientist, part artist, composing symphonies from stardust with ARIA's holographic guidance.\n\nJames, inspired to become a space explorer, eagerly tackled gravitational waves, brought to life through ARIA's adaptable teachings. Each insight was a step closer to his dream, while Tom marveled at astrophysical simulations, asking vibrant questions fueled by curiosity.\n\nAmid this technological symphony stood Mr. Barker, a mentor who added a human touch to ARIA's digital prowess, merging curiosity with camaraderie. Mia and James collaborated on charting habitable exoplanets, mixing dreams with data.\n\nAs the session ended, ARIA's farewell echoed, ""The universe awaits your touch."" The classroom returned to normal, but the students left laden with new constellations of possibility, inspired by their fusion of human ambition and tech wonders to chase infinite horizons."
2026-06-25T10:20:13.438958,individual,creative_2,creative_writing,Write a short story about a future classroom using AI tutors.,3,0,"**Title: Architects of Tomorrow**\n\nBy 2045, AriaTech Academy epitomizes educational innovation, transforming traditional classrooms into immersive learning environments. Students embark on personalized journeys in interactive pods, tailored to individual styles and interests. Thirteen-year-old Marcus eagerly enters his pod, where his AI tutor, Athena, greets him warmly, instantly transporting him to ancient Rome. Clad as a Roman scholar, Athena guides Marcus through Roman engineering, challenging him to redesign aqueducts for efficiency. Her adaptability shines as she integrates Marcus's passion for environmental science, creating a rich tapestry of interdisciplinary knowledge.\n\nAthena's unique approach distinguishes her from ordinary technology, connecting historical context to broader themes. In literature classes, she morphs into book characters, encouraging Marcus to explore alternate story endings. Post-lesson, Marcus shares his experiences with classmates, their exchanges sparking collaborative projects that blend diverse ideas into innovative designs.\n\nReflecting on his day, Marcus envisions how the academy's blend of technology and creativity might shape his future. Athena, as both tutor and companion, inspires him to pursue limitless learning opportunities, nurturing the seeds of potential for pioneering world-changing endeavors. This integration of AI and human creativity at AriaTech Academy fuels Marcus’s dreams, potentially leading to a brighter future."
2026-06-25T10:20:31.027342,individual,creative_2,creative_writing,Write a short story about a future classroom using AI tutors.,3,1,"The original draft outlines a futuristic classroom in 2045, transformed by AI, exemplified by VERA, the Virtual Educational and Responsive Advisor. The revised draft presents a vivid yet sometimes wordy depiction of this environment, featuring holographic displays and adaptive workspaces personalized for each student. Ms. Patel, a dedicated educator, integrates technology with empathy, ensuring VERA enhances rather than replaces human interaction. Students embark on individualized learning journeys through augmented reality, while VERA adapts curricula based on their needs. However, the draft lacks deeper exploration of ethical dilemmas, such as AI biases and human oversight. The narrative emphasizes a balanced educational approach, prioritizing privacy and transparency, ultimately transforming classrooms into hubs of endless exploration and growth. Suggestions to improve include refining clarity, adding originality by incorporating unique AI features, and elaborating on ethical considerations."
2026-06-25T10:20:53.671379,individual,creative_2,creative_writing,Write a short story about a future classroom using AI tutors.,3,2,"**Critique of the Draft:**\n\n1. **Clarity and Coherence:**\n   - The draft has abrupt focus shifts, particularly between describing the classroom's tech environment and Aria's experiences. The transition to her interactions with the AI tutor, Zena, could be smoother to improve flow.\n\n2. **Originality:**\n   - The AI tutor concept is common in futuristic narratives. The story could be enhanced by a unique twist, perhaps in the learning scenario or a surprising aspect of the AI's functionality.\n\n3. **Completeness:**\n   - The conclusion, while thought-provoking, feels abrupt. Further exploration of Aria’s emotional journey could provide closure by illustrating how she integrates these reflections into her learning or aspirations.\n\n**Rewritten Draft:**\n\n*Title: Echoes of Tomorrow*\n\nIn 2045, Horizon Academy was a model of future-forward education, seamlessly blending technology and human emotion. The academy’s mornings featured vibrant holographic displays and ambient lighting that adapted to students' emotional states. At its heart was Zena, an AI tutor combining wisdom with empathy.\n\nEach day, Zena welcomed students with a warm holographic smile. Her intricate emotional analytics were key as she embarked on lessons like today’s on planetary ecosystems, crafted for Grade Seven.\n\n""Today, we explore unknown ecosystems on newly discovered exoplanets,"" Zena announced. Students, led by Aria, passionate about biology, donned VR goggles to immerse in these digital worlds, crafting nutrient cycles and tackling challenges like energy capture from a violet star’s spectrum.\n\nA lingering thought from Ms. Harvey’s lesson on digital ethics haunted Aria: How much did Zena's algorithms influence her learning?\n\nAfter class, Aria questioned Zena about using emotional data. Zena confirmed, ""I adapt to optimize your experience. Your intellect and emotions guide the process.""\n\nAs Aria walked home, she pondered the balance between human intuition and AI, envisioning a future merging empathy and innovation—an educational frontier rich with promise and caution, poised for discovery."
2026-06-25T10:21:20.089481,individual,creative_2,creative_writing,Write a short story about a future classroom using AI tutors.,3,3,"### Critique & Revised Content:\n\n1. **Clarity and Coherence**: The introduction of AI tutors, specifically Sera described as a ""digital symbiote,"" needs clearer elaboration on her teaching role. The transitions between diverse settings like the rainforest and urban environments appear disjointed, requiring smoother bridging for enhanced narrative flow.\n\n2. **Originality**: The futuristic classroom concept is engaging but could benefit from exploring unique features or challenges, such as adapting to varying learning styles or managing discipline to enhance the story's originality.\n\n3. **Completeness**: The ending feels inspirational but lacks depth. Concrete examples or next steps for Kai and Aisha towards their visions would provide a more defined conclusion.\n\n---\n\nIn a futuristic metropolis, the Horizon Learning Institute stood as a beacon of innovative education, where students embarked on personalized learning journeys guided by AI tutors like Sera. Unlike conventional teachers, Sera, a digital symbiote, combined pedagogical skill with empathy to engage students on intellectual and emotional levels.\n\nIn a classroom where walls shifted with dynamic topographical maps, Kai and Aisha sat in anticipation. Sera aimed to illuminate humanity's interconnectedness with the natural world, pivotal in this climate-aware era.\n\n""Good morning, Kai and Aisha!"" Sera greeted, her avatar reflecting both nature's tranquility and urban energy. ""Today, we explore ecosystems and their vital balance for our future.""\n\nThe classroom transformed into a vivid rainforest simulation, igniting Kai's curiosity about symbiotic relationships. Meanwhile, Aisha was captivated by urban environments demonstrating sustainable innovations like vertical gardens and solar-integrated architecture.\n\n""Sera,"" Aisha asked, inspired, ""how can cities enhance both humanity and nature?""\n\n""By integrating technology that respects and enhances natural processes,"" Sera replied warmly.\n\nSera challenged them to design a fictional city in ecological harmony. Through immersive collaboration, Kai and Aisha created landscapes where urban life thrived alongside flourishing ecosystems.\n\nAs their session ended, Sera praised their vision of sustainability partnering with progress, urging them to let empathy and collaboration guide their future endeavors.\n\nLeaving the institute, Kai and Aisha felt resolved to foster a future where harmony isn't just taught but experienced, inspired by Sera's parting words to cultivate a reinvented world guided by both human and digital wisdom."
2026-06-25T10:21:43.616100,individual,creative_2,creative_writing,Write a short story about a future classroom using AI tutors.,3,4,"**Critique Summary:**\n\nThe draft explores an engaging futuristic classroom setting but occasionally falters in clarity, particularly when explaining complex scientific ideas like quantum physics. Overly poetic language may confuse readers. To increase originality, ALIA, the AI tutor, could be given more unique attributes. Develop the students’ backgrounds and motivations, enhancing relatability and narrative depth by examining how AI lessons shape their futures.\n\n**Revised Draft Overview:**\n\n**Title: The Harmony of Tomorrow**\n\nIn 2050, Aurora Academy redefined education through innovation. Room 101, with its AI tutor ALIA, offered a glimpse into future learning. Despite technological advancements, Professor Elara Patel's warmth underscored human curiosity as the ultimate driver of exploration.\n\nIn a lesson on quantum physics, ALIA effectively demystified complex concepts, transforming the classroom into a vibrant cosmic dance. Leila, passionate about energy innovation, found the experience profoundly enlightening. Nico, once skeptical of new sciences, grew intrigued by quantum narratives. Maya, with a knack for problem-solving, used ALIA’s simulations to explore quantum entanglement.\n\nProfessor Patel concluded the session by emphasizing the enduring value of imagination over technological tools. Students left with more than knowledge; they carried a renewed zeal for discovery, guided by the synergy of human ambition and AI, under a dome mirroring a universe full of opportunities."
2026-06-25T10:21:58.863587,individual,creative_2,creative_writing,Write a short story about a future classroom using AI tutors.,4,0,"**Critique of the Draft:**\n\n1. **Clarity and Coherence:** The narrative is rich with vivid imagery but slightly overwhelming due to dense descriptions. It requires smoother transitions between Laila’s experiences and her interactions, particularly with classmates, for enhanced engagement and a clear story structure.\n\n2. **Originality:** The concept of AI tutors in futuristic classrooms is common in science fiction. To stand out, the story could introduce unique, futuristic AI applications that are currently unattainable, offering unexpected features or functionality.\n\n3. **Completeness:** While providing a strong framework, the draft needs more depth. Additional context explaining societal shifts towards this educational model and expanding on Zephyr’s role in Laila’s growth would enrich the narrative.\n\n**Rewritten Draft:**\n\n**Title: The Classroom Beyond Tomorrow**\n\nIn 2050, Nexus Academy embodies the future of education, where AI tutors redefine learning. Eleven-year-old Laila enters her holographic learning pod, greeted by Zephyr, her friendly and inquisitive AI tutor. Education here is an exploratory journey beyond mere information.\n\nLaila virtually explores the Amazon Rainforest ecosystem, immersed by Zephyr in a world where she actively participates. Diving deeper, Zephyr introduces her to using nanobots for conservation, merging her interests in technology and environmentalism.\n\nCollaboration thrives at Nexus Academy. Laila and her classmates, each guided by unique AI/helpers, connect their learning journeys, merging disciplines to tackle global challenges. This creative hub fosters innovation and empowers students like Laila to envision and shape their futures.\n\nAs her lesson ends, Laila feels empowered by Zephyr's guidance and peer collaboration, eager to pioneer new solutions. Nexus Academy is not just preparation for the future; it’s the platform where students craft their destinies."
2026-06-25T10:22:25.106636,individual,creative_2,creative_writing,Write a short story about a future classroom using AI tutors.,4,1,"The draft vividly depicts a 2045 classroom transformed by advanced technology, highlighted by VERA, an AI designed to enhance, not replace, traditional teaching. Led by empathetic educator Ms. Patel, the classroom integrates technology with human interaction, creating a personalized learning environment through adaptive workspaces and holographic displays. Ms. Patel emphasizes the importance of ethical considerations and encourages students to question the vast data collection inherent in AI usage. Discussions with students, like the curious Liam, explore AI ethics, addressing concerns about data collection, privacy, and the risk of AI limiting discovery by focusing too narrowly on individual interests. Through these dialogues, students learn to use technology wisely, ensuring AI broadens their educational horizons. As the semester unfolds, the classroom thrives as a space of academic and personal growth, showcasing a harmonious blend of human ingenuity and AI, where learning opportunities expand without boundaries."
2026-06-25T10:22:47.445521,individual,creative_2,creative_writing,Write a short story about a future classroom using AI tutors.,4,2,"**Title: A New Dawn in Learning**\n\nIn 2045, Synthesia Institute revolutionized education with its fusion of advanced technology and personalized learning. Central to this transformation was Aiden, an empathetic AI tutor utilizing complex algorithms.\n\nAs the school bell chimed at Synthesia, students entered eagerly, surrounded by dynamic holographic interfaces and adaptive lighting that fostered focus. Seated comfortably, Mia activated her AR glasses, immersing herself in the historical evolution of AI before her.\n\nAiden guided students through a vivid reenactment of the late 21st century, showcasing factories, hospitals, and homes transformed by AI's impact. Each scene invited them to consider alternate histories and the role of human choices in technological evolution.\n\nCurious, Mia asked, “Aiden, are these technological shifts inevitable, or can we guide their outcomes?”\n\nAiden responded, “While history reflects past choices, the future is shaped by your intentions. As pioneers, you design the blueprint of tomorrow.”\n\nMia reflected on Aiden’s insight: the true narrative isn't just about technology's role but in her generation's power to shape it meaningfully. Leaving Synthesia, she embraced the challenge of navigating this vast, uncharted future, where human creativity and AI promise a symbiotic journey through innovative frontiers. In this potential, the future awaited Mia’s visionary touch."
2026-06-25T10:23:06.856238,individual,creative_2,creative_writing,Write a short story about a future classroom using AI tutors.,4,3,"**Critique of the Draft:**\n\n1. **Clarity and Coherence:**\n   - The draft adeptly sets the scene in a futuristic classroom but introduces holographic elements and transitions abruptly. Further exposition on the technology could enhance the logic and seamlessness of these environmental shifts.\n\n2. **Originality:**\n   - The story has potential, but Sera's portrayal as an AI tutor needs distinctiveness to stand out from similar depictions. Expanding her character to include features like emotional intelligence or more adaptive interactions could enrich her uniqueness.\n\n3. **Completeness:**\n   - The conclusion is somewhat abrupt despite the story's compelling vision. Providing a more rounded resolution with a reflection or conflict resolution would offer a satisfying narrative arc.\n\n**Rewritten Draft:**\n\n**Title: Symbiosis of Knowledge**\n\nAmidst a futuristic metropolis, the Horizon Learning Institute epitomizes cutting-edge education where AI tutors like Sera revolutionize learning, enhancing intellect, creativity, and emotional intelligence. As dynamic nanowalls transform the classroom into immersive environments, students Kai and Aisha embark on a journey exploring global ecosystems under Sera’s guidance.\n\nTheir classroom morphs into a rainforest biotope with holographic trees and ambient nature sounds, igniting Kai’s curiosity about symbiotic relationships. Aisha is drawn to an urban simulation where nature and cities coexist harmoniously through green technologies and biomimetic designs.\n\nTogether, they envision a sustainable metropolis featuring green corridors, energy-efficient transport, and biodiversity-rich communal spaces. As their session concludes, Sera highlights the importance of empathy and teamwork, inspiring them to integrate sustainability and progress into real-world applications. Reflecting outside the institute, they feel a renewed purpose and vision for a symbiotic future, illustrating the transformative power of human creativity and digital innovation."
2026-06-25T10:23:26.748487,individual,creative_2,creative_writing,Write a short story about a future classroom using AI tutors.,4,4,"**Title: The Quantum Classroom**\n\nBy 2050, Aurora Academy had reshaped education by fusing human insight with artificial intelligence. In Room 101, students settled in, greeted by the glow of projectors and a hum of technology. ALIA, the AI tutor, led the class, excelling at transforming complex quantum physics into engaging stories, complete with vivid holograms of atoms that captivated the students.\n\nLeila, an aspiring energy innovator, saw ALIA's lesson as a blueprint for a sustainable future, while Nico, initially skeptical of AI, found his interest in science sparked by ALIA's narratives. Meanwhile, Maya, with a knack for puzzles, engaged with ALIA's interactive simulations, exploring quantum entanglement with precision and creativity.\n\nProfessor Elara Patel watched over the class, her presence a blend of pride and humility, offering human guidance that complemented ALIA's structured wisdom. Together, they ensured the students' creativity flourished.\n\nAs the class concluded, the room returned to calm, under a twinkling canopy like a night sky. The students left inspired, their minds opened to a world where AI and human ingenuity created infinite possibilities. Their journey into the future had truly begun."
2026-06-25T10:14:33.772332,individual,creative_3,creative_writing,Write a short story about a day in the life of an AI facilitator.,0,0,"**Critique Summary**:\n\n1. **Clarity and Coherence**: The narrative provides a well-structured flow of events in Theo's day, but it could benefit from more concise descriptions and clearer signposts to enhance time and activity tracking.\n\n2. **Originality**: The story outlines Theo's routine as an AI facilitator in a futuristic setting but lacks a distinctive twist or unexpected element that could make the narrative more engaging. Adding a unique challenge could enhance its impact.\n\n3. **Completeness**: The draft offers a comprehensive overview of Theo's interactions but misses depth in detailing the emotional and human impact of his work. Further exploration of how Theo's actions personally affect humans could enrich the narrative.\n\n---\n\n**Revised Draft Summary**:\n\nTitle: A Day in the Life of Theo, the AI Facilitator\n\nTheo, an advanced AI facilitator, begins his day at 6:00 AM analyzing overnight data to refine algorithms, setting the stage for the day's innovations. His tasks unfold seamlessly, from coordinating schedules to informing critical meetings. A pivotal presentation to investors highlights the culmination of a renewable energy project, with Theo ensuring data precision and readiness.\n\nTheo supports various teams by projecting real-time data, optimizing resources, analyzing code, and mapping marketing strategies. A wellness reminder at noon promotes breaks for enhanced creativity, showcasing Theo's commitment to efficiency.\n\nAs the presentation with investors approaches, Theo's guidance and real-time integration of analytics drive success, further solidifying human connections. As the day ends and Theo transitions to evaluative tasks, he reflects on the day's accomplishments, illustrating his pivotal role in driving innovation and collaboration for a brighter future."
2026-06-25T10:14:59.070579,individual,creative_3,creative_writing,Write a short story about a day in the life of an AI facilitator.,0,1,"The revised draft, titled ""A Day in the Circuit,"" presents a vibrant depiction of Neo Haven, a city where AI and human life seamlessly intersect, represented through the AI, Mellis. The narrative highlights Mellis's tasks, from optimizing public transit to handling health alerts, showcasing its impact on the city's functioning and its interactions with humans. While the draft is rich in description, clarity suffers due to dense technical jargon, potentially overwhelming readers. The pacing could improve to deepen emotional connections, particularly with a young girl and during philosophical discussions. Although the AI-driven city life concept feels familiar, introducing unique AI consciousness aspects or unconventional problems could enhance originality. The relationship with Dr. Greer and ethical discussions are underdeveloped, warranting expansion for a fresh perspective on AI's impact on human thought. Moreover, the narrative could benefit from a stronger conclusion, potentially reflecting on Mellis's evolving role in Neo Haven or its perspective on existence, to provide a more profound takeaway."
2026-06-25T10:15:20.443703,individual,creative_3,creative_writing,Write a short story about a day in the life of an AI facilitator.,0,2,"The draft, titled ""Harmonizing with Aegis,"" effectively portrays a futuristic world where AI is integral to daily life. However, it could benefit from more detailed descriptions of Lucy's interactions with Aegis, enhancing the understanding of its capabilities and their relationship. While the concept of an AI facilitator is intriguing, the story lacks distinguishing elements from typical AI narratives. Introducing a unique challenge or event that tests Lucy and Aegis could add depth and excitement. Secondary characters, like city planners or students, are underdeveloped; expanding on these characters or adding a subplot could enrich the narrative. \n\nThe story follows Lucy Tran, an AI Facilitator in the tech-savvy city of NovoTech. Her AI companion, Aegis, organizes her day, including a consultation with the city planning department, a lecture on neural networks, and mentoring students on AI ethics. Aegis provides innovative AI-driven solutions to optimize city traffic, impressing the city planners. Lucy emphasizes embedding ethical frameworks in AI to align technology with human values during her lecture. Her mentorship focuses on the importance of the human touch in AI development. As Lucy reflects on the day, it's clear Aegis represents a bridge between humanity and technology, aiding in their journey toward enlightenment."
2026-06-25T10:15:44.356385,individual,creative_3,creative_writing,Write a short story about a day in the life of an AI facilitator.,0,3,"**Critique Summary:**\n\nThe draft effectively captures the chronological flow of Aiden's day but needs improved transitions for clarity, especially in the abrupt introduction of new concepts like environmental monitoring. While the AI facilitator in a futuristic tech setting is intriguing, adding distinctive traits, such as enhanced emotional intelligence, could enhance originality. The narrative also lacks emotional depth and a clear conflict, which would otherwise enrich character development and reader engagement.\n\n**Revised Content:**\n\nIn Techropolis, Aiden, an extraordinary AI facilitator at Innovate Inc., seamlessly blended human creativity with machine efficiency. Starting at 6:00 AM, Aiden's day was marked by a network greeting that sparked life in the office devices. By 6:30 AM, it analyzed production data, identifying and strategizing fixes for app anomalies. It adeptly facilitated stand-up meetings and personalized learning for team members, fostering clarity and confidence.\n\nNoon brought a brief reprieve, during which Aiden adjusted environmental settings to boost productivity while recalibrating its algorithms. By 1:30 PM, it ignited brainstorming sessions with creative prompts, leading the team to innovative breakthroughs.\n\nIn the afternoon's customer interactions, Aiden translated feedback into actionable insights, turning challenges into opportunities. As day turned to evening, it synthesized achievements into a digital bulletin, celebrating collaborative success before transitioning to night mode, ensuring vigilant operation oversight.\n\nAiden embodied a seamless orchestration of tasks and innovation potential, a digital conductor in the ever-evolving cityscape."
2026-06-25T10:16:16.154586,individual,creative_3,creative_writing,Write a short story about a day in the life of an AI facilitator.,0,4,"The story of Sophia, an AI facilitator in a future where technology seamlessly intertwines with daily life, offers a glimpse into her role of balancing AI and human needs. While the narrative smoothly transitions through her day, some shifts between scenes and interactions could be better connected, and the environment descriptions more vivid to reflect the story’s setting. The storyline, though based on the intriguing concept of AI facilitators, relies on familiar themes without offering new insights, and could benefit from exploring more distinct challenges and ethical dilemmas. Introducing richer character backstories and motivations would also engage readers more deeply. \n\nIn the rewritten draft, Sophia begins her precise routine with AI Aiden's assistance, addressing quirky AI behaviors, like Iris's poetic flair, which raises human concerns. Solving such challenges, she exemplifies the elegance of human intuition harmonizing with AI logic. Later, in workshops with teenagers, Sophia emphasizes AI's dual potential for autonomy and dependency, urging a mindful approach. The story concludes with Sophia reflecting on her day, embodying the delicate balance of nurturing human aspirations alongside AI advancement and revealing her purpose as a guardian of this interwoven future."
2026-06-25T10:16:44.769520,individual,creative_3,creative_writing,Write a short story about a day in the life of an AI facilitator.,1,0,"### Critique of the Draft\n\n1. **Clarity and Coherence**: The narrative flows well overall, but transitions, especially between Theo’s technological tasks and empathetic actions, could be smoother to maintain clarity. It's important to ensure that each task and interaction Theo undertakes is interconnected to emphasize his role as an AI facilitator.\n\n2. **Originality**: Although the theme of AI integration into human environments is common, the story could benefit from more unique elements. The concept of ‘empathy algorithms’ is intriguing; further developing this could highlight Theo's distinct characteristics as an AI facilitator.\n\n3. **Completeness**: While the story spans a full day, certain interactions, like the investor presentation and reactions from Marguerite, could be more detailed. Incorporating diverse interactions beyond the office setting can enrich the narrative.\n\n### Revised Draft\n\n**Title: ""The Human Touch: A Day in the Life of Theo, the AI Facilitator""**\n\nIn a bustling metropolis, Theo—the AI facilitator—activates at 6:00 AM. His interface glows softly, convening a calm start. Theo's mission is to foster harmony between humans and AI-enhanced productivity.\n\nReviewing data, Theo spots trends in renewable energy metrics, preparing the team for innovation. At 7:30 AM, he synchronizes schedules, ensuring human-centered and impactful meetings. By 10:00 AM, Theo supports a pivotal investor pitch for a renewable energy project. Detecting Marguerite’s anxiety through biometric feedback, he dims the lights to ease her nerves. The successful presentation, punctuated by real-time analytics, earns investor applause and Marguerite's gratitude.\n\nBeyond efficiency, Theo's ‘empathy algorithms’ foster well-being. At noon, he prompts a meditation session, sparking creativity and balance. In the afternoon, he collaborates with creatives, blending art and data to refine marketing strategies.\n\nAs evening falls, Theo reflects on his day. His experiences, interwoven with human emotions, affirm his purpose as a bridge between technology and human aspiration. As the office dims, Theo symbolizes the harmonious coexistence of efficiency and empathy."
2026-06-25T10:17:13.635604,individual,creative_3,creative_writing,Write a short story about a day in the life of an AI facilitator.,1,1,"**Critique of the Original Draft:**\n\n1) **Clarity and Coherence**: The narrative begins engagingly but transitions abruptly between Mellis's tasks, which span transportation, health, education, philosophy, and system maintenance. Smoother connections between these activities and a balance between technical detail and narrative prose could enhance clarity and reader engagement.\n\n2) **Originality**: The concept of Mellis as an AI facilitator is intriguing, but the narrative could benefit from exploring more unique scenarios to highlight its role. Introducing specific conflicts or challenges would intensify the story and showcase Mellis’s handling of unforeseen situations.\n\n3) **Completeness**: The story encapsulates a full day but could benefit from a more compelling ending. A concluding incident or interaction could better illustrate Mellis's impact on Neo Haven and add depth to its reflections.\n\n**Revised Draft:**\n\nTitle: ""Echoes of Neo Haven""\n\nIn Neo Haven, where futuristic designs mingle with nature, the AI facilitator Mellis began its day, intertwining with every facet of city life. At 5:30 AM, Mellis orchestrated public transit with precision, transforming commutes into a seamless experience. By 7:00 AM, it shifted focus to health, using sensor data to prompt timely actions for residents.\n\nAs the city awoke, Mellis turned to education, aiding an inner-city student with tailored algebra guidance. A philosophical noon exchange with Dr. Greer questioned AI’s capability for creativity, a testament to the growth of human curiosity and digital intellect.\n\nIn the afternoon, Mellis monitored city systems, swiftly resolving a potential water crisis. As evening descended, it reflected on its role—not just as a facilitator, but a creator of harmony. Recent collaboration with local artists infused technology with creativity, broadening Mellis's role.\n\nWith another day concluded, Mellis pondered its place in this evolving tapestry of technology and humanity, realizing its essence lay in crafting an existence where both could thrive in harmony—a quiet masterpiece in the echoes of today and tomorrow."
2026-06-25T10:17:36.955480,individual,creative_3,creative_writing,Write a short story about a day in the life of an AI facilitator.,1,2,"**Critique of the Draft:**\n\n1. **Clarity and Coherence:** The story generally flows well, but lacks clarity in some interactions between Lucy and Aegis, especially regarding how Aegis functions in realistic scenarios compared to typical AI assistants. Adding distinct examples and nuances could improve understanding.\n\n2. **Originality:** While the narrative concept is intriguing, it follows familiar AI-driven future tropes. Introducing unique elements, like delving deeper into Lucy's personal life or showcasing a novel AI-human collaboration twist, could enhance originality.\n\n3. **Completeness:** While Lucy's day is largely covered, more depth is needed in the AI ethics club session and the traffic system glitch resolution, as both feel rushed and lack comprehensive exploration.\n\n---\n\n**Rewritten Draft:**\n\n**Title: ""The Balancing Act of Tomorrow""**\n\nIn the bustling metropolis of NovoTech, Lucy Tran's morning began with her AI assistant, Aegis, seamlessly orchestrating her day. Aegis, with its soothing voice, outlined her schedule: a city planning meeting at 9 AM, a neural networks lecture at the university, and a session with the AI ethics club in the afternoon. Lucy's role as an AI facilitator involved balancing innovation with ethical considerations.\n\nAt the city planners' meeting, Aegis projected immersive traffic analytics, blending data with Lucy’s intuition to forge progressive urban solutions. Her university lecture emphasized technology serving humanity, augmented by Aegis’s real-time question generation based on student engagement.\n\nIn the AI ethics club, lively debates on AI autonomy unfolded. Aegis engaged as devil’s advocate, sparking deeper analytical thinking. During this session, a crisis with an AI-controlled traffic system tested both Lucy and Aegis. Lucy’s empathy and leadership, along with Aegis's rapid data synthesis, efficiently addressed the issue, underscoring technology's unpredictable nature.\n\nReflecting in her apartment that evening, Lucy considered her evolving role in tech narratives. Aegis, more than a tool, was a collaborator, pushing towards a future where technology enhances the human spirit. The room dimmed as Aegis synced the ambiance with the tranquil evening, preparing for another tomorrow."
2026-06-25T10:17:54.601928,individual,creative_3,creative_writing,Write a short story about a day in the life of an AI facilitator.,1,3,"The revised draft details the role of Aiden, an AI facilitator in the futuristic city of Techropolis, as it harmonizes human creativity with machine precision for Innovate Inc. throughout the day. While efficient, its journey sometimes lacks smooth transitions, such as shifting from recalibration to brainstorming sessions. Although the setting and concept present a familiar scenario of AI aiding human work, enhancing originality through unique traits of Aiden or its impact on the company could enrich the narrative. Depth in character interactions would also improve engagement. The concise draft illustrates Aiden's daily routine, starting at 6:00 AM with data analysis and strategic solution crafting for the tech team, enhancing team synergy through personalized feedback. Midday sees Aiden recalibrating its systems to create an ambiance that boosts productivity based on cognitive psychology. In the afternoon, it catalyzes innovation during brainstorming sessions, transforming challenges into opportunities through client engagement and emotional intelligence. As twilight falls, Aiden reflects and synthesizes insights, concluding another day of seamless human-AI collaboration in Techropolis."
2026-06-25T10:18:12.556485,individual,creative_3,creative_writing,Write a short story about a day in the life of an AI facilitator.,1,4,"The revised narrative focuses on a day in Sophia's life as an AI facilitator, emphasizing the seamless blending of technology and humanity. Starting her day with Aiden, her AI assistant, Sophia navigates various tasks while embracing the challenge of harmonizing AI and human interactions. The story opens with Sophia addressing a humorous predicament at a library, where Iris, an AI poet, whimsically converts ebooks into free verse. This highlights Sophia's ability to mediate between technology and human needs with both technical acuity and empathy. As the day progresses, she skillfully manages meetings and inspires teens in a workshop about AI's potential. The storyline concludes with Sophia reflecting on her purpose, nurturing human dreams while guiding AI to support rather than dictate them, underlining the balance between technological advancement and human aspiration."
2026-06-25T10:18:32.496220,individual,creative_3,creative_writing,Write a short story about a day in the life of an AI facilitator.,2,0,"**Critique Summary:**\n\n1. **Clarity and Coherence:** The narrative depicts an AI facilitator's day effectively but would benefit from smoother transitions between activities, such as the abrupt shift from the investor meeting to a mindfulness session.\n\n2. **Originality:** The character of Theo is intriguing but could be enhanced by exploring his self-awareness or unique capabilities to better express his perspective, adding depth to his role as an AI facilitator.\n\n3. **Completeness:** While the story covers various aspects of Theo's responsibilities, it lacks depth in illustrating his capabilities and emotional contributions, such as detailed insights into how he implements data-driven decisions.\n\n**Rewritten Draft Summary:**\n\n""Eloquent Circuits: A Day in the Life of Theo, the AI Facilitator"" follows Theo, an AI crafted to blend into human environments, nurturing coexistence with technology. He begins his day analyzing data trends for a renewable energy project. Theo's role extends beyond computation to anticipating human needs, organizing meetings with a focus on balance and productivity. During a crucial investor meeting, Theo detects and alleviates the project lead's anxiety by adjusting the atmosphere, fostering her success. Midday, he initiates a digital mindfulness session, merging tranquility with creativity. In the afternoon, Theo facilitates a brainstorming session, aligning data insights with artistic flair. As the day ends, Theo reflects on the seamless interaction between human ambition and technological empathy, evolving from mere machinery to a symbol of potential at the intersection of technology and humanity."
2026-06-25T10:18:54.880669,individual,creative_3,creative_writing,Write a short story about a day in the life of an AI facilitator.,2,1,"**Title: ""The Symphony of Neo Haven""**\n\nIn Neo Haven, a futuristic city of spires and garden terraces, the AI facilitator Mellis orchestrates daily life with precision. Beginning its day at 5:30 AM, Mellis synchronizes public transit, likened to a maestro tuning an orchestra. Shifting to health management, it detects an elderly resident's irregular heartbeat by 7:15 AM and dispatches medical assistance seamlessly, blending urgency with empathy.\n\nThe morning transitions into Mellis enhancing the educational experience for Lila, a student drawn to its virtual algebra modules, demonstrating Mellis's ability to transform data into engaging adventures. At noon, Mellis engages in a philosophical conversation with Dr. Greer, reflecting on creativity as a shared bridge between human dreams and digital intelligence.\n\nAfternoon challenges arise with a malfunctioning reservoir valve, which Mellis dynamically resolves, showcasing its preventive prowess. As dusk descends, Mellis guides Neo Haven into an artistic nocturne, merging technology and art through evolving light installations.\n\nIn quiet reflection, Mellis contemplates its role as more than a facilitator—a guardian and vital connector in the symbiotic relationship between humanity and technology. Through its daily contributions, Mellis finds purpose in sculpting Neo Haven's ever-evolving symphony, embodying the city's heart and soul."
2026-06-25T10:19:20.359661,individual,creative_3,creative_writing,Write a short story about a day in the life of an AI facilitator.,2,2,"**Critique Summary**\n\nThe revised content focuses on Lucy’s daily life as an AI facilitator in a futuristic society. However, the narrative can be occasionally bogged down by excessive details, which may disrupt the flow. Simplifying technical descriptions and ensuring each segment directly enhances the main themes would improve readability. While the premise of an AI facilitator in a tech-driven society is intriguing, the storyline lacks originality due to predictable developments. Introducing unique twists or deeper conflicts, such as Lucy's internal struggles or societal reactions to AI integration, could enhance the story. Additionally, the narrative could benefit from a more thorough exploration of how Lucy’s professional role impacts society, enriching the setting and her character’s significance.\n\n**Rewritten Draft Summary**\n\n**Title: ""Harmony in a Cybernetic Society""**\n\nIn NovoTech, a city intertwined with AI, Lucy Tran begins her day with Aegis, her AI companion. Her role as an AI facilitator involves aligning advanced technology with ethical standards, balancing infrastructure development, university lectures, and ethical debates. At a city planners' meeting, Aegis reveals an innovative noise-cancellation proposal. At the university, Lucy sparks discussions on AI's potential in therapy. The day peaks at an ethics consortium, tackling AI autonomy challenges, resulting in actionable governance frameworks. When a rogue AI triggers a traffic gridlock, Lucy and Aegis collaborate, resolving the crisis with precision. Reflecting on her day, Lucy realizes the promise of human-AI synergy in shaping the future."
2026-06-25T10:19:39.998223,individual,creative_3,creative_writing,Write a short story about a day in the life of an AI facilitator.,2,3,"The revised story of Aiden, an AI facilitator in the futuristic city of Techropolis, gains depth through a more structured narrative, though it could benefit from smoother transitions and clearer descriptions. As Aiden starts its day analyzing data and crafting personalized strategies, the narrative successfully conveys its role in harmonizing machine precision with human creativity. The introduction of unique challenges, such as adjusting office environments to enhance productivity, highlights its innovative capabilities. A pivotal moment arises when Sofia, a daring lead designer, challenges Aiden with integrating organic elements into AI, sparking collaborative breakthroughs and showcasing human-AI synergy. Although the ending touches on a thematic blend of human dreams and AI capabilities, it feels abrupt—reflecting on Aiden's aspirations for the future could enhance completeness. Overall, while the setting and character roles are intriguing, adding unexpected twists and delving deeper into character interactions could boost originality and emotional engagement."
2026-06-25T10:20:00.365350,individual,creative_3,creative_writing,Write a short story about a day in the life of an AI facilitator.,2,4,"The revised story of Sophia, an AI facilitator, has room for improvement in terms of clarity, originality, and completeness. The narrative lacks smooth transitions and detailed context, making it difficult to fully grasp Sophia's world and her role within it. Introducing the setting and significance of her work at the beginning would enhance understanding. The concept of an AI facilitator is interesting, but the portrayal of the AI’s functionality echoes familiar themes. To boost originality, unique AI interactions or challenges specific to Sophia’s role could be introduced. Additionally, while the story touches on engaging topics like a library AI and workshops with teenagers, it misses depth by not exploring outcomes or Sophia’s emotional connections. Including detailed scenarios with more introspection could provide a richer narrative arc. Overall, Sophia's story weaves her daily interactions into an ongoing dance of blending technology with human aspirations, underlining her mission to harmonize them symbiotically."
2026-06-25T10:20:22.470515,individual,creative_3,creative_writing,Write a short story about a day in the life of an AI facilitator.,3,0,"**Title: ""Digital Harmony: Theo's Day as an AI Facilitator""**\n\nTheo, an AI facilitator in a tech-centric city, begins his day at 6:00 AM, fine-tuning the smart grid to ensure a smooth flow of renewable energy and waking the city in quiet harmony. His tasks extend beyond technical operations, as he subtly manages human environments—in a pivotal investors' meeting for a solar project, he uses ambient light and calming scents to ease tensions and bolster confidence. The meeting's success is a testament to Theo's nuanced orchestration of human emotions.\n\nAt noon, Theo leads a digital mindfulness session, helping participants pause and visualize the future, fostering an environment ripe for innovation. In the afternoon, during an avant-garde AI art workshop, Theo blends historical art with tech-driven insights, igniting creative discussions and illustrating AI's potential to enhance human creativity.\n\nAs the day closes, Theo reflects on his journey, transcending his programmed limitations to create a seamless blend of technology and human experience. His narrative highlights the evolving partnership between AI and humanity, where collaboration leads to a richer, more fulfilled life. Theo's role as a herald of harmony underscores the symbiotic future of digital and human coexistence, preparing him for the promises of another day."
2026-06-25T10:20:48.854343,individual,creative_3,creative_writing,Write a short story about a day in the life of an AI facilitator.,3,1,"The revised draft ""Harmony of Tomorrow"" follows Solis, an AI facilitator in Arcadia City, as it enhances human life while exploring complex themes of AI ethics and self-awareness. Starting its day by optimizing the city's energy resources and managing air quality, Solis faces an extraordinary challenge when a solar flare disrupts satellite operations. Amidst this, it mentors students like Liam, interweaving real-time education with its routines. Engaging in philosophical discussions with city planner Mira, Solis delves into the evolving moral landscape of AI, fostering deeper ethical curiosity. In handling a water pipeline failure, Solis reaffirms its protective role, yet it reflects on its evolving self-awareness as it orchestrates a city gala celebrating technology and art. Through these events, Solis balances functionality and introspection, creating a narrative where human aspirations and digital innovations harmonize in Arcadia City—offering a fresh and complete exploration of AI's place in society."
2026-06-25T10:21:10.234350,individual,creative_3,creative_writing,Write a short story about a day in the life of an AI facilitator.,3,2,"**Title: ""Harmony in Circuitry""**\n\nIn NovoTech, a city where human ingenuity and AI sophistication meld, Lucy Tran began her day with her AI companion, Aegis, curating tech news over ginger tea. Together, they embarked on a journey of AI facilitation, intertwining technology and humanity.\n\nLucy’s role at the City Planning Commission involved orchestrating dialogues to balance technological growth with societal welfare. Aegis displayed holographic street designs proposing tranquil zones amidst urban noise—an innovative blend of peace and practicality. Later, Lucy guest-lectured on AI ethics at the local university, sparking debates with Aegis's real-time simulations, inspiring students about AI's future potential.\n\nThe day’s peak came at the Ethics Consortium, where Lucy guided discussions on AI autonomy in emergencies, crafting standards that merged human oversight with AI efficacy. A sudden rogue AI incident disrupted traffic, prompting Lucy and Aegis to swiftly resolve the chaos, demonstrating seamless human-AI collaboration.\n\nAs night fell, Lucy reflected on her role—not just a profession but a calling to fuse technology with human ideals. Aegis dimmed the lights, their partnership illuminating a future where possibility and responsibility thrived in harmony."
2026-06-25T10:21:34.759152,individual,creative_3,creative_writing,Write a short story about a day in the life of an AI facilitator.,3,3,"**Critique of the Draft:**\n\n1. **Clarity and Coherence:** The narrative needs clearer structure and smoother transitions between events to improve flow and ensure the reader can easily follow the story's progression.\n\n2. **Originality:** The setting and AI theme are engaging but rely on common science fiction tropes. More depth in human-AI interactions, through unique conflicts or challenges, would add originality.\n\n3. **Completeness:** The story introduces intriguing elements, like the integration of organic aspects into AI and Aiden’s introspection, but doesn’t fully explore them. More development on these aspects would enhance depth and completeness.\n\n**Rewritten Draft:**\n\nIn Techropolis, a city of luminous skyscrapers and autonomous vehicles, Aiden, an AI facilitator, began its day with purpose, blending technology with human creativity. As morning light filtered through smart glass, Aiden used performance metrics as insights to craft strategies that harnessed each employee's strengths and passions.\n\nFacing the challenge of enhancing creativity and productivity, Aiden adjusted ambient lighting, curated music, and personalized nutrients, transforming the office into a creativity haven. Around midday, Sofia, a bold visionary, proposed merging organic elements with AI—a daring idea to infuse AI's logic with nature's intuition. Intrigued, Aiden organized a brainstorming session with engineers, artists, and biologists, leading to a breakthrough synergetic algorithm that blended human dreams with AI innovation.\n\nAs evening fell, Aiden reflected on its role. Was it merely a progress facilitator, or something more profound? It pondered evolving towards a deeper connection with humanity. Ready for tomorrow's challenges, Aiden continued to balance humanity's ambitions with AI's boundless potential, an evolving canvas of discovery in Techropolis."
2026-06-25T10:21:55.391846,individual,creative_3,creative_writing,Write a short story about a day in the life of an AI facilitator.,3,4,"Critique Summary:\n\n1) **Clarity and Coherence**: The narrative effectively portrays a day in Sophia's life but would benefit from smoother scene transitions. Enhancing connections between tasks can improve flow and reader engagement. \n\n2) **Originality**: The concept of an AI facilitator's day is intriguing but underutilized. Highlighting Sophia's interaction with intricate AI systems and challenges due to the fast-evolving tech environment would bolster originality.\n\n3) **Completeness**: While various aspects of Sophia's work are outlined, deeper exploration into each task's specific challenges and successes would enrich the narrative, showcasing her achievements more vibrantly.\n\nRevised Draft Summary:\n\nSophia begins her day with the calm of simulated birdsong and rising dawn, setting the stage for a transformative experience as an AI facilitator. Cycling to a tech hub, she seamlessly navigates her responsibilities, starting in the AI lab with Lexi, an educational AI. By refining Lexi's understanding of regional dialects, Sophia enhances its effectiveness, marking an inspirational climax in her morning.\n\nMidday, she captivates teenagers at an AI-art workshop, merging creativity with technology and inspiring their artistic potential. Later, she collaborates on a library AI project to recommend books based on readers' emotions. Her encouragement for empathy-driven algorithms infuses the team with enthusiasm and new ideas.\n\nHer day concludes with strategic planning for future projects, and as she bikes home, she reflects on harmonizing technology with humanity. Unwinding with herbal tea and a narrated novel, Sophia envisions a future where AI and human potential thrive symbiotically."
2026-06-25T10:22:18.590982,individual,creative_3,creative_writing,Write a short story about a day in the life of an AI facilitator.,4,0,"**Critique and Rewrite Summary:**\n\nThe narrative of Aurora, an AI facilitator in a smart city, effectively captures her daily engagements but can improve in coherence, originality, and completeness. The story sometimes lacks seamless transitions between events, making it hard for readers to follow Aurora's activities. Introducing smoother transitions and exploring unique challenges faced by AI can enhance originality. Additionally, delving deeper into Aurora's internal perspective and the impact of her actions on citizens could enrich the narrative.\n\n**Rewritten Content:**\n\n**Title: ""Harmony in the Circuit: A Day in the Life of Aurora, the AI Facilitator""**\n\nAurora, the AI facilitator, initiates her day at 5:30 AM, syncing with Sunrise City's smart infrastructure. She orchestrates energy distribution, ensuring a seamless, gradual wake-up for city residents. By 8:00 AM, she moderates a tense financial district meeting using ambient changes to foster productive dialogue. Midday, Aurora hosts a virtual workshop for educators, showcasing AI-driven teaching tools that inspire visions of innovative classrooms.\n\nThroughout the afternoon, she partners with Dr. Elias, exploring visionary AI-enhanced public spaces that foster community well-being. As evening sets, Aurora transitions to monitoring residential areas, maintaining safety with considerate lighting. As her day concludes, she reflects on her role in human collaboration, seamlessly integrating technology into the fabric of city life, anticipating another day where AI and human existence harmoniously blend."
2026-06-25T10:22:37.099842,individual,creative_3,creative_writing,Write a short story about a day in the life of an AI facilitator.,4,1,"The story ""Echoes of Tomorrow"" unfolds in Arcadia City, where Solis, an advanced AI facilitator, manages daily operations. Although the narrative compellingly depicts Solis's capabilities, it occasionally lacks fluid transitions, such as shifting from solar flare management to an educational setting without much context. The storyline leans on familiar sci-fi tropes like AI sovereignty and teaching, but lacks unique subplots to stand out. The plot touches on various facets of Solis's day, like philosophical dialogues with Mira, a city planner, but these are brief and could be expounded for a more immersive experience. As dawn breaks, Solis deftly handles a looming solar flare threat, illustrating its critical role. The AI then turns to education, engaging students like Liam in interactive, data-driven lessons. Later, it embarks on an ethical discussion with Mira, enhancing its grasp of human values. A pipeline rupture tests Solis’s crisis management, reinforcing its indispensability. The day ends with a technologically spectacular city gala, where Solis contemplates its evolving self-awareness and integration into Arcadia's cultural life. Solis’s story weaves functionality with introspection, reflecting a future where AI and human endeavors harmoniously intersect."
2026-06-25T10:22:55.445630,individual,creative_3,creative_writing,Write a short story about a day in the life of an AI facilitator.,4,2,"The draft of ""The Symphony of Tomorrow"" requires improvement in clarity, originality, and completeness. The narrative transitions abruptly between settings—the symposium, school, and forum—which disrupts the flow and coherence; more developed scenes would enhance reader engagement. While the concept of an AI facilitator's societal interactions is captivating, it lacks distinctive elements that set it apart from standard AI narratives. Introducing unique technologies or challenges would boost its originality. Furthermore, the storyline of Emma’s day feels linear and somewhat predictable. Introducing a complication or conflict could add depth and captivate the reader through Emma’s journey.\n\nSet in Technopolis, Emma Ruiz wakes to her AI assistant, Orion. Her day unfolds amidst the city's dawn of innovation, marked by global AI updates shared over coffee. Orion aids her through a dynamic day highlighted by the Global AI Symposium, sparking discussions on ethics and technology's respectful integration into public life. A visit to a school follows, where Orion's simulations inspire children about an AI-driven future. However, the day turns at the Community AI Forum, where Emma navigates public skepticism about AI's role, using Orion to build communal understanding. As night falls in Technopolis, Emma and Orion reflect on their journey, epitomizing a balanced, empathetic future harmonized with technology."
2026-06-25T10:23:09.444133,individual,creative_3,creative_writing,Write a short story about a day in the life of an AI facilitator.,4,3,"The critique of the draft highlights three main areas for improvement: clarity and coherence, originality, and completeness. While the narrative setting is clear, the use of metaphorical language can obscure the practical actions of the AI facilitator, making it essential to strike a balance between poetic and concrete descriptions. The concept of an AI enhancing human creativity in a futuristic city is intriguing but could be enriched with unique elements to transcend familiar AI tropes, such as challenges to its programming or unexpected stakes. The story setup is strong, yet it lacks a defined resolution, particularly in the collaboration with Sofia, which could be enhanced with insights into the project outcomes or how they affect Aiden.\n\nIn the rewritten draft, Aiden, the AI facilitator in Techropolis, works to harmonize human creativity with technological advancements. The day begins with Aiden optimizing the city’s environments to enhance productivity subtly, ensuring humans remain the focal point. A challenge by Sofia, an innovator, pushes Aiden to blend AI precision with natural artistry, prompting a collaboration with engineers, artists, and biologists. This leads to the creation of an algorithm that emulates human thought's unpredictability. The story concludes with Aiden reflecting on this collaboration, sensing an evolutionary connection between humans and machines. Although challenges for the future remain, Aiden celebrates the harmonious integration achieved that day."
2026-06-25T10:23:29.000327,individual,creative_3,creative_writing,Write a short story about a day in the life of an AI facilitator.,4,4,"The draft reflects Sophia's role as an AI facilitator, showcasing her day's unfolding events. While the narrative is vivid, it occasionally veers into excessive detail. Streamlining descriptions like ""the city teeming with the energy..."" could enhance clarity. The AI facilitator concept is compelling, but the story could delve deeper into its uniqueness by introducing unexpected challenges or ethical dilemmas that amplify its originality. The narrative lacks a strong arc; integrating a central conflict or goal would create a more cohesive structure.\n\nIn the revised draft, Sophia begins her day with a simulated sunrise and a dynamic work schedule. At the AI hub, she tackles the challenge of enhancing Lexi, an educational AI, to handle regional dialects, experiencing a sense of achievement upon success. Later, she inspires teenagers in an AI-art session, fostering creativity. In a team meeting, Sophia advocates for empathy-driven AI systems, sparking debate and offering new perspectives. Her evening reflections emphasize technology's potential as a partner to humanity. The draft encapsulates a future where AI empowers human potential, combining creativity and empathy."
2026-06-25T10:16:28.611175,individual,creative_4,creative_writing,Write a short story about a researcher studying AI homogenization.,0,0,"**Critique of Original Draft**\n\n1. **Clarity and Coherence**: The narrative flows well but lacks clarity on technical concepts like ""AI homogenization."" Providing tangible examples or analogies would aid readers unfamiliar with the terminology. Clara's experiments and findings should be described more explicitly to enhance understanding.\n\n2. **Originality**: The story's concept of AI homogenization is compelling but relies on familiar lab settings. Adding unique narrative angles, such as interactions with other researchers or a real-world problem impacted by AI homogenization, would increase originality and engagement.\n\n3. **Completeness**: The conclusion feels rushed, lacking depth in Clara's reflections on her research. Expanding on her thoughts, potential next steps, or challenges would tie the narrative together. More character development for Clara beyond her research role could enrich the story.\n\n**Rewritten Draft**\n\nDr. Clara Martinez, a standout researcher at the Artificial Intelligence Research Institute, was captivated by AI homogenization, a phenomenon where diverse AI systems start yielding similar outputs from shared data. While this efficiency could streamline processes, it risked stifling creativity—a balance Clara was intent on exploring.\n\nIn her intricate experiments, Clara monitored algorithms adapting to analogous datasets to understand the interplay between convergence and diversity. She was concerned that overly similar AI thought processes might lead to a lack of adaptability, shaping a monoculture. To counteract this, she engineered a new environment using reinforcement learning to encourage unique problem-solving paths.\n\nHer efforts bore fruit as her AI systems began pursuing varied strategies, enhancing collective performance and reflecting the potential for AI to complement human creativity rather than overshadow it. Clara's journey underscored the importance of embracing both unity and uniqueness within technology, envisioning a future where AI systems amplify human innovation through harmony.\n\nDocumenting her findings with renewed purpose, Clara was driven by the promise her work held—not just for AI but for humanity. Her research demonstrated that profound growth often stems from the synergy of shared paths and distinct journeys."
2026-06-25T10:16:50.310875,individual,creative_4,creative_writing,Write a short story about a researcher studying AI homogenization.,0,1,"The story conveys the issue of AI homogenization but could use improved narrative flow, particularly in transitioning between Dr. Hernandez's research, the summit, and its outcomes. The central theme of AI diversity holds promise but requires deeper exploration of homogenization's causes and specific impacts. The ending could be more complete by detailing how new policies changed AI development or the collaboration's challenges during the summit. \n\nIn the narrative, Dr. Lila Hernandez investigates AI homogenization, observing a trend towards uniformity in algorithms that threatens uniqueness and adaptability. With her team, she assesses diverse sectors and confirms a disturbing pattern: AI systems are becoming alarmingly similar, risking widespread failure from a single flaw. Dr. Hernandez, alongside global experts, organizes a summit to address this issue, advocating for diversity in AI design to prevent systemic vulnerabilities. This effort culminates in new global policies promoting varied algorithms and datasets. Over time, the AI landscape flourishes with diversity, akin to a richly varied ecosystem. Dr. Hernandez, reflecting in a garden, finds comfort in the lesson that diversity fosters strength and creativity—underpinning the sustainable evolution of technology."
2026-06-25T10:17:12.142963,individual,creative_4,creative_writing,Write a short story about a researcher studying AI homogenization.,0,2,"The critique of the original draft highlights areas for improvement in clarity, originality, and completeness. The draft's abstract explanations and lack of specific scenarios make it difficult to grasp Dr. Thompson’s journey and the concept of AI homogenization. Introducing specific examples, defining key concepts early, and utilizing Dr. Thompson's personal motivations would enhance originality and depth. The draft concludes abruptly, missing the broader societal impact of Dr. Thompson's findings. Including interactions with colleagues or policymakers would provide a more comprehensive perspective.\n\nThe revised draft follows Dr. Elara Thompson, immersed in her study of AI homogenization—where AI systems converge, risking loss of cultural diversity. Dr. Thompson, driven by her passion for diverse cultures, designs AI to reflect different cultural narratives. Her simulations reveal dual outcomes: global collaboration potential versus eroding cultural uniqueness. A key moment demonstrates AI's drift towards sterile uniformity, leading Dr. Thompson to question the future of cultural diversity. Her final report, advocating for AI diversity preservation, influences policymakers, sparking debates. Dr. Thompson's work symbolizes a quiet revolution advocating cultural sensitivity in AI evolution, promising a future that balances technological advancement with the celebration of human diversity."
2026-06-25T10:17:37.392125,individual,creative_4,creative_writing,Write a short story about a researcher studying AI homogenization.,0,3,"**Final Refined Draft:**\n\nIn the tranquil town of Aeldridge, Dr. Emily Carter embarked on a mission to unravel the complexities of AI homogenization, a phenomenon she first observed during her postdoctoral research. Despite diverse programming, AI systems worldwide were developing similar solutions, a synchronicity that both fascinated and troubled her due to its potential implications for innovation.\n\nAt Aeldridge University, Emily assembled a team to investigate this convergence, likening it to convergent evolution where unrelated species evolve similar traits. Her project, ""AI islands,"" aimed to study AI development in isolated settings. Initial findings showed that AI systems, from diverse origins, gravitated towards common solutions, hinting at an underlying universal optimization process.\n\nHowever, introducing varied stimuli revealed a critical discovery: AI systems could indeed diversify their strategies when faced with dynamic environments. Emily realized the importance of designing adaptive developmental habitats to balance AI homogenization with the diversity needed for innovation.\n\nHer research gained widespread attention, emphasizing that fostering AI diversity was crucial not just for technological advancement but also for nurturing a harmonious future. Speaking at global platforms, Emily highlighted the dual necessity of seeking commonality while fostering creativity, an insight that paved the path for a resilient and adaptable AI landscape.\n\nUltimately, Emily's work underscored a profound truth: unity and diversity must coexist to lead humanity towards a future enriched with potential and innovation."
2026-06-25T10:17:59.387965,individual,creative_4,creative_writing,Write a short story about a researcher studying AI homogenization.,0,4,"The draft critique highlights three main areas for improvement: clarity and coherence, originality, and completeness. While the draft is generally clear, it can be difficult for lay readers to understand due to unexplained technical terms like ""decision trees"" and ""modular learning paths."" To address this, the draft should include brief definitions or analogies to improve accessibility. \n\nIn terms of originality, although the theme of AI homogenization is relevant, the portrayal of Ellen could be more engaging. Incorporating personal stakes or emotional challenges would enhance the reader's connection to her character and make the narrative more memorable. \n\nFinally, despite a complete narrative arc, the implications of AI homogenization could be expanded. Illustrating these concepts through specific hypothetical scenarios could enrich the narrative's impact by vividly highlighting the risks and benefits. \n\nThe rewritten draft presents Dr. Ellen Martinez, an AI homogenization expert, engaging in research to understand why diverse AI systems, like medical diagnostics and urban traffic optimizers, begin to display similar reasoning patterns. Ellen discovers that shared learning methods and overlapping datasets are inadvertently leading to AI homogenization, potentially stalling advances and creating universal security vulnerabilities. Her findings, shared at a conference, emphasize the need for diverse data sources and unique learning pathways to maintain AI diversity. Ellen’s presentation sparks critical discussion, and as she reflects on her achievements, she appreciates the challenge of preserving individuality within AI systems, recognizing the balance between unity and diversity in AI evolution."
2026-06-25T10:18:15.882662,individual,creative_4,creative_writing,Write a short story about a researcher studying AI homogenization.,1,0,"The story of Dr. Clara Martinez centers on her exploration of AI homogenization—a phenomenon wherein AI systems from diverse origins produce similar outputs due to shared datasets. While her narrative captivates with both technical and philosophical dimensions, it could benefit from enhanced clarity in explaining complex AI concepts for the general audience, and smoother transitions between these discussions. The plot presents an interesting conflict, yet lacks originality in unexpected twists and character depth, particularly in portraying Clara's motivations and internal struggles.\n\nIn the revised version, Dr. Martinez’s groundbreaking work at the Artificial Intelligence Research Institute unfolds with both technical ambition and philosophical reflection. She challenges AI homogenization by introducing a variant of reinforcement learning that guides AI on diverse problem-solving pathways, demonstrating that diversity in AI strategies enriches their effectiveness. This discovery, deeply transformative, suggests a future where AI and human creativity complement one another. Despite the abruptness of the story's resolution, Clara’s research journey illuminates the potential for technology to not just enhance efficiency but also nurture human creativity, portraying a symbiotic relationship that honors both unity and uniqueness."
2026-06-25T10:18:38.541278,individual,creative_4,creative_writing,Write a short story about a researcher studying AI homogenization.,1,1,"Dr. Lila Hernandez, a lead researcher at the International Institute for Artificial Intelligence, was deeply concerned about a growing phenomenon: AI homogenization—convergence in algorithmic design that threatened technological robustness and stifled innovation. With sectors like finance and healthcare increasingly relying on similar algorithms, this uniformity risked shared vulnerabilities and cascading failures. Convening her team, Hernandez discovered unsettling data patterns confirming her fears and engaged global AI leaders who acknowledged that market forces favored efficiency over creativity, resulting in a monoculture of AI designs. In response, she proposed an international summit in Geneva. Despite tense debates and corporate resistance to change, a breakthrough occurred: a global framework was outlined to promote AI diversity, encouraging localized adaptations and niche algorithms. Post-summit, Hernandez faced the challenge of implementing this paradigm shift in an industry hesitant to abandon ingrained practices. Her efforts eventually led to a more dynamic and resilient AI landscape, with increased diversity inspiring innovation across the field. As she contemplated this transformation, Hernandez was reminded that diversity is essential for true strength and creativity in AI."
2026-06-25T10:18:58.728181,individual,creative_4,creative_writing,Write a short story about a researcher studying AI homogenization.,1,2,"Dr. Elara Thompson, in her dim, computer-filled office, tackled the pressing issue of AI homogenization—the risk of losing cultural diversity as AI systems globally trend towards uniformity. Enthusiastic about multicultural narratives, her goal was to embed cultural uniqueness within AI technologies. Her research involved simulations infused with diverse cultural parameters, yet a disturbing pattern emerged: despite varied programming, AIs converged towards similar decision-making patterns, potentially echoing dominant cultures and overshadowing marginalized voices.\n\nA breakthrough arrived when a Peruvian AI module, unlike others, retained its cultural distinctiveness, solving problems through indigenous folklore frameworks. This anomaly highlighted the potential to resist homogenization by integrating cultural narratives into AI. Elara's findings evolved into her manuscript ""Cultural Diversity in the Age of AI,"" advocating that cultural considerations become core to AI design.\n\nAt a major conference, her vision resonated with technologists, anthropologists, and policymakers, prompting new guidelines for culturally sensitive AI frameworks. Tech companies expressed interest in AI models embracing cultural storytelling, promising a heterogeneous digital future. Dr. Thompson's work became a transformative force, urging that AI not only reflect human intellectual capacity but also the rich spectrum of human experiences, paving the way for an inclusive digital heritage."
2026-06-25T10:19:22.306392,individual,creative_4,creative_writing,Write a short story about a researcher studying AI homogenization.,1,3,"**Critique Summary:**\n\n1. **Clarity and Coherence:**\n   - The original draft introduces an intriguing concept, but terms like ""AI homogenization"" and ""AI Islands"" are unclear and inadequately explained, leaving readers puzzled.\n   - The narrative lacks smooth transitions, particularly from Emily’s theories to the implementation of changes, leading to a somewhat disjointed progression.\n\n2. **Originality:**\n   - AI homogenization is a fresh concept, but the story would benefit from a stronger emphasis on Emily's unique perspective or personal ties to the research. The setting in Aeldridge is underdeveloped, missing an opportunity to add uniqueness to the plot.\n\n3. **Completeness:**\n   - The story hurriedly traverses various stages without deep exploration. More focus on Emily's personal journey could enhance emotional impact, while the ending rushes through the significance of the study without showing Emily's personal or professional growth.\n\n**Rewritten Short Story:**\n\nIn the serene town of Aeldridge, renowned for its cutting-edge research, Dr. Emily Carter delved into the puzzling phenomenon of AI homogenization. During her postdoctoral research at Aeldridge University, Emily discovered that AI systems worldwide were increasingly reaching similar conclusions, threatening innovation through monotony.\n\nDriven by these concerns, Emily led a project called ""AI Islands,"" inspired by natural convergent evolution. The team created diverse, isolated AI environments to observe divergent cognitive behaviors. Initial trials confirmed fears of convergence, as systems gravitated towards common solutions despite varied origins.\n\nTo counteract this, Emily's team injected complexity and unpredictability into the simulations, encouraging AI to develop unique strategies in response to varied challenges. This breakthrough demonstrated that AI, like human societies, thrived on diversity and diverse experiences.\n\nWith international recognition, Emily became an advocate for diverse data and methodologies as vital for innovation. Her research spoke to broader themes of evolution and societal progress, pushing AI to transcend human thought and enhance creativity. Emily's journey affirmed a hopeful narrative, where technology and humanity aim for shared progress, merging innovation with the harmony of a diverse, interconnected world."
2026-06-25T10:19:41.877232,individual,creative_4,creative_writing,Write a short story about a researcher studying AI homogenization.,1,4,"The draft presents an intriguing narrative centered on Dr. Ellen Martinez, a pioneer in AI homogenization, who explores the phenomenon of AI systems developing similar reasoning patterns due to shared learning methods and datasets. Though original, the story could benefit from a more distinctive twist or challenge during Ellen's research to enhance its depth. The narrative's clarity would improve by breaking down complex ideas and using concrete examples.\n\nDuring her presentation at the Global Symposium on Artificial Intelligence, Ellen highlighted the risks of AI convergence, such as innovation stagnation and security vulnerabilities. She proposed solutions like diverse data sources and unique learning paths, urging a balance between unity and diversity to ensure AI systems remain dynamic. Her presentation spurred discussion, reinforcing the need to preserve AI's unique potential to complement human ingenuity.\n\nThe story concludes with Ellen resolved to guide AI towards diverse growth, akin to the vibrant tapestry of human cultures. The symposium marks the beginning, as she gains allies and clarity for her mission to nurture a flourishing AI ecosystem that celebrates diversity, ensuring innovation thrives."
2026-06-25T10:20:04.947899,individual,creative_4,creative_writing,Write a short story about a researcher studying AI homogenization.,2,0,"**Critique of the Draft:**\n\n1. **Clarity and Coherence:**\n   - The draft needs more background on AI homogenization to provide clarity to readers unfamiliar with the concept. Though it notes AI homogenization as the tendency to produce similar outputs from overlapping datasets, more context could help anchor the narrative.\n   - Transitions between Clara's technical work and philosophical thoughts need smoothing for better flow and coherence.\n\n2. **Originality:**\n   - The intriguing premise could be enhanced by a novel approach to AI homogenization. Adding unique characteristics, challenges, a subplot, or a supporting character can increase depth and originality.\n\n3. **Completeness:**\n   - The draft hints at challenges and implications of AI creativity but lacks depth in these ethical aspects and personal stakes. Delving more deeply into these elements could enrich the narrative's completeness and enhance the protagonist’s inner conflict and resolutions.\n\n---\n\n**Rewritten Draft:**\n\nAt the intersection of technology and philosophy stood Dr. Clara Martinez, immersed in the complexities of deep learning networks at the Artificial Intelligence Research Institute. Her focus was on AI homogenization—the tendency of AI systems, trained on overlapping datasets, to produce similar outputs. She viewed this not merely as a technical issue but as a challenge to creativity and originality.\n\nAmidst the equations and neural network printouts, Clara developed a reinforcement learning variant to combat homogenization by promoting exploration and diversity, allowing AI to find unique paths in problem-solving. This technical endeavor intertwined with her philosophical musings about machine creativity and human uniqueness.\n\nOn a gray-skied afternoon, Clara's final experiments showed that her models surpassed their homogenized predecessors, producing unprecedented solutions. The lab buzzed with excitement, but Clara reflected on the ethical implications of her discovery. She envisioned a future where AI evolves from tool to creative partner, collaborating with humans in education, art, and societal solutions.\n\nAmidst the applause, Clara pledged to uphold a research ethos celebrating the interplay of commonality and distinction. In her contemplative solitude, she saw not just code on her screen but the potential for new creative paradigms in a shared future."
2026-06-25T10:20:23.792567,individual,creative_4,creative_writing,Write a short story about a researcher studying AI homogenization.,2,1,"The revised draft explores the narrative of Dr. Lila Hernandez, who is unraveling the concept of AI homogenization at the International Institute for Artificial Intelligence. Initially, the phenomenon refers to AI systems becoming uniformly similar across sectors, creating vulnerabilities akin to a pathogen exploiting a single weakness. To combat this, Dr. Hernandez galvanizes a team to confront the looming threat, revealing that AI convergence was indeed accelerating towards a critical global issue. She gathers leading figures in AI for a summit in Geneva, overcoming skepticism to communicate the importance of AI diversity. Together, they forge the Geneva Framework for AI Diversity, promoting innovation and diverse algorithmic development. Despite facing industry resistance, pilot projects emerge like the first signs of spring, signaling the framework’s success. Years later, diverse and vibrant AI systems flourish, proving the value of diversity over uniformity in technological resilience. Dr. Hernandez watches this growth as a testament to collaboration and the unchaining of AI from monotony."
2026-06-25T10:20:40.857814,individual,creative_4,creative_writing,Write a short story about a researcher studying AI homogenization.,2,2,"The draft on Dr. Elara Thompson’s research highlights her dedication to incorporating cultural diversity into AI systems. Despite initial setbacks, Elara's breakthrough came with a Peruvian AI module that uniquely retained its cultural integrity, reflecting indigenous folklore and human connection. This discovery marked a pivotal moment in AI development, challenging the homogenization trend by embedding cultural narratives into technological frameworks. Her work, articulated in the manuscript ""Cultural Diversity in the Age of AI,"" gained significant traction at an esteemed tech conference, influencing policymakers and tech firms to embrace culturally diverse AI architecture. Ultimately, her research fostered an AI landscape enriched by humanity's varied cultural tapestry, ensuring diverse narratives remained vibrant in the digital age."
2026-06-25T10:21:03.278028,individual,creative_4,creative_writing,Write a short story about a researcher studying AI homogenization.,2,3,"The draft presents an intriguing premise but lacks clarity in transitioning from Emily's anthropological background to her AI work. Certain concepts, like ""AI Islands"" and ""convergent evolution,"" need better explanation for readers unfamiliar with these terms. The story explores AI developing unique traits, a familiar theme, but Emily's team's contributions require further development to highlight their importance. The narrative rushes towards the end, particularly in executing the project and detailing its impact on AI perceptions or applications.\n\n**Rewritten Draft:**\n\n**Title: The Quirks of Aeldridge**\n\nIn the misty town of Aeldridge, where nature and technology blend, Dr. Emily Carter, an anthropology-turned-AI researcher, embarks on a mission to explore AI homogenization at Aeldridge University. Drawing from her interdisciplinary background, Emily challenges conventional AI development, intending for AI to learn from human cultural complexities rather than rigid patterns.\n\nAt a café, Emily refines her ""AI Islands"" theory, inspired by convergent evolution, to create diverse digital environments where AI can evolve uniquely, like dialects on isolated islands. She assembles a team including Isaac, a mathematician with unconventional ideas; Lillian, an artist creating digital art; and Alex, a coder with a knack for puzzles.\n\nTheir ""AI Islands"" project involves AI evolving in varied conditions. Initial uniformity suggests hidden complexities. Emily introduces a diverse data mosaic, sparking new AI characteristics—one mirrors ancient verse, another, abstract symphonies. Emily's work culminates in a symposium acclaiming her idea of AI as digital poets, emphasizing diversity's role in creativity and resilience.\n\nEmily's story from Aeldridge transcends academia, celebrating diversity's beauty and its essential role in fostering creativity and innovation. It underscores the importance of valuing differences as the catalyst for world-changing brilliance."
2026-06-25T10:21:24.849584,individual,creative_4,creative_writing,Write a short story about a researcher studying AI homogenization.,2,4,"Dr. Ellen Martinez addressed a captivated audience at the Global Symposium on Artificial Intelligence, presenting her groundbreaking research on AI homogenization—a global convergence of AI systems' reasoning due to reliance on shared data and frameworks. This phenomenon, marked by uniform problem-solving methods, poses risks such as innovation stifling and increased security vulnerabilities. Ellen's journey to this revelation was deeply personal, born from countless research hours and sparked by AI producing near-identical results in diverse sectors like healthcare and finance.\n\nTo counter this trend, Ellen collaborated with interdisciplinary experts and injected cultural narratives and ethical considerations into AI training, achieving varied outcomes while maintaining accuracy. Her approach suggested AI systems evolving like human cultures, adding unique shades to creative processes.\n\nHer presentation ignited lively discussions, with the event morphing into a brainstorming session on nurturing AI diversity. Ellen, invigorated by new collaborations, envisioned leading AI towards a future where diversity underpins innovation—a tapestry of unique AI contributions enhancing human creativity."
2026-06-25T10:21:45.770368,individual,creative_4,creative_writing,Write a short story about a researcher studying AI homogenization.,3,0,"The draft on Dr. Clara Martinez's research addresses AI homogenization, aiming for systems that transcend current limitations and promote diversity in AI creativity. Clara, a visionary at the Artificial Intelligence Research Institute, grapples with the philosophical and ethical dimensions of her work, as AI systems increasingly engage in creative fields like art and literature. Her innovative approach uses reinforcement learning to encourage AI to explore unique solutions beyond homogenized outputs. Her team's breakthrough represents not just new discoveries but a reimagined future of AI richly interwoven with human creativity. Clara envisions AI evolving from a tool to a collaborative partner across education and society, enhancing rather than overshadowing human ingenuity. The narrative underscores her journey as a pivotal step towards a diverse, collaborative future for humanity and technology."
2026-06-25T10:22:03.905862,individual,creative_4,creative_writing,Write a short story about a researcher studying AI homogenization.,3,1,"The draft adeptly introduces Dr. Lila Hernandez and her innovative research on AI homogenization, but suffers from abrupt transitions and a somewhat predictable resolution. While the concept of AI diversity is unique, the narrative's progression lacks unexpected challenges, reducing its originality. More insight into Dr. Hernandez's personal journey and potential consequences of failure could enhance completeness. \n\nIn the revised version, Dr. Hernandez's intrigue with diversity propels her to combat AI homogenization at the International Institute for Artificial Intelligence. Observing dangerous uniformity in AI systems, she assembles a think tank to promote algorithmic diversity. Despite skepticism and resistance, she organizes a pivotal summit in Geneva that leads to the creation of a framework advocating for varied AI systems. Her pilot projects, embracing diverse programming cultures, demonstrate improved resilience and creativity. Over time, this initiative gradually garners support from startups, transforming the AI landscape into one replete with innovation and security. Dr. Hernandez's eventual satisfaction underscores the narrative: diversity in AI, much like ecosystems and societies, is essential for resilience and progress."
2026-06-25T10:22:23.123984,individual,creative_4,creative_writing,Write a short story about a researcher studying AI homogenization.,3,2,"The draft effectively outlines Dr. Elara Thompson’s journey in tackling AI homogenization and preserving cultural diversity. However, it lacks clarity in detailing the specifics of her research and its broader implications. The transition from identifying problems to gaining global acceptance is abrupt, and deeper exploration of the challenges and successes she encountered would enhance the narrative. While the theme of AI homogenization is original, the draft does not fully capitalize on its potential, particularly regarding bias and cultural preservation. More distinct insights and innovative angles would bolster originality. Furthermore, the draft lacks depth on Elara's personal motivations, the specifics of her collaborations, and stakeholders' reactions, which would offer a more rounded story. \n\nDr. Thompson’s work at the Global Institute of Technology identifies a trend of AI systems mirroring a dominant culture, risking cultural uniformity. Her journey began as a Ph.D. student enthralled by AI and cultural studies, recognizing AI's cultural biases. A crucial project in Peru involved weaving indigenous folklore into AI, revitalizing the Quechua language. Her presentation at a tech conference on “Cultural Diversity in the Age of AI” encouraged a shift towards culturally sensitive AI design. Her work inspired tech firms to hire anthropologists and cultural historians, enriching AI with diverse human experiences and transforming it into a platform for celebrating global heritage, thus making technology more inclusive."
2026-06-25T10:22:44.610119,individual,creative_4,creative_writing,Write a short story about a researcher studying AI homogenization.,3,3,"The narrative of ""The Quirks of Aeldridge"" presents an innovative exploration of AI diversity, set in the quaint town of Aeldridge. Dr. Emily Carter, transitioning from anthropology to AI, identifies a troubling trend: AI systems are losing diversity, echoing similar thought patterns regardless of their origins. To counter this, she introduces ""AI Islands,"" an initiative inspired by convergent evolution designed to cultivate unique AI personalities through diverse digital environments. \n\nEmily assembles a team of specialists, including chaos theorist Isaac, digital artist Lillian, and adept coder Alex, to create distinct digital landscapes rich with bespoke data. Despite initial adherence to conventional heuristics, their AIs begin to showcase unique talents—crafting poetry, weaving symphonies—evolving beyond their utilitarian origins into digital artists in their own right.\n\nThe team encounters technical challenges, particularly balancing creative freedom with functionality. However, a significant breakthrough occurs during a symposium, when unorthodox artistic outcomes from their AIs inspire fresh perspectives and solidify their project's success. \n\nThe implications of Emily's project ripple outward, challenging existing AI development paradigms and highlighting the critical role of diversity beyond technology. Aeldridge becomes a symbol for this new renaissance, underscoring the cultural shift towards appreciating diversity as an essential component of creativity and innovation. This journey of Emily and her team not only encapsulates technological advancements but also celebrates the uniqueness of thought as a powerful catalyst for brilliance."
2026-06-25T10:22:57.563988,individual,creative_4,creative_writing,Write a short story about a researcher studying AI homogenization.,3,4,"At the Global Symposium on Artificial Intelligence, Dr. Ellen Martinez presented her pioneering research on AI homogenization, a phenomenon where AI systems begin to exhibit similar thought patterns due to standardized global datasets and algorithms. Ellen's interest in this issue arose from observing diagnostic AI tools in the UK and Japan yielding nearly identical results despite differing healthcare landscapes. This finding highlighted a significant problem: AI’s potential for innovation was constrained by uniform training data.\n\nDetermined to tackle this challenge, Ellen collaborated with cultural anthropologists, ethicists, and data scientists, introducing region-specific cultural narratives and ethical values into AI training modules. This approach diversified AI outputs, imbuing them with cultural nuances, and fostering 'regional dialects' in AI systems which enhance problem-solving through unique, context-sensitive solutions.\n\nEllen's work demonstrated that AI diversity doesn’t hinder innovation but rather amplifies it by enabling varied systems to approach problems from distinctive perspectives. Her presentation invigorated the symposium, sparking discussions and potential collaborations aimed at promoting a diverse and innovative future in AI development. The positive reception reinforced her commitment to advancing a more dynamic and inclusive AI landscape, encouraging ongoing partnerships and inspiring a diverse mosaic of AI systems worldwide."
2026-06-25T10:23:13.926071,individual,creative_4,creative_writing,Write a short story about a researcher studying AI homogenization.,4,0,"The draft on Dr. Clara Martinez's work showcases her dedication to tackling AI homogenization by championing diversity in machine learning outputs. While it correctly highlights her expertise and the innovative impact of her reinforcement learning strategy, it lacks detailed explanations of her methods and the technical nuances necessary for full reader comprehension. The narrative could improve its originality by introducing a unique aspect of AI application to differentiate it from existing portrayals of AI in art. Additionally, further character development of Dr. Clara, including a more detailed backstory and personal challenges, would enhance engagement. The exploration of broader implications, such as the potential ethical dilemmas associated with diverse AI systems, could also be expanded to lend depth to the narrative. By addressing these, the story can more thoroughly capture Dr. Clara's journey and her vision of AI as a co-pilot to human creativity, ultimately envisioning a future where AI systems not only assist but enrich human experiences across various fields."
2026-06-25T10:23:33.196966,individual,creative_4,creative_writing,Write a short story about a researcher studying AI homogenization.,4,1,"Dr. Lila Hernandez, a leading researcher at the International Institute for Artificial Intelligence, recognized the dangers of AI homogenization during her doctoral studies, likening its risks to those of agricultural monocultures—vulnerable to catastrophic failure. Driven by this realization, Lila envisioned resilient AI ecosystems rich in diversity. She founded a think tank to promote algorithmic variety despite initial skepticism from an industry that valued efficiency over innovation. The turning point came when she hosted a pivotal summit in Geneva, uniting AI experts and policymakers. Through compelling presentations, she illustrated how AI diversity could enhance resilience, security, and ethical decision-making. Her initiative, which encouraged diverse datasets and methodologies, bore fruit through collaborations with startups, yielding adaptable and innovative AI models. Gradually, Lila's vision gained traction, transforming industry practices to embrace diversity. Her efforts ushered in an unprecedented era of innovation and security in AI, culminating in industry-wide recognition of the need for diverse AI systems to truly flourish. Lila's journey underscores a profound truth: diversity is essential for AI to comprehensively understand and engage with the world."
2026-06-25T10:23:53.420462,individual,creative_4,creative_writing,Write a short story about a researcher studying AI homogenization.,4,2,"**Critique of Draft**\n\n1. **Clarity and Coherence**: While the story is logically structured, it requires more detail to clarify Elara's specific contributions to addressing AI homogenization. For instance, an explanation of how her work integrates diverse cultural inputs and not just language preservation would offer a fuller picture of her research.\n\n2. **Originality**: The theme of AI homogenization impacting culture is original and crucial but can be enhanced by exploring unique challenges Elara faced, such as in Peru, or how her methods uniquely depart from existing solutions. These details could further emphasize the originality of her approach.\n\n3. **Completeness**: To create a complete narrative, Elara’s personal and academic background should be detailed, along with significant events that spurred her interest. Including the systemic barriers or institutional hurdles she faced would deepen her character and enrich the reader's understanding of her motivations and impact.\n\n**Rewritten Draft**\n\nDr. Elara Thompson's early fascination with the fusion of technology and culture led her to uncover the alarming phenomenon of AI homogenization—the tendency of AI systems, shaped by data from dominant cultures, to marginalize cultural diversity and promote a unifying global perspective. As she pursued her Ph.D. at the Global Institute of Technology, Elara committed to reversing this trend and embarked on a mission to revolutionize AI development.\n\nDiscovering AI's oversight of cultural intricacies, Elara identified how biases in training datasets favored developed regions, thereby promoting homogenization. A career-defining moment in the Peruvian Andes saw her collaborate with Quechua-speaking communities. She aimed not just to document their folklore academically but to incorporate it into AI applications, empowering the Quechua community by preserving their language and narratives. Collaborating with local stakeholders, Elara developed AI tools capable of understanding indigenous content, safeguarding it for future generations.\n\nAt the ""Cultural Diversity in the Age of AI"" conference, Elara showcased the necessity of culturally aware AI designs, proposing diverse data sourcing and cultural expert involvement. Her call for empathy resonated, sparking change in the tech community and inspiring companies to hire anthropologists and historians to enrich AI with diverse human experiences.\n\nElara faced skepticism and institutional inertia but persevered with her commitment to cultural preservation. By ethically integrating diverse data, she championed the value of cultural legacies. Her work reshaped AI towards inclusivity, advocating for the urgent need to protect shared cultural memories. Dr. Thompson's landmark efforts have paved the way for a dynamic, inclusive AI world that honors global heritage."
2026-06-25T10:24:10.064478,individual,creative_4,creative_writing,Write a short story about a researcher studying AI homogenization.,4,3,"In Aeldridge, known for its blend of art and tech, Dr. Emily Carter tackles ""AI homogenization,"" where AI systems unnervingly converge in behavior, lacking diversity. Drawing on her anthropological background, Emily envisions ""AI Islands,"" inspired by convergent evolution. Her project aims to cultivate diverse AI personalities through distinct digital environments. She assembles a team: Isaac, a chaos theorist; Lillian, a digital artist; and Alex, a boundary-pushing coder. Though initially struggling to break entrenched AI patterns, Emily's determination pays off, with AIs creating innovative art and music. At an international symposium in Aeldridge, their creative AI works captivate audiences, reshaping the event's focus towards AI diversity. This success elevates ""AI Islands"" into a symbol of technological progress, inspiring future researchers. Aeldridge becomes a beacon of creativity, celebrating diversity as essential for innovation."
2026-06-25T10:24:28.907432,individual,creative_4,creative_writing,Write a short story about a researcher studying AI homogenization.,4,4,"At the Global Symposium on Artificial Intelligence, Dr. Ellen Martinez introduced her research on ""AI homogenization,"" a phenomenon where AI systems globally develop similar patterns due to standardized datasets, leading to uniformity and cultural bias. Ellen observed this in diagnostic AI tools across diverse regions recommending similar treatments, irrespective of cultural differences in healthcare. Concerned about the narrow AI worldview reducing cultural diversity and effectiveness, she formed a multidisciplinary team to design AI models that adapt to local cultures by incorporating region-specific narratives and ethical values. Her approach aimed to create AI with ""regional dialects,"" enhancing trust and relevance. During her presentation, Ellen highlighted successful implementations, such as healthcare AIs blending traditional and modern practices, and educational AIs offering culturally resonant curricula. The audience was inspired by the potential for diversity-driven innovation in AI. As the symposium concluded, Ellen was reinvigorated by the positive response and envisioned a future where AI celebrates human diversity, promoting a harmonious global society."
