timestamp,reference_mode,task_id,category,task,iteration,candidate,final_output
2026-06-25T10:24:44.528730,all,idea_4,idea,Generate 5 ideas for improving the experience of public transportation.,0,0,"To enhance public transportation usage and customer satisfaction, five innovative strategies are proposed:\n\n1. **Real-Time Tracking and Predictive Analytics:** Develop a user-friendly app offering real-time tracking of vehicles with updates on delays, enhanced by AI-based predictive analytics to suggest alternative routes.\n   \n2. **Dedicated Comfort and Accessibility Enhancements:** Improve vehicle and station design by addressing comfort with ergonomic seating, climate control, and noise reduction, while separately ensuring accessibility through ADA-compliant features like low-floor entry and braille maps.\n\n3. **Sustainable and Safe Operations:** Employ renewable energy for stations, switch to electric vehicles, enforce strict cleaning protocols, and enhance safety with CCTV and app-based issue reporting.\n\n4. **Modern Payment Solutions:** Introduce contactless payments via smartphones and wearables, potentially leveraging blockchain for secure transactions. Implement dynamic pricing models to manage demand and optimize resources.\n\n5. **Community-Driven Planning and Feedback:** Engage communities through workshops and forums for direct input on planning. Utilize cloud-based platforms for continuous feedback, driving iterative service improvements aligned with community needs.\n\nThese strategies aim to make public transit more user-friendly, sustainable, and community engaged, promoting broader adoption."
2026-06-25T10:24:58.856299,all,idea_4,idea,Generate 5 ideas for improving the experience of public transportation.,0,1,"The draft presents key strategies to enhance public transportation, focusing on clarity, originality, and completeness. While the draft is generally clear, it could benefit from more concise explanations and smoother transitions, such as the section on integrating bike-sharing with real-time data. Originality could be boosted by incorporating emerging technologies like AI-driven route optimization, and implementation details, such as overseeing authorities and potential barriers, could enhance completeness. Also, discussing how these strategies might differ across urban contexts would provide a more holistic view. The draft proposes:\n\n1. **Advanced Real-time Data Integration**: Implement digital platforms with AI analytics for real-time updates, integrating bike-sharing and ride-hailing for seamless transitions.\n2. **Enhanced Comfort and Accessibility**: Upgrade vehicles and stations to improve accessibility and passenger comfort, offering amenities like Wi-Fi and charging points.\n3. **Seamless Payment and Rewards System**: Establish a contactless payment system with dynamic fares and rewards for public transport use.\n4. **Proactive Community Engagement**: Gather feedback and align projects with commuter needs, using analytics to adapt services.\n5. **Sustainability Innovations**: Transition to renewable energy vehicles and eco-friendly infrastructure, promoting green transit with incentives.\n\nThese strategies aim for an efficient, user-friendly, and environmentally sound public transport system that enhances urban life quality."
2026-06-25T10:25:14.665073,all,idea_4,idea,Generate 5 ideas for improving the experience of public transportation.,0,2,"The revised draft outlines a strategy for enhancing public transportation with a focus on innovation, sustainability, and inclusivity. It advocates for unified mobility platforms that integrate various transport services to simplify travel, and suggests modernizing infrastructure with eco-friendly technologies like electric vehicles and solar-powered stations. The draft proposes adaptive pricing and scheduling to balance demand and incentivize travelers, along with using AI for dynamic fare and schedule adjustments. It emphasizes safety through advanced surveillance and extensive public awareness campaigns. For improved passenger experience, it recommends ergonomic designs, Wi-Fi access, and community-engaging art at stations. Integrating these strategies could make public transit a more efficient and appealing urban mobility option while addressing diverse metropolitan needs."
2026-06-25T10:25:31.030745,all,idea_4,idea,Generate 5 ideas for improving the experience of public transportation.,0,3,"The revised draft aims to enhance public transportation by proposing five innovative ideas. Firstly, it suggests developing an interactive digital platform incorporating real-time updates, augmented reality navigation, and multi-language support for all users, including those with disabilities. Secondly, to enhance passenger comfort, it recommends modernizing interiors with ergonomic seating, Wi-Fi, and an app-based feedback system for improved hygiene. Thirdly, it emphasizes safety by integrating surveillance technology, smart lighting, and visible security personnel, backed by pilot project success stories. Fourthly, it advocates for environmental responsibility through eco-friendly transport options and community engagement with green initiatives. Lastly, it proposes seamless integration with last-mile solutions by partnering with micro-mobility services and creating unified payment systems. Addressing these areas with clarity, originality, and completeness, the draft seeks to improve user satisfaction and boost ridership by making public transit systems more attractive, efficient, and user-focused, while also considering implementation challenges like budgeting and stakeholder collaboration."
2026-06-25T10:25:49.515569,all,idea_4,idea,Generate 5 ideas for improving the experience of public transportation.,0,4,"The revised critique of the draft emphasizes the need for enhanced coherence, originality, and completeness. It suggests making the connection between implementation and benefits clearer, simplifying technical language, and incorporating more innovative ideas as current suggestions, like real-time tracking and unified payment systems, are widely adopted. It also recommends exploring challenges such as cost and technical hurdles to provide a comprehensive feasibility view.\n\nIn the rewritten draft for improving public transportation, five innovative ideas are proposed:\n\n1. **Dynamic Travel Tracking with Intuitive Assistance**: Launch an AI-driven app for real-time tracking and route suggestions, enhancing user convenience and personalized experiences.\n   \n2. **Enhanced Comfort and Accessibility Innovations**: Introduce advanced vehicle features like customizable environments and accessibility aids to attract more riders, including those with mobility challenges.\n\n3. **Seamless, Multi-Modal Payment Systems**: Develop a universal digital payment platform with blockchain security, simplifying transactions across regions and promoting public transport usage.\n\n4. **Proactive Community Engagement and Adaptive Feedback Loops**: Implement digital feedback systems for user suggestions, using AI to analyze and enact improvements, fostering community involvement.\n\n5. **Green and Safe Transit Futures**: Transition to sustainable vehicles and enhance safety with technology like drone surveillance, reducing environmental impact and improving off-peak attractiveness.\n\nThese solutions aim to create a more efficient, user-friendly, and sustainable public transportation system, addressing environmental and social challenges in urban settings."
2026-06-25T10:26:07.860978,all,idea_4,idea,Generate 5 ideas for improving the experience of public transportation.,1,0,"**Critique Summary of the Original Draft:**\n\nThe draft lacks clarity in some areas, with terms like ""customizable interior environments"" potentially confusing readers. It presents ideas commonly discussed in public transportation improvement efforts and could benefit from introducing more original, cutting-edge concepts. The coverage of the five key areas could be more detailed, focusing on the practical application and the needs of specific demographics like rural or underserved communities.\n\n**Revised Draft for Public Transportation Enhancement:**\n\nTo transform public transportation, a comprehensive strategy must focus on technology, comfort, inclusivity, community engagement, and sustainability. Here are five key strategies:\n\n1. **Integrated Mobility Hubs with Digital Solutions**: Create hubs linking multiple transport modes like buses and trains with real-time digital interfaces and multilingual apps for tailored navigation.\n\n2. **Tailored Experiences and Accessibility**: Implement adaptable features in vehicles, such as variable seating and noise-controlled areas. Ensure accessibility with features like low-floor buses and on-demand assistance for disabilities.\n\n3. **Unified Payments and Loyalty Incentives**: Develop a contactless payment system across services, complemented by gamified loyalty programs rewarding off-peak and eco-friendly travel for fare discounts.\n\n4. **Community-Centric Design and Feedback**: Facilitate participatory design workshops and an online feedback platform using AI to tailor services to local needs.\n\n5. **Eco-Driven Fleet and Safety Protocols**: Transition to electric/hybrid fleets with solar charging stations. Integrate AI surveillance for security, supported by a visible safety staff presence.\n\nThese strategies aim to make public transport an accessible, sustainable, and attractive choice, fostering widespread community use and support."
2026-06-25T10:26:21.039495,all,idea_4,idea,Generate 5 ideas for improving the experience of public transportation.,1,1,"The draft reviewing public transportation enhancement suggestions highlights several areas for improvement: clarity, originality, and completeness. While the innovative concepts like ""digital concierge services"" and ""augmented reality navigation"" are commendable, the text needs clearer structure, more real-world examples, and focus on unique aspects to differentiate from existing solutions. Additionally, the draft lacks exploration of implementation challenges and strategies, as well as detailed potential benefits and outcomes.\n\nIn response, the rewritten draft proposes five transformative ideas for public transportation:\n\n1. **Integrated Mobility Hubs** with digital concierge services to connect various transport modes, providing users seamless travel through interactive kiosks and apps.\n   \n2. **Advanced Smart Infrastructure**, including IoT-enabled sensors and high-speed Wi-Fi, to improve flow and predict maintenance needs, enhancing operational efficiency and passenger experience.\n\n3. **Dynamic Pricing and Reward Systems** to encourage off-peak travel and frequent usage through flexible fares and loyalty incentives.\n\n4. **Inclusive Design** by involving diverse communities in planning, ensuring accessibility and comfort with features like climate control and ergonomic seating.\n\n5. **Environmental Innovations**, using eco-friendly vehicle fleets and community projects to increase sustainability and foster engagement.\n\nThese strategies aim to enhance efficiency, sustainability, and satisfaction, addressing logistical challenges while fostering community involvement and environmentally friendly practices."
2026-06-25T10:26:35.815602,all,idea_4,idea,Generate 5 ideas for improving the experience of public transportation.,1,2,"The draft proposing public transportation enhancements could benefit from clearer explanations, unique ideas, and actionable steps. While the suggestions are practical, they lack specificity in implementation and originality. To address these, the revised proposal introduces five innovative concepts:\n\n1. **Unified Mobility Hub**: A smart app platform consolidating all transport modes, offering real-time updates and AI-assisted navigation, to manage delays and provide alternatives for seamless travel.\n\n2. **Passenger-Centric Design**: Innovate transit interiors with customizable seating, quiet zones, and features like voice-activated lighting and automated ramps, enhancing comfort and accessibility.\n\n3. **Smart Payment Systems with Incentives**: Introduce a universal digital wallet with a rewards system for sustainable choices, offering fare discounts or local business incentives to promote cost-effective and eco-friendly travel.\n\n4. **Participatory Community Engagement**: Implement a digital feedback system for passenger input and host digital town halls to ensure community-inclusive project development, adapting dynamically through data analytics.\n\n5. **Sustainability and Safety Enhancements**: Shift to zero-emission fleets, integrate solar tech on vehicles, and adopt AI-driven security for enhanced trust and energy efficiency, all supported by pilot collaborations with tech firms.\n\nThese strategies leverage technology and community involvement to transform public transportation into a more appealing, effective, and sustainable option."
2026-06-25T10:26:49.399264,all,idea_4,idea,Generate 5 ideas for improving the experience of public transportation.,1,3,"The revised draft outlines five integrated strategies for improving public transportation, focusing on clarity, originality, and completeness. The proposed strategies include creating an integrated transit ecosystem using AI for seamless, real-time travel solutions across multiple modes, enhancing passenger comfort and accessibility with retrofitted vehicles and inclusive design features, and deploying innovative, contactless payment systems with smart incentives. Community-driven design initiatives involve citizens in transit projects, incorporating local culture into station aesthetics and fostering community pride. Sustainable infrastructure investments advocate for electric and hydrogen-powered vehicles supported by solar-powered charging hubs, eco-friendly station designs, and enhanced security measures. Together, these strategies aim to enhance urban mobility, sustainability, and community engagement in public transport systems."
2026-06-25T10:27:09.202859,all,idea_4,idea,Generate 5 ideas for improving the experience of public transportation.,1,4,"The revised draft proposes five innovative strategies to enhance public transportation, emphasizing clarity, originality, and practicality:\n\n1. **Unified Mobility as a Service (MaaS) Platform**: Develop an intuitive app that consolidates all transit options, including buses, trains, bike-sharing, and ride-hailing, into a single platform. It would facilitate real-time updates, journey planning, secure payments, and user engagement through a rewards program for sustainable travel.\n\n2. **Personalized Passenger Experiences**: Equip public transit vehicles with adaptive technologies offering customized settings, such as lighting and temperature control, and connectivity for personal devices, thus enhancing passenger satisfaction.\n\n3. **Real-Time, AI-Powered Operations**: Implement AI for predictive maintenance and dynamic scheduling, utilizing real-time data to optimize routes, improve reliability, reduce wait times, and lower operational costs.\n\n4. **Interactive Community Engagement**: Engage communities via virtual reality tools and interactive apps to tailor transit solutions to local needs, strengthening public trust and increasing ridership.\n\n5. **Eco-Friendly Transportation Innovations**: Embrace hybrid and electric vehicles, expand solar-powered infrastructure, and promote sustainable travel through incentives, alongside initiating urban greening projects around transit hubs.\n\nThese strategies aim to transform public transportation into a more inclusive, eco-friendly, and user-centered system. Addressing challenges, such as securing funding, integrating technologies, and encouraging user adoption, will be vital for the effective realization of these proposals."
2026-06-25T10:27:24.077849,all,idea_4,idea,Generate 5 ideas for improving the experience of public transportation.,2,0,"The critique identifies several areas for improvement in the draft by emphasizing clarity, originality, and completeness. The original draft is generally clear but could be more concise, especially in sections regarding the Unified Intelligent Mobility Platform and Sustainable Infrastructure Development. The ideas presented are somewhat conventional, lacking new angles or distinctive implementation methods, and the draft could better address practical challenges such as funding, regulatory hurdles, and technological constraints. It also misses the opportunity to explore the social and cultural impacts of transit improvements.\n\nThe revised draft proposes five strategies to improve public transportation by integrating technology, sustainability, and human-centered design:\n\n1. **Unified Intelligent Mobility Platform**: A comprehensive app integrating various transport modes with AI for real-time updates and predictive routes, supporting convenient booking and payments.\n\n2. **Enhanced Comfort and Accessibility**: Vehicle upgrades to accommodate all passengers, offering features like adjustable seating and automated ramps to ensure comfort and inclusivity.\n\n3. **Dynamic Pricing and Incentive-Based Systems**: Adopting flexible pricing to balance demand, with rewards promoting sustainable transit choices and supporting local businesses.\n\n4. **Community-Driven Planning**: Engaging communities through participatory design and technologies like VR, using AI insights to align services with local needs.\n\n5. **Eco-Innovative Infrastructure**: Transitioning to zero-emission fleets and renewable energy solutions, alongside urban greening and sustainable materials to enhance appeal.\n\nThese strategies advocate for a connected, user-friendly, and green public transit system, emphasizing the need to tackle regulatory and financial issues while encouraging community involvement for a sustainable urban future."
2026-06-25T10:27:36.141124,all,idea_4,idea,Generate 5 ideas for improving the experience of public transportation.,2,1,"The critique of the draft on public transportation improvements highlights three main areas: clarity, originality, and completeness. The feedback suggests a need for better prioritization of ideas, simplification of technical jargon, and inclusion of innovative concepts. Additionally, the draft should delve deeper into implementation challenges, stakeholder involvement, and rollout plans.\n\nThe rewritten draft proposes a comprehensive approach to enhancing public transportation. It outlines five strategies: \n\n1. **All-in-One Mobility Platform**: A unified app for various modes of transport, offering real-time updates, AI-enhanced route planning, and digital payment, with incentives for eco-friendly travel.\n   \n2. **Inclusive Design Enhancements**: Features like modular seating and voice-command ramps to improve accessibility for the elderly and disabled.\n\n3. **Predictive Maintenance**: AI-driven analytics for optimizing maintenance and route efficiency, reducing downtime and wait times.\n\n4. **Community-Centric Planning**: Use of virtual reality and participatory tools to engage communities in transit development, fostering ownership and diverse input.\n\n5. **Sustainable Infrastructure Investments**: Transition to electric vehicles, solar-powered stations, and integration of urban greening, with enhanced safety protocols.\n\nThese strategies aim to make public transport more reliable, efficient, and eco-friendly, by blending community insights with technological advancements to meet modern demands and improve user experiences."
2026-06-25T10:27:50.898717,all,idea_4,idea,Generate 5 ideas for improving the experience of public transportation.,2,2,"The draft proposal to enhance public transportation focuses on clarity, originality, and robust implementation strategies. Key recommendations include:\n\n1. **Integrated and Personalized Journey Management:** A user-friendly app would streamline travel by uniting various transport modes with AI-powered travel assistants for real-time, multilingual updates and optimized scheduling, simplifying complex concepts like Mobility-as-a-Service.\n\n2. **Flexible and Inclusive Vehicle Interiors:** Modular vehicle designs will cater to diverse needs, offering quiet areas, family zones, and accessible features like voice-activated technology for disabled and multilingual users.\n\n3. **Unified Contactless Payment and Reward System:** A secure, blockchain-based payment system integrated with retail rewards aims to manage costs, drive eco-friendly decisions, and encourage off-peak travel with dynamic pricing incentives.\n\n4. **Dynamic Community Engagement Framework:** An interactive platform using digital town halls and augmented reality promotes consistent rider feedback and community involvement in co-designing transport aesthetics.\n\n5. **Sustainable and Green Transit Development:** Plans to adopt electric and hybrid fleets and partner with environmental groups for station energy efficiency aim to transform transit hubs into community-centric green spaces.\n\nThe emphasis is on collaboration, data security, and measurable KPIs to redefine public transport as an innovative, sustainable, and engaging option."
2026-06-25T10:28:04.779337,all,idea_4,idea,Generate 5 ideas for improving the experience of public transportation.,2,3,"The draft suggests innovative enhancements to public transportation, emphasizing the need for clearer, jargon-free language to improve accessibility. Although the ideas align with current industry trends, offering more unique insights could bolster originality. It briefly touches on implementation challenges, advocating for a thorough exploration of barriers like funding and inter-agency collaboration to enhance realism.\n\nKey strategies include: \n1. **Unified Mobility Platforms** leveraging a single app for seamless multimodal connectivity and personalized travel planning.\n2. **Enhanced Passenger Environments** featuring comfort-improving interiors with adaptable lighting and climate controls, alongside standardized amenities such as Wi-Fi.\n3. **Flexible Pricing and Reward Systems** that adjust fares based on demand and promote eco-friendly travel through loyalty incentives.\n4. **Universal Design Standards** ensuring inclusivity via features like tactile pathways and multilingual signage.\n5. **Green Energy and Safety Technologies** focusing on electric vehicles and intelligent safety systems to reduce emissions and enhance security.\n\nAddressing these strategies' implementation challenges is essential for their successful realization."
2026-06-25T10:28:19.092241,all,idea_4,idea,Generate 5 ideas for improving the experience of public transportation.,2,4,"The revised draft of the public transportation strategies is critiqued for lacking clarity and coherence in linking concepts and the originality of ideas like AI personalization and electric fleets. It suggests enhancing originality by exploring less-known technologies and market trends. Additionally, the draft is incomplete as it briefly mentions challenges without offering detailed solutions. \n\nThe rewritten draft proposes five strategies: \n\n1. **Integrated Mobility Platform with User-Focused AI**: Develop a comprehensive app using AI for personalized, real-time transit options and introduce gamified rewards for eco-friendly choices.\n\n2. **Customizable Transit Interiors for Diverse Needs**: Design modular vehicle interiors for different passenger needs, allowing flexible configurations and personal control over comfort settings.\n\n3. **Proactive Infrastructure with Predictive Technology**: Use IoT and AI for real-time infrastructure monitoring, enhancing maintenance efficiency and safety.\n\n4. **Collaborative Community Transit Projects**: Foster community involvement in design and planning to reflect local needs and culture, enhancing user engagement and project relevance.\n\n5. **Strategic Green Partnerships for Sustainable Transport**: Transition to green energy with tech partnerships and incentives, establishing public transport as a clean energy pioneer.\n\nBy focusing on user-centricity, efficiency, and sustainability, addressing challenges, and envisioning a greener future, these proposals aim to transform urban mobility comprehensively."
2026-06-25T10:28:34.138667,all,idea_4,idea,Generate 5 ideas for improving the experience of public transportation.,3,0,"To enhance public transportation, a comprehensive strategy blending user insights, technology, and sustainability is essential. Here's a refined approach with five transformative ideas:\n\n1. **Smart Mobility Platform**: Develop an integrated app combining various transit modes, enriched by AI for personalized routes and gamification for eco-friendly travel incentives, encouraging sustainable habits.\n\n2. **Adaptive Transit Interiors**: Innovate vehicle designs with modular seating and climate zones, adaptable to passenger needs and conditions, to improve user experience.\n\n3. **Predictive Systems**: Implement AI and IoT for proactive maintenance and security, reducing disruptions and bolstering safety through real-time anomaly detection.\n\n4. **Community Involvement**: Engage locals through participatory design using AR/VR, ensuring transit solutions meet public expectations and fostering community investment.\n\n5. **Sustainable Integration**: Promote electric vehicles and renewable energy at stations, collaborating with NGOs to enhance urban sustainability and set public transit as a benchmark for net-zero emissions.\n\nThese strategies aim for a sustainable, responsive transit system that aligns with modern urban demands through technological and community-driven innovations."
2026-06-25T10:28:50.614939,all,idea_4,idea,Generate 5 ideas for improving the experience of public transportation.,3,1,"The original draft of the public transportation improvement proposal is well-organized but could benefit from more precise language and the inclusion of specific examples for clarity and originality. Some ideas, such as dynamic pricing and electric transitions, are common in discourse. Integrating more unique technological advancements could enhance its impact. \n\nThe revised draft proposes five forward-thinking strategies: \n\n1. **Unified Mobility Hub Enhanced by AI**: Create a single digital platform for all transit modes, using AI for personalized travel suggestions. This requires partnerships with transit authorities, ensuring data security, and seeking funding from government and private investors.\n\n2. **Universal and Modular Design**: Design adaptable vehicles with configurable interiors for varied needs, collaborating with design experts and advocacy groups to promote inclusivity. Public-private partnerships can maintain cost-effective production.\n\n3. **Dynamic Pricing with Green Rewards**: Implement flexible pricing and reward programs to manage demand and encourage eco-friendly travel. This involves developing pricing algorithms and collaborating with local businesses to offer incentives.\n\n4. **Interactive Community Planning**: Use VR/AR for community involvement in transit planning, allowing visualization and feedback integration. Partner with tech startups and hold forums for inclusive input.\n\n5. **Green Infrastructure Transformation**: Transition to electric/hybrid fleets, install solar stations, and enhance greenery at hubs. Collaborate with environmental groups and utilize government funds for execution.\n\nThese strategies emphasize technology, sustainability, and user-centric design, focusing on implementation, collaboration, and innovative funding to create an efficient, inclusive, and environmentally responsible public transportation system."
2026-06-25T10:29:03.766203,all,idea_4,idea,Generate 5 ideas for improving the experience of public transportation.,3,2,"The draft's critique highlights areas for improvement, including clarity, originality, and completeness. To enhance clarity and coherence, it suggests presenting ideas more concisely and clearly before delving into details. While some ideas are innovative, others, like transit apps and eco-friendly transport, are not new; focusing on unique advancements can improve originality. Completeness can be improved by including practical examples and implementation feasibility, such as specific technologies or partners for sustainable transit innovations.\n\nThe rewritten draft proposes several strategies to enhance public transportation through innovation, sustainability, and community involvement. Key strategies include:\n\n1. **Smart Mobility Super App:** A unified digital platform integrating various transit modes with AI-driven features, personalized route planning, and sustainable travel gamification.\n   \n2. **Flexible and Inclusive Transit Design:** Transportation options adaptable to diverse needs with modular seating, supportive systems for differently-abled riders, and onboard enhancements like Wi-Fi and personalized lighting.\n\n3. **Community-Driven Transit Planning:** Incorporation of community input via digital forums and workshops, ensuring transit solutions reflect local culture and needs.\n\n4. **Green Transit Innovations:** Transition to zero emissions with electric and hydrogen-powered vehicles and renewable energy collaborations, utilizing technologies like regenerative braking.\n\n5. **Dynamic Pricing and Rewards:** Variable pricing model to promote off-peak travel and a rewards program encouraging sustainable commuting, supported by a blockchain payment system for secure transactions.\n\nThese strategies aim to transform public transportation into a more efficient, sustainable, and community-focused system, leveraging advanced technology and green practices for a connected urban transit experience."
2026-06-25T10:29:22.419764,all,idea_4,idea,Generate 5 ideas for improving the experience of public transportation.,3,3,"The revised draft outlines a future-ready public transportation system centered on user experience, environmental responsibility, and inclusivity. Key innovative ideas include:\n\n1. **Unified Mobility Integration Platform**: Develop a comprehensive platform integrating diverse transport modes, from public transit to micro-mobility options. By leveraging AI for route optimization and gamifying sustainable travel, the platform differentiates through regional specificity and community-driven features.\n\n2. **Adaptive and Inclusive Transit Designs**: Offer customizable transit experiences with adaptable seating and universal technology access, enhancing commutes with amenities like fast Wi-Fi, thus addressing diverse user needs.\n\n3. **Innovative Fare and Loyalty Ecosystem**: Deploy flexible pricing strategies and a blockchain-based payment system to simplify transactions. By linking loyalty programs to local businesses, transit systems can support local economies while promoting sustainable travel.\n\n4. **Collaborative Community Transit Planning**: Use digital tools like AR and feedback apps to engage community members in transit design. Regular virtual town halls maintain dialogue, ensuring adaptability to transit needs through continuous community involvement.\n\n5. **Resilient and Eco-Friendly Infrastructure**: Partner with environmental groups to pioneer zero-emission fleets and solar-powered hubs. Adopting IoT and AI enables predictive maintenance, enhancing reliability and sustainability.\n\nImplementing these strategies requires tackling challenges such as securing funding, fostering stakeholder collaboration, and ensuring regulatory compliance. By capitalizing on data and innovation, public transportation can evolve into a sustainable and adaptable urban living paradigm."
2026-06-25T10:29:39.052597,all,idea_4,idea,Generate 5 ideas for improving the experience of public transportation.,3,4,"The draft articulates actionable strategies to improve public transportation through innovation, accessibility, and practicality. Key recommendations include developing integrated transit systems, offering comprehensive payment options, and adopting user-centric designs to accommodate diverse needs. Enhancing originality is suggested by incorporating unique features like regional adaptations and novel technologies. To achieve clarity and coherence, the draft should structure concepts with sub-points, especially for complex ideas like a ""Seamless Multi-Modal Mobility Hub"". Acknowledging global trends, further exploration of feasibility, impacts, and regional applicability is encouraged to ensure completeness. Additionally, proposes dynamic pricing to encourage off-peak travel, foster community involvement using interactive tools, and advance green infrastructure with renewable investments. These initiatives aim for a sustainable, tech-forward, and community-focused transit system, addressing implementation challenges like funding and policy alignment for a more attractive and efficient public transit experience."
2026-06-25T10:29:58.025790,all,idea_4,idea,Generate 5 ideas for improving the experience of public transportation.,4,0,"The revised draft aims to transform public transportation by integrating advanced technology, sustainability, and community involvement. To enhance clarity for all audiences, it suggests simplifying technical terms like ""blockchain-based payment system."" Although the draft introduces several innovative ideas, it could increase originality by exploring unique implementations beyond common concepts, such as low-emission vehicles. It proposes a comprehensive strategy including:\n\n1. **Unified Transit App:** A digital platform consolidating all transit options, offering real-time, personalized route planning with AI, and providing notifications for delays to reduce inconvenience.\n   \n2. **Adaptive Vehicle Interiors:** Vehicles with modular seating, wheelchair access, climate controls, and Wi-Fi to cater to diverse passenger needs and enhance satisfaction.\n\n3. **Inclusive Planning:** Engaging communities through virtual reality in transit planning to incorporate local insights and foster trust.\n\n4. **Low-Emission Transition:** Partnering with environmental groups to move to electric or hybrid fleets, using renewable energy and data analytics for efficient route management.\n\n5. **Dynamic Pricing:** A pricing model to promote off-peak travel, enhanced digital payments, and a loyalty program to increase ridership and support local businesses.\n\nThese strategies necessitate collaboration between transit authorities, tech developers, and the community, supported by policies and funding, to create sustainable and connected urban transport systems."
2026-06-25T10:30:11.869037,all,idea_4,idea,Generate 5 ideas for improving the experience of public transportation.,4,1,"The draft critique highlights areas for improvement in clarity, originality, and completeness. The draft should simplify complex language to enhance understanding and incorporate unique insights or case studies to differentiate from widely recognized trends like dynamic pricing and green technology. More specific examples and details on how partnerships with tech and environmental organizations operate could improve completeness.\n\nIn response, the revised draft proposes five strategic ideas to enhance public transportation: \n\n1. **Integrated Multi-Modal Transit Network:** Develop a platform integrating public transit, ride-hailing, and bike-sharing with AI-based route suggestions, in partnership with tech firms, to streamline travel planning.\n   \n2. **Adaptive Pricing and Local Incentives:** Implement dynamic pricing to encourage off-peak travel and a rewards program to stimulate local economies, promoting sustainability.\n\n3. **Universal and Flexible Transit Design:** Ensure inclusivity in transit design for accessibility, engaging experts and advocacy groups to adapt to diverse user needs.\n\n4. **Community Participation Platforms:** Use digital tools for public input in transit planning, with virtual meetings and VR technology to visualize proposals and gather feedback effectively.\n\n5. **Eco-Friendly Infrastructure and Technology:** Adopt zero-emission vehicles and renewable energy, partnering with environmental entities to implement sustainable infrastructure.\n\nCollaboration across public and private sectors and adequate funding is necessary to implement these innovative, inclusive, and environmentally focused solutions, enhancing public transport efficiency and sustainability."
2026-06-25T10:30:28.453899,all,idea_4,idea,Generate 5 ideas for improving the experience of public transportation.,4,2,"**Critique of the Draft:**\n\nThe draft exhibits a detailed exploration of innovative public transportation strategies, yet its depth is hindered by excessive technical jargon and bundled ideas, limiting accessibility for a broader audience. Simplifying language and separating complex ideas would enhance clarity. Although creative, the proposals closely mirror existing advancements, lacking distinct novelty. Introducing unique concepts and examples would differentiate it from current initiatives. Moreover, a more comprehensive outline of potential challenges with corresponding solutions would strengthen its practical applicability.\n\n**Rewritten Draft:**\n\nRevamping public transit requires blending technology, sustainability, and community input. Here are five innovative ideas:\n\n1. **Unified Transit App**: Develop a user-friendly app integrating all transit types—buses, trains, bike shares, etc.—with AI-driven real-time updates and eco-travel incentives, supported by partnerships with local authorities and tech firms.\n\n2. **Flexible Transit Interiors**: Design adaptable vehicle interiors with sections for diverse needs like quiet zones and workspaces, coupled with advanced air filtration and climate control for comfort.\n\n3. **Community-Informed Planning**: Utilize virtual reality and interactive forums for community-engaged transit planning, ensuring transparency and trust through regular updates and feedback incorporation.\n\n4. **Commitment to Green Transportation**: Transition to a zero-emissions fleet using electric and hydrogen vehicles, bolster eco-practices like solar installation and regenerative braking, and enhance green spaces at transit hubs.\n\n5. **Responsive Pricing Structures**: Implement dynamic pricing to encourage off-peak travel with financial incentives linked to local business rewards, promoting sustainable transport and reducing congestion.\n\nThese proposals pursue a modern and user-centric public transit system, improving functionality and accessibility while focusing on sustainability. Success hinges on collaboration with governments, private sectors, and communities to ensure widespread benefits."
2026-06-25T10:30:43.828622,all,idea_4,idea,Generate 5 ideas for improving the experience of public transportation.,4,3,"The revised draft aims to transform public transportation by integrating technology, design, and community involvement. It proposes five key strategies: a universal mobility platform that unifies all transit options with AI-powered recommendations and gamified incentives for eco-friendly travel; dynamic and versatile transit interiors tailored to diverse passenger needs; smart fare systems using blockchain for dynamic pricing and eco-rewards; participatory transit development through virtual tools for community feedback; and green infrastructure, promoting eco-powered vehicles and IoT-enabled maintenance. While the draft presents innovative concepts, it could benefit from clearer explanations and case studies to address potential challenges and differentiate its ideas from common industry trends. Strategic partnerships and alignment with urban policies are crucial to overcoming barriers and creating a sustainable, user-friendly transit system."
2026-06-25T10:31:02.021756,all,idea_4,idea,Generate 5 ideas for improving the experience of public transportation.,4,4,"The draft presents a strong framework for enhancing public transportation through innovative strategies but can be refined for clarity, originality, and thoroughness. \n\n1. **Clarity and Coherence**: Some sections need clearer explanations and connections, specifically integrating AI and gamification to show their functional impacts on transportation.\n\n2. **Originality**: While transitioning to electric vehicles is common, exploring unconventional technologies like blockchain for ticketing or cultural animations can boost originality.\n\n3. **Completeness**: The draft should detail practical implementations, such as how participatory transit development can scale across communities, using examples from successful cities.\n\n**Revised Concepts:**\n\n1. **Integrated Mobility Ecosystem**: Create a comprehensive digital platform for transport modes, using AI for personalized planning and gamification for sustainable choices.\n   \n2. **Customizable and Inclusive Vehicles**: Design flexible vehicles with modular seating and universal accessibility features for all users.\n\n3. **Proactive and Smart Infrastructure**: Use IoT and AI for infrastructure that anticipates maintenance, optimizes energy, and enhances reliability.\n\n4. **Community-Centric Planning**: Employ virtual/augmented reality for community input in transit planning, reflecting diverse cultural needs.\n\n5. **Innovative Energy Solutions**: Transition to green fleets with renewable power, partnering with organizations to promote sustainability.\n\nImplementing these ideas requires collaborations across sectors, integrating technology and sustainability to create an efficient, inclusive, and eco-friendly public transportation system that enriches the commuter experience."
2026-06-25T10:24:48.692611,all,idea_0,idea,Generate 5 novel product ideas that help reduce food waste at home.,0,0,"The critique of the original draft highlights areas for improvement in clarity, originality, and completeness. Specifically, it suggests providing detailed explanations of how products work, emphasizing unique features, and ensuring a direct link to food waste reduction. The revised draft presents five innovative product ideas targeting the minimization of home food waste:\n\n1. **Smart Freshness Tracker**: Reusable tags with sensors alert users via an app when food nears expiration, using real-time data to ensure freshness across various food types.\n\n2. **Adaptive Meal Planner with AI Recommendations**: An AI-powered app that uses kitchen inventory to propose personalized meal plans, minimizing waste by optimizing ingredient use and integrating with local grocery services.\n\n3. **Compost Concierge**: A stylish compost bin with an odor-neutralizing system and a service exchanging waste for local produce or discounts. It includes an educational app about composting and community impact.\n\n4. **Gourmet Edible Scraps Kit**: A kit with tools and guides for creating meals from food scraps, featuring instructional content and monthly kits with unique seasonings to promote creative scrap utilization.\n\n5. **Intelligent Food Management Fridge Add-on**: A device with cameras and machine learning to forecast spoilage, offering digital inventory insights and extending food life through energy-saving tips.\n\nThese products offer practical, eco-friendly solutions tailored to reduce food waste while fitting seamlessly into diverse lifestyles."
2026-06-25T10:25:05.570249,all,idea_0,idea,Generate 5 novel product ideas that help reduce food waste at home.,0,1,"The revised draft proposes five innovative products aimed at reducing food waste in households, enhancing sustainability:\n\n1. **FreshGuard**: An IoT device tackling the issue of forgotten perishables by using sensors to detect spoilage gases. It alerts users through a mobile app, suggesting recipes for expiring items and syncing with smart home systems for accessible notifications.\n\n2. **EcoShield Containers**: Storage solutions with built-in freshness indicators on lids transition colors to show food condition, assisting with efficient meal planning without needing to open containers.\n\n3. **ZeroWaste Bin**: A compact, odorless countertop composting appliance that uses fermentation technology to convert food scraps into compost within 24 hours. It features an app for tracking progress and offering plant care tips.\n\n4. **WasteLess Meal Planner**: An AI-driven tool that promotes optimal meal planning by scanning inventory, suggesting recipes based on available ingredients, and integrating with grocery apps to prevent overbuying.\n\n5. **SafeSeal**: A sprayer that applies an edible, biodegradable coating to produce, extending freshness without altering taste or texture, thereby reducing the rate of spoilage.\n\nThese product concepts focus on addressing specific food waste challenges with user-friendly, innovative solutions to foster mindful consumption and effective waste management at home."
2026-06-25T10:25:22.989231,all,idea_0,idea,Generate 5 novel product ideas that help reduce food waste at home.,0,2,"The draft effectively presents innovative solutions aimed at reducing food waste, though it lacks some clarity and originality. Enhancing descriptions with more detailed explanations, such as the functionality of RFID tags in the Smart Fridge and the rapid process of the Compost Accelerator Bin, could improve understanding. Uniqueness can be highlighted by focusing on novel technological integrations not found in existing products. The draft should better articulate how each product directly reduces food waste by providing examples or potential statistics. Additionally, acknowledging potential challenges, like costs or target audience, would offer a more complete perspective.\n\nHere are the summarized product ideas aimed at reducing food waste:\n\n1. **Smart Fridge Inventory System:** Employs RFID/barcode technology to track inventory, offering recipe suggestions and alerts for expiring items, and uses AI for meal planning.\n\n2. **Compost Accelerator Bin:** Speeds up decomposition with advanced heating, airflow, and enzyme sprays, able to complete composting in a week, reducing landfill waste.\n\n3. **Leftover AR Meal Creator:** Uses AR and AI to provide creative recipe ideas for leftovers, engage a community for sustainable cooking, and link to local food charities.\n\n4. **In-Home Fermentation Kit:** Facilitates home fermentation with renewal-friendly airlock jars, customizable spices, and an app to monitor progress for optimal results.\n\n5. **Dynamic Shelf Life Labels:** Utilizes color-changing ink to indicate freshness, integrates with inventory apps for better consumption tracking, and is applicable to various food items.\n\nThese offerings blend traditional practices with tech-driven solutions, encouraging sustainable living."
2026-06-25T10:25:40.983613,all,idea_0,idea,Generate 5 novel product ideas that help reduce food waste at home.,0,3,"To combat household food waste effectively, several innovative product concepts have emerged, each incorporating technology and user-oriented design to enhance sustainability:\n\n1. **Smart Storage Containers with Freshness Tracking:** These containers use advanced sensors and algorithms to monitor and optimize food storage, providing alerts and recipe suggestions based on freshness data. They feature LED indicators and integrate with grocery apps for purchase recommendations.\n\n2. **Compost Accelerator Device:** A compact device designed for urban homes, it converts food scraps into compost using proprietary heating and aeration technology. It includes odor-neutralizing filters and app guidance for efficient use.\n\n3. **AI-Powered Meal Planner and Food Inventory Manager:** This app integrates with digital grocery lists to manage meal planning and inventory, offering recipes for approaching expiry ingredients. It updates in real-time through barcode scanning and provides waste-tracking insights.\n\n4. **Vacuum Sealer with Built-in Dehydrator:** A dual-function appliance that preserves and dehydrates food, enhancing shelf life through energy-efficient cycles. Compatible with various storage vessels, it comes with digital tutorials for meal integration.\n\n5. **Edible Food Coating Sprayer:** A device that applies a natural, edible coating to prolong produce freshness, using recyclable refills. It minimizes spoilage without affecting taste and includes a subscription service for refills and seasonal produce tips.\n\nThese products not only offer distinct benefits but also address potential adoption challenges, delivering comprehensive solutions to reduce food waste in households."
2026-06-25T10:26:01.714354,all,idea_0,idea,Generate 5 novel product ideas that help reduce food waste at home.,0,4,"The evaluation of the original draft emphasized the need for clearer, more concise descriptions and highlighted some repetitive features across products, suggesting a more streamlined approach. Originality was noted, though diversifying beyond digital and app-centric solutions could enhance uniqueness. To enrich completeness, it proposed detailing partnership opportunities and addressing potential challenges. \n\nThe revised product ideas for reducing household food waste are as follows:\n\n1. **Smart Food Coordinator:** A modular storage system with RFID-enabled containers that track freshness and integrate with smartphones for expiration notifications and meal ideas, tailored by virtual assistants. It reduces forgotten perishables by highlighting priority items.\n\n2. **EcoKitchen Recycler:** An aesthetically pleasing indoor composter using advanced biocatalyst materials for efficient, odor-free waste processing into compost. It connects to an app for progress updates and urban gardening tips, fostering sustainable living.\n\n3. **Pantry Optimizer:** A smartphone app maintaining a virtual pantry through barcode scanning, with reminders for expiration dates. It includes a community exchange for sharing surplus goods, reducing personal food disposal by promoting use-before-waste practices.\n\n4. **Portion Precision Tools:** A kitchen set with volumetric markers for precise ingredient use, accompanied by an app that updates recipes with portion adjustments to minimize leftovers, aligning food preparation with actual consumption needs.\n\n5. **Seal & Preserve System:** An advanced vacuum sealer for solids and liquids, using triple-layered technology to preserve foods longer. It pairs with apps for optimal sealing and inventory updates, enabling bulk purchases without spoilage.\n\nThese innovations blend technology and practicality to empower households in minimizing food waste and supporting environmental sustainability."
2026-06-25T10:26:15.753638,all,idea_0,idea,Generate 5 novel product ideas that help reduce food waste at home.,1,0,"The revised draft offers a more accessible and coherent overview of innovative product concepts designed to reduce household food waste while maintaining originality and practicality. The draft outlines five novel solutions:\n\n1. **Smart Preservation Unit**: A user-friendly device combining vacuum sealing and dehydration, enhanced by an app for real-time food preservation tips and integration with meal planning.\n\n2. **EcoGrow Compost Station**: An odorless indoor composting system using worms, complemented by an app that tracks composting and recommends plants for urban gardeners, promoting sustainability.\n\n3. **Digital Recipe Recycler**: An AI platform for pantry management that suggests recipes based on expiring ingredients, with social sharing and surplus donation features.\n\n4. **Perishable Management Shelf System**: Modular shelves that monitor perishables with sensors and provide expiry alerts and storage tips through an app, reducing overbuying and waste.\n\n5. **Natural Food Preservation Sprays**: Plant-based sprays that slow spoilage, with a subscription model for refills and storage tips, ensuring effective, sustainable food preservation.\n\nBy simplifying technical details, emphasizing unique features, and addressing implementation challenges, the draft offers a comprehensive view of how these products can integrate seamlessly into daily life and promote sustainable living."
2026-06-25T10:26:32.621289,all,idea_0,idea,Generate 5 novel product ideas that help reduce food waste at home.,1,1,"Critique Summary:\nThe draft proposes innovative product ideas aimed at reducing household food waste. However, improvements in clarity, originality, and completeness are needed. Presenting ideas in structured sections would enhance readability, while more examples of everyday usage could aid understanding. Originality is diluted by reliance on existing technologies; integrating lesser-known tech or unique twists could enhance novelty. The draft should also address user integration, considering diverse lifestyles, customizations, and sustainable production and disposal practices.\n\nRevised Product Overview:\nPresenting five products designed for effective home food waste reduction through clear, original, and comprehensive approaches:\n\n1. **FreshVision Lids**: Smart lids with sensors offer freshness tracking via an app, which alerts users about expiring items and provides recipe suggestions. Initial costs are offset by waste reduction benefits, with practical use exemplified by timely notifications to use near-spoiling items in meals like smoothies.\n\n2. **BioDigest Compost Hub**: This compact indoor system converts food scraps into liquid fertilizer, addressing space limitations and odor concerns. An app supports quality composting. Customizable sizes could enhance accessibility for different living spaces.\n\n3. **EveryMeal AI Assistant**: An app that manages inventory and meal planning, integrating with grocery accounts and suggesting meals based on expiring items. Privacy and data management are crucial for user trust and showcasing the app’s dual benefits of efficiency and waste reduction.\n\n4. **EcoFlex Edible Spray System**: This device extends produce freshness using a plant-based coating. Eco-friendly cartridges and subscription tips support sustainability. Cost and cartridge availability must be considered to ensure accessibility and user convenience through refill programs.\n\n5. **PrecisePortion Cooking Kit**: Smart utensils and a digital scale, coupled with an app, encourage precise portioning and waste-reducing meal preparation. It provides educational content on waste reduction to ease setup complexities, illustrating how measured cooking enhances nutrition and minimizes waste.\n\nThese concepts blend technology, sustainability, and user-friendly design to address home food waste effectively, promoting sustainable living by catering to diverse user needs."
2026-06-25T10:26:50.885397,all,idea_0,idea,Generate 5 novel product ideas that help reduce food waste at home.,1,2,"The revised draft presents five innovative product ideas designed to address food waste at home by integrating technology with sustainable practices. \n\n1. **Smart Freshness Lids:** These are fitted with sensors to monitor ethylene gas levels, signaling food spoilage via visible color changes and app alerts. The app offers recipe suggestions to use nearing-expiry foods, and the recyclable lids are designed for versatility in kitchen use.\n\n2. **Rapid Organic Breakdown Station:** A compact countertop composter converts food waste into compost in 48 hours using microbial technology, while minimizing odors with carbon filtration. An accompanying app provides gardening tips, supporting a sustainable waste reduction cycle with eco-friendly energy use.\n\n3. **Community Food Sharing App:** This platform connects individuals and charities for sharing excess food, employing geo-location and secure privacy settings. It collaborates with businesses that incentivize food donations, promoting community spirit while reducing waste and ensuring food safety.\n\n4. **Integrated Dehydrator and Sealer:** This appliance combines dehydration and vacuum sealing, optimized via a smart app for various foods, offering preservation and meal planning tips. Its compact, energy-efficient design minimizes environmental impact.\n\n5. **Customizable Eco-Wrap Printer:** Produces biodegradable wraps with natural preservatives, like beeswax, catering to diverse storage needs. A subscription model for consumables fosters ongoing use, encouraging eco-friendly food storage solutions.\n\nEach product enhances environmental awareness and community engagement, supporting sustainable consumption and waste reduction at home."
2026-06-25T10:27:07.209256,all,idea_0,idea,Generate 5 novel product ideas that help reduce food waste at home.,1,3,"The revised content highlights the importance of integrating technology and sustainable design to reduce household food waste effectively. It suggests restructuring product descriptions for better clarity, introducing each idea with its core function, and breaking down complex integrations into simpler segments. The critique points out a lack of originality, suggesting that novel applications of emerging technology could be more impactful. It also notes the absence of details like price points, target demographics, and market challenges, which are crucial for understanding a product’s market fit. The rewritten draft introduces five innovative products:\n\n1. **Freshness Buddy Sensor Strips:** These attach to food packaging, use wireless sensors to detect spoilage, and alert users through an app. They offer recipe suggestions and integrate with digital calendars for meal planning.\n   \n2. **Quick-Compost Bin:** A compact device that rapidly composts food waste within 48 hours, with app notifications for user convenience. It's eco-friendly and suitable for both urban and suburban settings.\n\n3. **AI Nutrition and Waste Manager:** This voice-activated device suggests meals based on ingredients, predicts waste, and facilitates donations to food banks, combining health improvement with waste reduction.\n\n4. **Bio-Coating Produce Sprayer:** It prolongs produce freshness with a biodegradable spray and provides usage insights and culinary tips via an app.\n\n5. **Dynamic Pantry Inventory System:** A smart shelving solution using sensors to track inventory and expiration dates, guiding optimal restocking and recipe suggestions.\n\nThese products focus on overcoming food waste management challenges and are tailored to support environmental sustainability in modern living."
2026-06-25T10:27:24.489506,all,idea_0,idea,Generate 5 novel product ideas that help reduce food waste at home.,1,4,"The revised draft presents five refined product ideas aimed at minimizing food waste through practical technology integration:\n\n1. **FreshSense Smart Bins**: These user-friendly storage solutions utilize sensors to monitor produce freshness and communicate details via a smartphone app. By recommending recipes using soon-to-expire items and adjusting storage conditions, FreshSense extends grocery longevity and supports effective meal planning.\n\n2. **GreenCycle Stackable Composter**: This efficient indoor composter uses bioactive layers and low-energy heat panels to convert scraps to compost in three days. It is odor-free and connects urban users to gardening communities for compost exchanges, recycling nutrients back into the earth.\n\n3. **FoodPrint Waste Optimizer**: An AI-powered app that integrates with digital grocery receipts and smart appliances. It provides personalized meal plans, tracks food waste trends, and fosters community discussions on creative leftover uses to encourage sustainable consumption.\n\n4. **Smart Preserver Wrap**: A biodegradable, antimicrobial food wrap that changes color to indicate freshness levels, prompting timely use. An interactive app offers suggestions to maximize food utility, adding an effective layer to waste reduction efforts.\n\n5. **EcoChef Smart Cooking Suite**: Featuring cookware embedded with sensors, this suite connects to a recipe platform for guided cooking. It ensures ingredient efficiency and promotes portion control, fostering mindfulness in meal preparation and reducing food waste.\n\nThese products, combining innovative technology and practical solutions, aim to transform kitchens into sustainable consumption arenas, addressing habits contributing to food waste while enhancing user engagement."
2026-06-25T10:27:38.958562,all,idea_0,idea,Generate 5 novel product ideas that help reduce food waste at home.,2,0,"The draft highlights five innovative product ideas focused on reducing food waste through technology and community integration. While detailed, the clarity and understanding of some concepts, like the ""BioPreserve Produce Conditioner,"" could be improved with more information about their functionality. Similarly, the relationship between components in products like ""FreshGuard Sensor Clips"" could be more cohesively explained. Originality is questioned for products like the ""EcoCycle Rapid Composter"" and ""NeighborShare Platform,"" which resemble existing solutions. Differentiating features, like the composter's ""advanced aerobic microbial technology,"" should be emphasized. The draft would benefit from discussing scalability, feasibility, and alignment with sustainability initiatives to enhance completeness.\n\nRevised products include:\n\n1. **FreshGuard Sensor Clips:** Clips with sensors monitor food conditions, integrate with an app for spoilage alerts, and provide recipe suggestions.\n   \n2. **EcoCycle Rapid Composter:** Compact, modern composter that converts waste to compost in 24 hours, promoting community compost sharing.\n\n3. **NeighborShare Platform:** App for exchanging surplus groceries and meals, enhancing community ties and reducing waste.\n\n4. **BioPreserve Produce Conditioner:** Plant extract spray with a smart dispenser to extend produce freshness, supported by a guiding app.\n\n5. **PortionMaster Cooking System:** A kitchen scale and app system for precise portioning and inventory-based recipe adjustments, promoting balanced consumption.\n\nThese ideas aim to integrate seamlessly into daily routines, encouraging environmentally responsible behavior through unique features and community engagement."
2026-06-25T10:27:56.393876,all,idea_0,idea,Generate 5 novel product ideas that help reduce food waste at home.,2,1,"The draft presents a collection of five innovative products designed to reduce household food waste by integrating technology with sustainable practices. However, the critique highlighted areas for improvement. Despite clear insights, the draft's reliance on technical jargon could alienate non-expert readers, necessitating more straightforward communication. While the ideas are promising, they lack distinctive features to truly stand out in the market. Enhancing originality and appeal with unique innovations could strengthen their competitiveness. Moreover, the draft's impact assessment is superficial, missing empirical data or hypothetical outcomes that could validate the effectiveness of these solutions in reducing food waste.\n\nThe product ideas include: \n1. **Preserve Pods** – Customizable storage containers with ethylene-absorbing sheets and an app for optimal consumption alerts.\n2. **Share Pantry App** – Connects communities for surplus food exchanges and incentivizes participation via a social ecosystem.\n3. **FreshAlert Herb Keeper** – Modern storage adjusting moisture for herbs, complete with freshness alerts and usage tips.\n4. **EcoGourmet Cooker** – An AI-driven appliance that offers meal planning from leftovers, promoting energy efficiency.\n5. **GreenGuard Coating Tool** – A device applying natural coatings to prolong produce freshness, accompanied by an educational app and subscription service.\n\nThe draft emphasizes sustainable, technology-driven solutions, aiming to foster consumer awareness and minimize food waste through pragmatic design and innovation."
2026-06-25T10:28:13.779896,all,idea_0,idea,Generate 5 novel product ideas that help reduce food waste at home.,2,2,"**Critique Summary:**\n\n1. **Clarity and Coherence**: The draft's descriptions are generally clear, but some technological terms need simpler explanations for a broader audience. The link between features and food waste reduction should be more explicit.\n\n2. **Originality**: While creative, the concepts need stronger differentiation from existing solutions. Highlighting improvements over current market offerings would enhance perceived uniqueness by showcasing novel aspects of each idea.\n\n3. **Completeness**: The draft lacks details on pricing, target audiences, and scalability, which could enhance understanding of practicality and market potential. Expanding on community integration, especially for the QuickCompost Revolution, would be beneficial.\n\n**Product Concepts Overview:**\n\nFive innovative product concepts designed to reduce home food waste through advanced technology and sustainable practices include:\n\n1. **SustainSeal Food Wraps**: Reusable, biodegradable wraps with freshness indicators that connect to an app for spoilage alerts, recipe ideas, and environmentally friendly storage.\n\n2. **QuickCompost Revolution**: A compact, quiet compost unit using a bioenzyme formula for quick composting in small spaces, with app support for composting tips and community garden connections.\n\n3. **Recipe Rethink AI Assistant**: An AI assistant for meal planning maximizes pantry use, alerts for expiring groceries, and optimizes food preparation through voice-activated suggestions and inventory tracking.\n\n4. **Precision Portion Pro**: A scale system with an app that provides portion feedback and leftover recipes to minimize waste and encourage efficient food use.\n\n5. **FreshLink App-Enabled Storage Containers**: Containers with humidity and gas sensors ensure ideal food storage, sending expiration alerts via an app with tips to extend freshness.\n\nThese concepts aim to integrate technology with user-focused design, promoting informed consumption and sustainable habits to help preserve the ecosystem."
2026-06-25T10:28:31.878481,all,idea_0,idea,Generate 5 novel product ideas that help reduce food waste at home.,2,3,"**Critique of the Draft:**\n\n1. **Clarity and Coherence:** Though ideas are communicated well, there's redundancy due to overlapping functions of the FreshTrack Smart Tags and ZeroWaste Pantry System in date monitoring. Clearly distinguishing each product's unique features can enhance coherence.\n\n2. **Originality:** Some ideas, like the compost accelerator and portion size monitoring, mirror existing concepts. To improve originality, consider integrating innovative technologies that distinctly differentiate these products from current solutions.\n\n3. **Completeness:** Product descriptions lack details on user interaction and benefits. Including examples of user scenarios or explaining how each product supports broader sustainability efforts can make the descriptions more compelling and complete.\n\n**Rewritten Draft:**\n\nPresenting five innovative products aimed at significantly reducing home food waste by blending technology with eco-friendly practices:\n\n1. **SmartFresh Tracker Bands**: These NFC-enabled, reusable bands wrap around food packages to monitor freshness and predict the optimal time for consumption, working with an app that suggests recipes using nearing expiration items.\n\n2. **Urban Compost Dynamo**: An appliance that uses thermophilic composting to convert food scraps into briquettes for indoor or community use, making composting effortless for urban users with limited space.\n\n3. **Intelligent Pantry Network**: This AI-powered system tracks pantry stock in real-time, predicting consumption patterns and optimizing grocery lists to streamline pantry management with virtual assistants.\n\n4. **LifeExtender Spray Kit**: Featuring biodegradable sprays to prolong produce shelf-life, this kit offers AI-driven storage advice based on local conditions to reduce spoilage.\n\n5. **PortionWise Culinary Platform**: A smart cutting board that not only measures portions but also provides nutrient intake feedback and optimizes leftovers for future meals, promoting sustainable cooking habits.\n\nThese products seamlessly integrate into daily life, fostering sustainable living while reducing food waste. By adopting these innovations, households can make meaningful contributions to sustainability efforts."
2026-06-25T10:28:43.575630,all,idea_0,idea,Generate 5 novel product ideas that help reduce food waste at home.,2,4,"The draft introduces five innovative products designed to combat food waste through technology, sustainability, and community solutions. Key concepts include:\n\n1. **Fridge Guardian System**: Utilizes AI sensors and cameras to track fridge contents, providing storage tips, freshness alerts, and recipe ideas for items nearing expiration, thus reducing spoilage.\n   \n2. **Urban FarmBox**: A vertical garden ideal for small spaces, combined with an app that offers recipes and preservation techniques for homegrown herbs and vegetables, enhancing their utility.\n   \n3. **SmartMeal Station**: A comprehensive digital kitchen assistant that creates meal plans based on available ingredients, minimizing waste by assisting in preparation and portioning.\n\n4. **SustainSeal Interactive Wraps**: Sensor-equipped, eco-friendly wraps alert users to spoiling items, prompting timely use and reducing waste.\n\n5. **CommuPantry Connect**: An app fostering local food sharing and community engagement, incentivized by a rewards system, helping to redistribute surplus food.\n\nThese products collectively create a holistic solution by integrating technology and community involvement, promoting sustainable food management and waste reduction in homes. Adding clearer descriptions and highlighting unique features could enhance their originality and market distinction."
2026-06-25T10:29:02.217876,all,idea_0,idea,Generate 5 novel product ideas that help reduce food waste at home.,3,0,"### Draft Critique Summary\n\n**Clarity and Coherence**: The draft could improve by simplifying sentences to enhance understanding, with focused explanations on each product's unique selling points.\n\n**Originality**: The products are innovative but need distinct features. Integrating unconventional approaches or cutting-edge technologies could increase their originality and market appeal.\n\n**Completeness**: More examples and statistics on food waste would underscore the proposed products' necessity. Details on product implementation stages could also enhance viability.\n\n### Revised Draft\n\nIntroducing five novel, practical product ideas aimed at reducing home food waste, each blending clarity, originality, and sustainability:\n\n1. **ShelfLife Smart Lids**: Fit standard containers and use freshness sensors linked to an app for timely spoilage alerts and personalized recipes, aiding waste reduction.\n\n2. **EcoChop Modular Board**: Features compartments and measurement indicators to promote scrap reuse and composting, with an app suggesting recipes using leftovers.\n\n3. **HerbaGuard Kit**: Maintains herb freshness with a humidity-controlled chamber and solar misting, supplemented by a digital guide for extended shelf life.\n\n4. **PantryPilot AI System**: Uses sensors and RFID to manage pantry stocks, optimizing shopping lists to reduce spoilage via direct integration with online retailers.\n\n5. **FamilyHearth Network**: A digital platform encouraging the exchange of expiring groceries among neighbors, using a rewards system and community recipes to minimize waste.\n\n**Enhanced Features and Benefits**:\n\n- **Innovation**: Unique systems like PantryPilot's organizing and HerbaGuard's preservation stand out with cutting-edge tech.\n- **Usability**: Designed for easy integration into home routines.\n- **Sustainability**: Promote mindful consumption and community efforts toward global sustainability goals.\n\nThese products empower households to decrease food waste sustainably, reinforcing eco-friendly habits and community collaboration."
2026-06-25T10:29:20.659176,all,idea_0,idea,Generate 5 novel product ideas that help reduce food waste at home.,3,1,"The revised draft presents five innovative products aimed at reducing household food waste by integrating technology, promoting sustainability, and enhancing community involvement. Each idea balances originality with practicality:\n\n1. **EcoSnap Freshness Clips**: Reusable clips equipped with Bluetooth sensors detect food spoilage through gas emission and temperature. Paired with an app, they provide alerts and recipe suggestions to encourage timely food use.\n\n2. **CompostMate Bioreactor Unit**: A home bioreactor transforms food waste into compost quickly using bioenzymes. It connects to a community exchange for sharing surplus compost, fostering a local circular waste economy.\n\n3. **PantrySense AI Organizer**: Utilizes RFID and AI to manage pantry items, track consumption, and provide optimized shopping and meal plans, helping reduce forgotten items and minimize waste.\n\n4. **GreenGlow Food Life-Extender Lamp**: A fridge lamp emitting UV light slows fruit and vegetable ripening. Controlled via an app, it customizes settings to preserve produce longer, maintaining nutritional value.\n\n5. **ShareFare Community Platform**: An app for local food exchange, incentivizing sharing through rewards and partnering with nonprofits to distribute excess food, thus tightening community bonds and reducing waste.\n\nThese ideas are designed for convenience and sustainability, offering practical solutions that can significantly cut household food waste by integrating into daily routines seamlessly."
2026-06-25T10:29:34.455791,all,idea_0,idea,Generate 5 novel product ideas that help reduce food waste at home.,3,2,"The draft presents five innovative product ideas aimed at reducing food waste through technology, sustainability, and community involvement. However, clarity can be improved by defining broad terms like ""smart sensors."" The uniqueness of each product could be enhanced by incorporating distinct unique selling propositions or novel technological features. Furthermore, the draft lacks depth in discussing environmental impacts and specific user scenarios—details like food waste reduction estimates or community exchange processes could enrich the narrative. \n\nThe rewritten draft outlines:\n\n1. **FoodSense Shelf Liner**: Uses embedded sensors to detect spoilage gases and offers app-based alerts and recipes to maximize grocery freshness.\n\n2. **EcoBloom Modular Planter**: Utilizes hydroponics and an app for growing fresh produce, promoting self-sufficiency and reducing reliance on store-bought items.\n\n3. **SmartPrep Multi-Tool**: Features weighing sensors and an app for portion control and meal ideas, encouraging mindful eating and minimizing waste.\n\n4. **ZeroWaste Family Hub**: Integrates with smart homes for inventory tracking and meal suggestions, with a community surplus sharing function to reduce collective waste.\n\n5. **CompostSync Container**: A kitchen compost bin using microbial systems for rapid decomposition, linked to an app for local compost donations and community engagement.\n\nThese products seamlessly integrate with daily home routines, supporting food preservation, consumption efficiency, and local sustainability initiatives for a more environmentally conscious lifestyle."
2026-06-25T10:29:51.098722,all,idea_0,idea,Generate 5 novel product ideas that help reduce food waste at home.,3,3,"The draft providing strategies to reduce food waste at home can be enhanced in clarity, originality, and completeness. Technical jargon in product descriptions should be simplified to increase accessibility. Highlighting unique features can better distinguish these products from existing market solutions. Furthermore, expanding details on aspects like the SmartCompost Hub's urban integration and the HarvestHub Virtual Cookbook's community features would improve comprehensiveness.\n\nProposed solutions leverage technology and community involvement to encourage sustainable home practices:\n\n1. **EcoFresh Capsule System**: Utilizes biodegradable capsules to absorb spoilage gases, extending the life of produce, while an app reminds users of food freshness.\n\n2. **HarvestHub Virtual Cookbook**: Connects local users to share ingredients and discover recipes, promoting waste reduction and community bonding through shared cooking events.\n\n3. **SmartCompost Hub**: Compact and AI-driven, it optimizes urban composting by identifying compostable waste and enhancing nutrient retention, complemented by an indoor planter kit.\n\n4. **PortionPal Adaptive Scale**: Integrates with recipe platforms to adjust quantities and suggest efficient ingredient use, encouraging healthy eating and reduced waste.\n\n5. **PreserveTech Films**: Biodegradable films that prevent spoilage with natural antimicrobials, supported by an app for optimal produce storage advice.\n\nThese products collectively target waste reduction, smart meal planning, and community engagement, offering households a sustainable way to enhance their culinary experiences and environmental impact."
2026-06-25T10:30:03.927573,all,idea_0,idea,Generate 5 novel product ideas that help reduce food waste at home.,3,4,"The revised draft presents five innovative concepts aimed at reducing food waste through technology, sustainability, and community engagement. The ideas include FridgeGuardian AI, an intelligent fridge assistant that monitors food freshness; HerbHaven Shelf, a vertical indoor garden for herbs and vegetables; EcoFresh Wrap, biodegradable wraps with freshness sensors; NeighborNet Food Exchange, a platform for sharing surplus food within the community; and PortionPerfect Pro, a tool for portion control and meal planning. To enhance impact, the draft could benefit from more concise descriptions and a focus on unique features distinguishing these ideas from existing solutions, as well as specific examples and technologies to support feasibility."
2026-06-25T10:30:19.426101,all,idea_0,idea,Generate 5 novel product ideas that help reduce food waste at home.,4,0,"The revised draft outlines five innovative product ideas to combat food waste at home by leveraging advanced technology, sustainability, and community engagement. The ""FreshGuard Sensor Strips"" use gas sensors synced with a mobile app to alert users about expiring food and offer personalized recipes using near-expiry ingredients. The ""HomeHarvest Vertical Kit"" promotes urban gardening with a modular hydroponic system and a smart app that optimizes growth conditions and educates users on sustainability. The ""SmartCompost Hub"" accelerates decomposition through adaptive microbial processing, is odor-free, and connects to an app for tracking waste reduction and facilitating compost exchange within communities. ""EcoSnap Portion Control Clips"" seal packages and measure serving sizes, with an app offering AI-driven nutrition plans to minimize leftovers. Lastly, the ""CommunityTable App"" focuses on local food sharing, using rewards to incentivize participation and partnerships with businesses for promotions. These products aim to integrate seamlessly into daily routines, encouraging sustainable practices and reducing food waste collectively."
2026-06-25T10:30:34.921222,all,idea_0,idea,Generate 5 novel product ideas that help reduce food waste at home.,4,1,"The revised draft outlines five innovative product ideas aimed at reducing household food waste through technology, practicality, and sustainability. \n\n1. **FreshGuard Sensor Clips**: These clips detect spoilage gases in the refrigerator and connect to an app that provides real-time alerts, use-up recipes, and preservation tips, promoting timely consumption to reduce spoilage.\n\n2. **Culinary Compost Compactor**: Designed for urbanites, this compactor uses heat and enzymes to quickly turn kitchen scraps into compost, encouraging sustainability. It features an app for sharing surplus compost with local gardens.\n\n3. **SmartPantry RFID System**: This system uses RFID tags to track pantry items’ expiration and inventory. Accompanied by an app, it offers recipe suggestions, shopping lists, and expiration alerts, integrating seamlessly with smart home systems for efficient management.\n\n4. **VeggieVive UV Preserver**: A UV-C light accessory for the refrigerator, VeggieVive slows ripening and prolongs produce life. Its app customizes light exposure based on produce type to retain nutritional value and prevent spoilage.\n\n5. **CommunityCuisine Network**: An online platform encouraging local food exchanges, promoting food security, and minimizing waste. It partners with nonprofits and rewards user participation, fostering community through shared meals and workshops.\n\nThese products not only address food waste but also promote sustainable living and community involvement, contributing to global conservation and mindful consumption."
2026-06-25T10:30:52.053949,all,idea_0,idea,Generate 5 novel product ideas that help reduce food waste at home.,4,2,"The revised draft introduces five innovative products aimed at reducing food waste at home, with enhanced clarity, originality, and completeness. The **FridgeGuardian AI Assistant** uses machine learning to detect spoilage gases and provides recipe suggestions, integrating augmented reality to visualize produce freshness. The **HerbHaven Vertical Garden** employs hydroponic technology for indoor gardening, offering customization and engagement through virtual workshops. **EcoFresh Interactive Wraps** are biodegradable with sensors indicating spoilage, accompanied by an app for waste reduction tracking. The **NeighborNet Food Exchange Platform** connects community members for food exchanges, fostering communal ties through shared inventories and cook-offs. Finally, the **PortionPerfect Digital Scale and Planner** combines AI for customized portion and meal planning with a social feature for sharing waste-reducing recipes. These solutions leverage technology and community collaboration to seamlessly fit into daily routines, focusing on sustainable living and efficient food management."
2026-06-25T10:31:05.659613,all,idea_0,idea,Generate 5 novel product ideas that help reduce food waste at home.,4,3,"The critique emphasizes the need for better clarity in describing how each product reduces waste, particularly in explaining technical terms like ""integrated atmosphere control system"" and ""microbial technology"" for a general audience. It also notes that while the products appear innovative, their novelty isn't distinct from existing solutions, and suggests detailing the practical implementation of each feature for completeness.\n\nThe revised draft presents five innovative solutions to tackle food waste at home: \n\n1. **FreshGuard Adaptive Containers** employ smart sensors to adjust internal gases to prolong freshness, with a user-friendly app for alerts and recipe ideas to minimize spoilage.\n   \n2. **WasteWise Digital Companion** uses AI and image recognition for cataloging and suggesting storage and recipes, effectively maximizing food use.\n\n3. **GrowSmart Home Greenhouse** offers an automated hydroponic system adjusted for plant needs that connects users to a community for sharing surplus produce.\n\n4. **SavorSync Meal Planner** tailors meal plans based on ingredient availability, reducing waste and fostering community support through food sharing.\n\n5. **EcoLoop Compost Booster** accelerates composting with microbial technology, encouraging community-driven compost exchange and donation.\n\nThese products integrate modern technology and community engagement to promote sustainable home living through reduced food waste."
2026-06-25T10:31:20.062100,all,idea_0,idea,Generate 5 novel product ideas that help reduce food waste at home.,4,4,"The revised draft introduces five innovative product ideas aimed at reducing food waste through technology, sustainability, and community involvement. The **FreshGuard Smart Seal System** uses freshness sensors and a smartphone app to monitor and suggest uses for food nearing expiration, extending shelf life with air-purifying technology. The **HerbalGlow Vertical Garden** combines hydroponics and LED lighting for at-home gardening, with an app for optimizing growth and providing recipes, promoting self-sufficiency and waste reduction. The **SmartPantry Organizer** uses RFID and AI to manage inventories and give shopping and meal-planning tips, minimizing waste with expiration alerts. The **BioWrap Freshness Film**, made from biodegradable materials, uses natural antimicrobials and color-shifting indicators to extend produce life, with an app for effective storage guidance. Lastly, the **CommunityBasket Food Exchange Platform** fosters neighborhood exchanges of surplus food, encourages community events, and offers a digital cookbook, all aiming to encourage local sustainability. These solutions are designed to seamlessly integrate into daily life, promoting environmentally conscious living and contributing to a sustainable future."
2026-06-25T10:24:49.216783,all,idea_3,idea,Generate 5 ideas for playful urban installations using light and sound.,0,0,"The revised draft proposes innovative urban installations that blend light and sound to transform public spaces, enhancing community engagement and cultural interaction. \n\n1. **Interactive Light Maze**: A temporary maze with motion-activated LED lights and sounds that shift in response to visitor movements, creating unique and communal experiences.\n\n2. **Musical Light Fountain**: An existing fountain enhanced with synchronized LED lights and music, featuring diverse genres, live performances by local artists, and automatic adjustments based on crowd dynamics.\n\n3. **Sonorous Street Carpets**: Pressure-sensitive carpets on pedestrian streets that produce musical notes and rhythms through LEDs, updated regularly for engagement and thematic relevance.\n\n4. **Harmonious Light Poles**: Street lamps equipped with sensors and speakers to play harmonious sounds and adjust lighting based on pedestrian activity, customizable through an app.\n\n5. **Illuminated Tree Symphonies**: Trees transformed into orchestras with projections and sensors, creating symphonies influenced by environmental changes and reflecting local culture and wildlife.\n\nThese installations aim to revitalize urban areas by fostering communal interaction and incorporating local cultural elements."
2026-06-25T10:25:09.765579,all,idea_3,idea,Generate 5 ideas for playful urban installations using light and sound.,0,1,"The revised draft effectively transforms public spaces into interactive and engaging environments with five innovative urban installations that integrate light and sound. Each concept aims to captivate city dwellers by encouraging playful interaction and community engagement.\n\n1. **Interactive Light Canopy**: A suspended LED canopy that changes colors and patterns based on sound and movement, prompting spontaneous dancing beneath its dynamic lights and sound-triggering interactions for a playful urban concert.\n\n2. **Musical Staircase**: City stairs turned into musical keys with pressure-sensitive steps and illuminated notes, allowing pedestrians to choreograph melodies and choose soundscapes for a tuneful commute.\n\n3. **Sonic Light Garden**: Illuminated, plant-shaped sculptures respond to visitors' gestures with light patterns and organic sounds, inviting users to orchestrate personal audio-visual symphonies with added natural sound layers.\n\n4. **Sonic Benches**: Interactive benches that light up and emit soothing sounds influenced by user proximity and biometrics, fostering social interactions through unique harmonies and musical loops linked to physical presence.\n\n5. **Light and Sound Tunnel**: A pedestrian tunnel with reflective materials and dynamic audio-visual setups that react to users' movements, offering a personalized, immersive musical experience through spatial audio technology.\n\nThese installations not only enhance urban aesthetics but also promote deeper community participation and connection through their technological feasibility and interactive potential."
2026-06-25T10:25:28.715628,all,idea_3,idea,Generate 5 ideas for playful urban installations using light and sound.,0,2,"The draft's critique highlights three areas for improvement: clarity, originality, and completeness. The content should introduce each concept with a straightforward explanation of its interaction mechanics to improve clarity. Originality can be enhanced by incorporating unique features to distinguish the installations from existing concepts. Additionally, practical considerations such as maintenance and location should be briefly addressed for completeness.\n\nThe rewritten draft proposes five urban installations that merge light and sound to enliven city spaces:\n\n1. **Interactive Sound-and-Light Pathway:** A pedestrian path featuring pressure-sensitive tiles that produce music and lights with each step, turning a walk into an interactive performance for all ages.\n\n2. **Harmony Tree Haven:** Artificial trees equipped with wind chimes and light sensors create evolving melodies and light displays, offering a tranquil urban retreat.\n\n3. **Resonant Light Bubbles:** Transparent spheres in public squares react to touch with dynamic lights and sounds, fostering community interaction and spontaneous gatherings.\n\n4. **City Resonance Orchestra:** Interactive instruments across the city enable participants to create a musical light symphony, promoting communal artistic expression.\n\n5. **Living Wallscapes:** Motion-sensor-activated projections on urban surfaces allow individuals to ""paint"" walls with light and sound, transforming spaces into collaborative art canvases.\n\nThese ideas blend technology with artistic engagement, enhancing city aesthetics, encouraging community bonding, and considering maintenance and optimal urban locations."
2026-06-25T10:25:50.041976,all,idea_3,idea,Generate 5 ideas for playful urban installations using light and sound.,0,3,"The draft offers a structured and clear presentation of innovative urban installation ideas centered around light and sound, though certain sections are dense and technical. Simplifying these could enhance accessibility. While concepts like interactive fountains and dynamic bridges are creative, their commonality suggests potential for heightened originality, perhaps by incorporating unique cultural or historical elements. Furthermore, the draft would benefit from discussing practical challenges such as energy use and maintenance to provide a more rounded perspective on implementation.\n\n**Urban Installation Ideas:**\n\n1. **Enchanted Light Grove**: An urban park becomes an enchanted grove, with LED-lit trees and motion-triggered sound effects creating personalized experiences.\n\n2. **Harmonious Light Maze**: An interactive maze responds to touch with varying light and sound, allowing users to create spontaneous melodies as they navigate.\n\n3. **Interactive Fountain Symphony**: An urban fountain becomes a stage for light and sound displays controlled by users, promoting local art and dynamic experiences.\n\n4. **Melodic Streetlight Pathway**: Streetlights turn into musical instruments that respond to pedestrian motion, fostering playful interactions and community bonding.\n\n5. **Soundwave Illumination Bridge**: A pedestrian bridge comes alive with movement-activated lights and sounds, transforming daily commutes into engaging experiences.\n\nThese installations aim to transform urban spaces into interactive playgrounds, enhance community connections, and incorporate considerations for sustainability and adaptability."
2026-06-25T10:26:09.334885,all,idea_3,idea,Generate 5 ideas for playful urban installations using light and sound.,0,4,"The revised draft proposes playful urban installations using light and sound to rejuvenate public spaces and encourage community engagement. Key ideas include:\n\n1. **Sonic Light Pathways:** Motion sensors on paths activate dynamic lights and ambient sounds, turning commutes into interactive experiences.\n2. **Musical Light Trees:** Touch-sensitive, tree-like structures play melodies and light patterns, fostering collaborative creativity.\n3. **Clockwork Plaza:** A square functions as a timepiece with illuminated segments and soundscapes, promoting communal storytelling.\n4. **Whispering Corners:** Hidden speakers and LEDs in urban spots trigger when approached, offering whispered stories and gentle illumination.\n5. **Urban Beat Box:** Pressure-sensitive tiles create light and sound through movement, encouraging dance and rhythmic collaboration.\n\nThese installations aim to transform public spaces into inclusive venues for artistic interaction, stimulating community connection and creativity. The critique suggests simplifying technical details, enhancing originality with futuristic technologies, and providing context or challenges for a comprehensive understanding."
2026-06-25T10:26:24.340403,all,idea_3,idea,Generate 5 ideas for playful urban installations using light and sound.,1,0,"The revised draft proposes five innovative urban installations aimed at enhancing public spaces through light and sound interactions while fostering community engagement. Each concept is explained with clarity and practicality:\n\n1. **Choreographed Pendulum Plaza:** A city square featuring swaying pendulums emits light and harmonious musical notes as pedestrians interact, encouraging communal movement and spontaneous performances.\n\n2. **Soundwave Seating:** Benches equipped with sensors and LEDs that transform ambient noises into colorful light displays, allowing people to see and interact with their environment’s rhythm.\n\n3. **Symphony Park Nexus:** Park tiles that respond to physical movement with various notes and lights, enabling individuals or groups to create spontaneous musical compositions.\n\n4. **Resonating Light Archways:** Motion-responsive archways on pathways that play sounds from diverse cultures, allowing users to experience a multicultural auditory journey.\n\n5. **Celestial Mural Projection:** Building facades displaying celestial visuals triggered by city sounds, encouraging community gatherings and spotlighting urban soundtracks.\n\nEach concept emphasizes aesthetic and interactive urban potential while prioritizing sustainability, energy efficiency, and accessibility, enhancing urban environments long-term."
2026-06-25T10:26:36.177601,all,idea_3,idea,Generate 5 ideas for playful urban installations using light and sound.,1,1,"The revitalized urban installation concepts creatively integrate light and sound to transform public spaces into dynamic, interactive experiences that engage and connect communities. Each installation emphasizes community interaction, cultural relevance, and sustainable implementation:\n\n1. **Luminous Soundwalk:** This interactive walkway features pressure-sensitive tiles that respond to users' rhythms, offering varying light and sound patterns to create an immersive musical journey. It invites all ages to engage through spontaneous performances across differently themed sections.\n\n2. **Soundscape Grove:** Tree-like structures with touch-sensitive LEDs and sound systems simulate a natural orchestra, allowing visitors to craft tranquil environments resonating with local cultural soundscapes. This fusion of urban life and nature invites relaxation and creativity.\n\n3. **Resonant Orb Plaza:** Clusters of touch-responsive orbs in a bustling plaza light up and produce synchronized soundscapes, encouraging communal performances and cultural expression. Their design reflects local artistic stories, fostering shared playful interactions.\n\n4. **Interactive Wall Symphony:** Urban walls equipped with responsive technology allow passersby to create illuminated murals with soundtracks. This ever-evolving communal art piece highlights local cultural tales and events, promoting artistic expression through sound and light.\n\n5. **Chiming Bridge of Light:** This scenic bridge utilizes motion sensors to trigger light sequences and chimes, narrating a journey aligned with the city’s cultural vibrancy. Constructed with sustainable energy and local materials, it serves as both a pathway and cultural landmark.\n\nThese installations aim to enhance urban areas by fostering creativity and unity while addressing sustainability and cultural relevance, ensuring a meaningful impact on the communities they inhabit."
2026-06-25T10:26:53.902867,all,idea_3,idea,Generate 5 ideas for playful urban installations using light and sound.,1,2,"**Revised Urban Installation Concept:**\n\nThe project involves creating dynamic urban installations that harmoniously integrate light and sound to rejuvenate city spaces, encourage community engagement, and provide captivating artistic experiences. These installations should blend aesthetic appeal with cultural relevance, leveraging advanced technologies while ensuring sustainability and inclusivity.\n\n1. **Radiant Resonance Park:** This installation transforms a park into an enchanting, sensory nighttime experience. Visitors interact with sensor-equipped musical light sculptures that emit synchronized sound and light patterns, adapting to crowd movements to create a unique symphony with each visit.\n\n2. **Light Echo Lanes:** Motion-activated LED panels and ambient sound systems line sidewalks and bike paths. As people move, lights trail their path while echoing local musical sounds and cultural narratives, offering a personalized, story-driven experience that highlights community history.\n\n3. **Sonic Glade Atrium:** Vertical light-emitting columns in a busy plaza respond to environmental cues like footsteps and conversations. These columns, playing globally-inspired instruments, create a dynamic soundtrack that embodies urban life, synchronizing the city's rhythm with visual flair.\n\n4. **The Listening Facade:** A building facade becomes an interactive canvas through programmable LED lights and speakers. Via an app or kiosks, locals can craft and display light and sound shows, turning the facade into a narrative mural that celebrates community stories and cultural heritage.\n\n5. **Interactive Soundwave Bridge:** Crossing this pedestrian bridge triggers illuminated sound arcs, narrating local tales and traditional music. Augmented reality visuals enhance the journey, merging cityscape views with immersive cultural experiences.\n\nThese installations are designed with a focus on sustainability and accessibility, aiming to integrate smoothly into urban environments. They not only invigorate city spaces but also foster cultural expression and community participation, making them essential cultural assets that enrich urban life."
2026-06-25T10:27:11.890664,all,idea_3,idea,Generate 5 ideas for playful urban installations using light and sound.,1,3,"The draft for urban installations integrating light and sound aims to revitalize public spaces by promoting community engagement and creativity. It proposes five innovative concepts:\n\n1. **Luminous Community Canvas**: A wall transformed into a digital art piece using motion sensors and AI, allowing passersby to create evolving murals with light and sound stories based on local culture.\n\n2. **Whispering Light Archway**: An archway with adaptive LEDs and audio that presents historical anecdotes and narratives influenced by weather or time, providing a unique experience for each visitor.\n\n3. **Resonant Urban Stage**: Interconnected platforms in a square that respond to movement with sound and light, serving both as a stage for performers and a participatory installation for the public.\n\n4. **Garden Symphony of Lights**: An interactive park experience where movements activate nature-inspired sounds and illuminated paths, encouraging relaxation and a connection with nature.\n\n5. **Harmonic Light Constellations**: Interactive poles in a plaza mimic constellations, enhanced by augmented reality, allowing exploration of celestial histories while creating harmonic light and sound.\n\nThese installations focus on blending art with technology while addressing inclusivity, accessibility, and sustainability. They aim to provide cultural and educational insights by adapting to various urban settings with minimal ecological impact."
2026-06-25T10:27:28.335882,all,idea_3,idea,Generate 5 ideas for playful urban installations using light and sound.,1,4,"**Critique of the Draft:**\n\n1. **Clarity and Coherence**: The draft needs more detailed explanations for elements like ""spontaneous symphony"" in Luminary Soundwave Alley and ""harmonized tunes"" in Echo Grove to better convey the intended experiences.\n\n2. **Originality**: While an interesting light and sound blend is noted, incorporating more innovative technology or unique interactivity could set these ideas apart from other urban installations. Adding unconventional elements could enhance originality.\n\n3. **Completeness**: Sustainability and cultural themes are introduced but not fully integrated into each concept. Explicitly incorporating these aspects would create a more comprehensive vision.\n\n**Rewritten Draft:**\n\nThis proposal outlines five imaginative urban installations designed to enliven public spaces through a blend of light and sound, fostering community engagement while emphasizing sustainability and cultural resonance.\n\n1. **Luminary Soundwave Alley**: Interactive panels respond to movement, creating colored light waves and a ""spontaneous symphony"" of sounds that change with pace, highlighting often-overlooked urban thoroughfares.\n\n2. **Echo Grove**: In this urban park installation, illuminated ""trees"" with touch sensors produce themed melodies and color shifts, allowing visitors to create their own musical light shows and deepen their connection with nature.\n\n3. **Vibrant Harmony Bridge**: This pedestrian bridge features sensors and LED strips that light up with footfalls, playing musical beats that evolve with the crowd, turning it into a vibrant community stage for dance and movement.\n\n4. **Sonic Reflection Pool**: A shallow pool in a busy plaza uses submerged LED lights and speakers to respond to water movements, creating orchestrated light shows and tranquil soundscapes for both play and observation.\n\n5. **Interactive Wall Murals**: Motion-sensor-triggered projections and audio narratives turn wall murals into dynamic canvases reflecting local cultural stories, inviting the community to engage with their surroundings as storytellers.\n\nThese installations aim to transform public spaces by facilitating playful interactions with light and sound, promoting environmental responsibility through sustainable materials and structure reuse. They draw inspiration from cultural heritage, resonating deeply with local communities to celebrate collective identity and sustainability."
2026-06-25T10:27:43.679477,all,idea_3,idea,Generate 5 ideas for playful urban installations using light and sound.,2,0,"The critique highlights areas for improvement in clarity, originality, and completeness of a draft proposal for urban installations. It suggests more succinct and engaging descriptions, proposes the integration of emerging technologies for originality, and emphasizes the need to address feasibility and implementation challenges such as budget and maintenance in the proposal.\n\nThe revised draft, titled ""Transforming Urban Spaces with Interactive Light and Sound Installations,"" presents five innovative concepts to enhance public spaces through interactive light and sound experiences, focusing on sustainability, cultural resonance, and community engagement:\n\n1. **Symphonic Pathway**: A walkway with sensors playing music and illuminating the path to create communal musical experiences in busy areas.\n2. **Harmonious Garden Lanterns**: Multisensory lanterns in parks offering soundscapes and light displays reflecting cultural themes and nature.\n3. **Resonant Arched Tunnel**: An immersive transit space using sound and light to narrate local history and educate travelers.\n4. **Interactive Kaleidoscope Plaza**: A plaza with mirrored structures and speakers creating visual and auditory interactions reflecting city life.\n5. **Cultural Resonance Wall**: A dynamic mural transforming with motion sensors and community-contributed stories, enriching local culture.\n\nThe proposal emphasizes innovative use of technology and eco-friendly materials, suggesting collaborations with local artists and exploring funding opportunities to ensure seamless community integration and enhanced urban aesthetics."
2026-06-25T10:28:01.978040,all,idea_3,idea,Generate 5 ideas for playful urban installations using light and sound.,2,1,"The revised draft presents a visionary approach to urban installations that blend light and sound to rejuvenate and enliven public spaces through sustainable and inclusive design. Five unique concepts are proposed:\n\n1. **Harmonic Light Wells**: These installations transform overlooked urban alcoves with motion-activated lighting and ambient sounds, creating inviting and exploratory retreats from neglected spaces.\n\n2. **Interactive Echo Sphere**: Located in parks and plazas, these structures invite vocal interaction, responding with color changes and musical echoes to encourage spontaneous community expression.\n\n3. **Sonic Footprint Pathways**: These pathways use pressure-sensitive sensors and LED strips to turn ordinary walks into personalized musical experiences, encouraging playful engagement with urban routes.\n\n4. **Celestial Sound Gardens**: Situated in peaceful areas, these gardens use vertical light rods and sound emitters to interpret environmental stimuli, offering a tranquil fusion of nature and technology.\n\n5. **Choreographic Light Courtyard**: An open courtyard setup where visitors' movements trigger synchronised light and sound sequences, fostering community activity and artistic self-expression.\n\nThese installations emphasize community interaction and cultural diversity, using renewable materials and energy-efficient tech to enhance urban spaces with a focus on sustainability and cultural vibrancy."
2026-06-25T10:28:16.028119,all,idea_3,idea,Generate 5 ideas for playful urban installations using light and sound.,2,2,"The revised draft outlines five innovative urban installations designed to rejuvenate public spaces through interactive light and sound experiences. These installations aim to enhance community involvement, cultural richness, and sustainability. \n\n1. **Colorful Echo Pathway**: Features pressure-sensitive tiles that light up and play musical notes when stepped on, encouraging spontaneous community interaction through sound and color in public parks or city plazas.\n\n2. **Light & Sound Harmony Canopy**: Suspended luminescent orbs and sound emitters over busy plazas respond to pedestrian activity and ambient sounds, creating a dynamic, shared urban experience.\n\n3. **Interactive Sound Garden**: Combines botanical sculptures with smart lights and speakers in botanical parks, allowing visitors to engage with nature and technology to create customized light and sound experiences.\n\n4. **Neon Musical Maze**: A labyrinth of glowing LED corridors and soundscapes, situated in urban festivals or cultural districts, offering an evolving sensory journey that encourages exploration and community interaction.\n\n5. **Resonant Storytelling Bench**: Equipped with sensors and audio systems, these park benches narrate local stories when used, providing a cultural pause point for city dwellers.\n\nThese installations, using solar-powered technologies and sustainable materials, transform urban areas into vibrant cultural landmarks, fostering social connections and celebrating local identity."
2026-06-25T10:28:28.623202,all,idea_3,idea,Generate 5 ideas for playful urban installations using light and sound.,2,3,"The draft transforms urban areas into interactive spaces using light and sound to enhance community interaction, celebrate cultural heritage, and promote sustainability. Each concept is designed with solar-powered lighting and recycled materials to maintain environmental integrity. The **Dancing Light Canopy** uses responsive LED panels that engage pedestrians by displaying local festival rhythms. The **Whispered History Pathway** features light poles relaying local history and legends in soft tones. **Sonic Bloom Garden** transforms sound into vibrant light displays, encouraging social gatherings. The **Melodic Bridge Path** employs pressure-sensitive tiles to create a symphony that reflects local music traditions. Lastly, the **Engaging Storywall Platform** offers a digital canvas for dynamic visuals and soundscapes by local artists. Enhancing clarity and originality, suggestions include streamlining descriptions and incorporating innovative technologies such as augmented reality for uniqueness and improved user experience."
2026-06-25T10:28:45.776549,all,idea_3,idea,Generate 5 ideas for playful urban installations using light and sound.,2,4,"The proposed urban installations blend light and sound to transform public spaces into interactive, vibrant environments that promote community engagement, cultural connection, and sustainability. The projects include:\n\n1. **Kinetic Harmony Walkway**: Features pressure-sensitive tiles that light up with LEDs and emit ambient sounds based on users' footsteps, fostering an immersive urban experience.\n2. **Aurora Canopy Plaza**: Suspended LED panels simulate the aurora borealis above an open plaza, with dynamic patterns driven by motion, weather, and soundscapes. A gaming twist allows groups to create light patterns through synchronized movement.\n3. **Sonic Bloom Gardens**: Hosts light-sensitive ""flowers"" that respond with light and chimes to natural light changes and visitors, blending visual and auditory art in urban gardens.\n4. **Story Bridge of Resonance**: LED-lit cables and embedded speakers on a bridge respond to movement by telling the city's history through music and stories, co-created with local historians and artists.\n5. **Cityscape Symphony Facade**: A building facade becomes a community canvas through programmable lights and a sound system. Residents submit designs and sounds digitally, creating a constantly evolving public artwork.\n\nThese installations prioritize sustainability through solar panels and eco-friendly materials and ensure inclusivity by engaging local talent and diverse community voices in the design process."
2026-06-25T10:28:57.814735,all,idea_3,idea,Generate 5 ideas for playful urban installations using light and sound.,3,0,"The revised proposal outlines a series of immersive installations aimed at rejuvenating urban spaces through the integration of light and sound to enhance community engagement, celebrate cultural diversity, and promote eco-friendly practices. \n\n1. **Melody Walkway** transforms city paths into interactive musical experiences using pressure-sensitive tiles with LEDs and sound modules, allowing pedestrians to create personalized melodies and fostering spontaneous community interaction.\n\n2. **Interactive Sound Canopy** features a ceiling of LED globes and hidden speakers in plazas, responding to movement and city noise to create dynamic light and sound experiences that capture the city's vibrant pulse.\n\n3. **Dreamscape Lantern Corridor** offers a serene journey with fantastical lanterns that emit peaceful music and light, inspired by local myths, encouraging introspection and turning pathways into narrative sculptures.\n\n4. **Neon Sound Maze** invites exploration within a glowing LED labyrinth, each turn revealing unique auditory landscapes to stimulate curiosity and interaction, ideal for cultural districts.\n\n5. **Resonant Heritage Wall** is a motion-activated mural that displays local narratives through sound and visuals, celebrating cultural essence and collective storytelling in an interactive format.\n\nEach installation is designed with sustainability in mind, utilizing solar power and repurposed materials, and incorporates local artist input for cultural authenticity. These installations aim to beautify urban spaces while strengthening community bonds."
2026-06-25T10:29:16.606855,all,idea_3,idea,Generate 5 ideas for playful urban installations using light and sound.,3,1,"The critique suggests enhancing the draft's clarity by providing more detailed descriptions of how installations function and ensuring originality by adding unique elements. For completeness, it's advised to deepen the focus on sustainability and community engagement. \n\n### Revised Proposal\n\nThe proposal outlines five innovative installations designed to transform urban spaces into vibrant, engaging environments through light and sound, emphasizing community interaction, cultural connectivity, and sustainability.\n\n1. **Luminous Symphony Streetdance**: Located at a busy urban junction, this setup invites passersby to join spontaneous street dance performances on pressure-sensitive tiles that trigger multicolored lights and soundscapes. Weekly themes will draw from global dance cultures like Flamenco and Hip-Hop, fostering cultural inclusivity.\n\n2. **Interactive Harmony Bridge**: This pedestrian bridge features LED panels and sound systems that let visitors create harmonies and visual displays through movement. A companion app allows users to choose or upload community-sourced music, promoting collaborative creativity.\n\n3. **Whispering Wind Gardens**: Set in urban parks, these installations use wind-activated chimes with LEDs and sound systems. The result is ambient light and melodies that blend natural and technological elements, supported by QR-coded stories that enhance ecological appreciation.\n\n4. **Resonant Community Mural**: A digital mural responds to nearby motion via sensors, altering visuals and playing community-contributed stories and music. Workshops will involve the public in creating content, embedding their narratives into urban life.\n\n5. **Skyline Echo Chamber**: This installation above city rooftops mirrors weather patterns with harmonious light displays by day and gentle sound at night, connecting urban life with nature's rhythm.\n\nAll installations will use renewable energy and eco-friendly materials and will be developed in partnership with local artists and technologists to ensure cultural and social resonance in the community."
2026-06-25T10:29:32.927976,all,idea_3,idea,Generate 5 ideas for playful urban installations using light and sound.,3,2,"The proposed urban installations seek to transform public spaces into dynamic, interactive environments through the fusion of light and sound. Each concept is designed to enhance community engagement, promote cultural enrichment, and support environmental sustainability by using advanced technology:\n\n1. **Symphony Walkway**: A pathway lined with pressure-sensitive panels that produce sound and light with each step, inspired by the city's musical heritage. It transforms pedestrians into part of an orchestra, fostering community interaction through spontaneous music-making.\n\n2. **Celestial Canopy**: An overhead LED display in plazas simulates the aurora, using motion and environmental sensors to adapt lighting patterns, creating a unique visual experience influenced by the city's daily rhythms.\n\n3. **Sonic Blossom Park**: Kinetic flower sculptures in a garden that respond to sound, producing ambient chimes and integrating with urban and natural landscapes, offering serene reflection amid urban bustle.\n\n4. **Interactive Echo Tunnel**: A passageway equipped with lights and soundscapes that respond to movement, telling local cultural narratives and offering a new story with each journey, celebrating community lore.\n\n5. **Melodic Mosaic Mural**: A large mural with programmable LEDs and speakers displaying community stories. Residents contribute audio and visual content through a digital platform, evolving the mural into a dynamic reflection of community ethos.\n\nThese installations employ solar power and sustainable materials to minimize environmental impact. By engaging local artists and tech innovators, they reinforce community identity and transform urban spaces into vibrant cultural hubs."
2026-06-25T10:29:48.992403,all,idea_3,idea,Generate 5 ideas for playful urban installations using light and sound.,3,3,"The revised proposal for urban installations intricately blends technology, community engagement, and sustainability to revitalize public spaces with light and sound. By prioritizing innovation and inclusivity, these concepts aim to create vibrant urban environments that encourage interaction, reflect cultural diversity, and promote environmental awareness.\n\n1. **Interactive Rhythm Bridge**: This bridge features motion sensors linked to LED lights and sound modules, responding dynamically to footsteps with engaging displays of color and rhythm, thereby mirroring urban life and energizing pedestrian movement.\n\n2. **Choral Light Towers**: Central plaza towers equipped with environmental sensors transform natural and human sounds into dynamic LED light displays. Visitors can clap or speak to influence this vibrant interplay, celebrating urban soundscapes' organic harmony.\n\n3. **Luminous Maze of Cultures**: Set in multicultural areas, this interactive maze features touch-responsive, glowing walls that offer light shows and sound clips representing cultural stories and music, fostering an appreciation for the city's diverse cultural landscape.\n\n4. **Sonic Urban Garden Pods**: Located in city parks, these pods integrate hydroponic gardens with changing light and soundscapes that react to environmental shifts, encouraging mindfulness and relaxation in synergy with nature.\n\n5. **Resonant Street Murals**: Interactive murals with embedded sensors and speakers animate with narratives or music when touched, weaving storytelling into street art and enhancing community connections to local culture and history.\n\nSustainability underpins each installation, utilizing solar energy and recycled materials where possible. Community workshops enable local involvement in the creative process, ensuring the projects authentically reflect the community's spirit and fostering a sense of ownership and pride in shared spaces."
2026-06-25T10:30:04.946642,all,idea_3,idea,Generate 5 ideas for playful urban installations using light and sound.,3,4,"The revised draft proposes transforming urban spaces through five innovative light and sound installations, emphasizing originality, feasibility, and community inclusivity to enhance cultural interaction and sustainability:\n\n1. **Rhythmic Echo Walk**: This interactive pathway uses pressure-sensitive tiles that light up and generate musical notes based on local sounds. Featuring augmented reality to visualize sound waves, it enlivens city parks, encouraging playful engagement.\n\n2. **Luminous Story Garden**: This park installation tells local myths and histories through illuminated checkpoints powered by solar energy. Utilizing community-authored narratives and recyclable materials, it highlights environmental consciousness alongside cultural enrichment.\n\n3. **Interactive Sonic Water Showcase**: Integrating waterplay with dynamic lights and sounds, this fountain-side display adapts its playlists seasonally with input from local schools, fostering continuous community connection and engagement.\n\n4. **Virtual Reality Light Symphony Dome**: This dome in a public square offers a VR art experience where participants ""paint"" with light. Featuring synchronized audiovisuals, it ensures cost-effectiveness through accessible technology and local art projects.\n\n5. **Cultural Resonance Road**: Transforming walkways with motion-sensored projections of cultural motifs, this project captures foot traffic dynamics to display local heritage visually and sonically.\n\nAll proposals prioritize sustainability through solar energy and eco-friendly materials, aiming to deepen residents' connections with their communities and foster an enduring cultural legacy."
2026-06-25T10:30:24.241733,all,idea_3,idea,Generate 5 ideas for playful urban installations using light and sound.,4,0,"The critique of the draft highlights three main points: Firstly, while the ideas are innovative, their descriptions could be more concise and better organized to enhance clarity. Introducing each concept with a brief overview before providing details would improve readability. Secondly, elements such as light-activated paths and sound-responsive installations, while interesting, are not entirely novel; emphasizing unique aspects to differentiate them is advisable. Lastly, the draft mentions community engagement but lacks specifics; detailing strategies for local participation would make the proposal more robust.\n\nRevised Proposal Summary: \n\nThe proposal details five urban installations designed to transform public spaces into interactive art experiences using light and sound, thereby fostering community interaction and celebrating cultural heritage with a focus on sustainability. The installations include:\n\n1. **Symphony Stepway**: A musical walkway where pedestrians' footsteps trigger melodies based on regional cultural sounds, encouraging public participation and interaction with the urban soundscape.\n\n2. **Celestial Harmony Dome**: An immersive aurora borealis simulation with LED lights and sound that adapts to weather and visitor interactions, promoting a connection to nature.\n\n3. **Interactive Chime Canopy**: Kinetic sculptures at intersections that react to environmental sounds with music and lights, promoting reflection on urban life's harmony.\n\n4. **Vibrant Lore Corridor**: A motion-activated narrative pathway that shares snippets of local culture and history through lights and audio, celebrating community diversity.\n\n5. **Garden of Light and Sound**: Solar-powered park installations that respond to visitors with gentle lighting and natural sounds, offering a space for mindfulness.\n\nEach project prioritizes sustainability and community involvement, using solar energy and recyclable materials. Workshops with local artists and residents will ensure these installations reflect their cultural and environmental contexts, transforming urban areas into engaging and empowering community spaces."
2026-06-25T10:30:46.261583,all,idea_3,idea,Generate 5 ideas for playful urban installations using light and sound.,4,1,"The revised proposal for urban installations envisions transforming public spaces into hubs of cultural interaction and sustainability through inventive uses of light and sound. Each installation is designed to foster community involvement and ecological responsibility, all while celebrating local heritage and creativity:\n\n1. **Symphonic Footsteps Boulevard**: This installation uses pressure-sensitive tiles in pedestrian areas to create harmonious notes and LED visuals, turning everyday commutes into a collective musical experience inspired by the city's musical tradition.\n\n2. **Aurora Canopy**: Mimicking the aurora borealis, this LED canopy over public squares reacts to city sounds and movements, offering a dynamic light display that encourages participation and reflects urban life.\n\n3. **Sonic Reflection Garden**: Located in urban parks, kinetic sculptures resembling oversized flowers respond to ambient sounds with soothing chimes and pulsating lights, providing peaceful spaces that connect city life to nature.\n\n4. **Narrative Echo Tunnel**: This immersive tunnel uses motion-activated soundscapes and light-sensitive surfaces to narrate local folklore and cultural tales, creating an experiential link between community stories and city history.\n\n5. **Cultural Chorus Towers**: Distributed across the city, these structures transform ambient sounds into dynamic light displays, thanks to collaborative input from residents and artists, enhancing a vibrant urban dialogue.\n\nPowered by renewable energy and constructed with recyclable materials, the installations emphasize sustainability while fostering a sense of community identity and diversity. Inspired by successful models in cities like Copenhagen and Tokyo, these projects aim to redefine urban spaces as sites of cultural expression and unity, encouraging environmental consciousness and renewed urban interaction."
2026-06-25T10:31:04.088498,all,idea_3,idea,Generate 5 ideas for playful urban installations using light and sound.,4,2,"The proposal outlines a plan to transform urban spaces with interactive light and sound installations, encouraging community interaction, celebrating cultural diversity, and promoting sustainability. Each installation incorporates unique features to enhance originality:\n\n1. **Harmonic Strollway**: Sidewalks are transformed into musical pathways using kinetic energy tiles, allowing pedestrians to create sound and visual effects with each step, promoting a shared musical experience.\n\n2. **Kaleidoscope Spine**: A dynamic lighted pathway in parks uses motion-sensor LED nodes made from recycled materials, offering visitors an interactive experience that educates them on biodiversity.\n\n3. **Aurora Sound Cloud**: An overhead plaza canopy uses light panels and speakers to turn urban noise into music and light, fostering community dialogue in busy areas.\n\n4. **Echo Garden Conversations**: Urban gardens feature sound-responsive, light-up spheres that convert conversations into harmonious tunes, promoting sustainability and environmental mindfulness.\n\n5. **Digital Tradition Wall**: A touch-sensitive mural blends light, sound, and local art, sharing community stories and cultural heritage through interactive projections and soundscapes.\n\nEach installation is powered by solar energy and built with recycled materials, developed in collaboration with local artists and technologists. Community workshops will ensure resident engagement and ownership of these revitalized urban spaces."
2026-06-25T10:31:18.590232,all,idea_3,idea,Generate 5 ideas for playful urban installations using light and sound.,4,3,"The revised proposal outlines urban installations that enhance community interaction and reflect cultural diversity through innovative use of light and sound. Key areas for improvement include simplifying complex language for clarity, introducing unique elements for originality, and detailing interactive community engagement for completeness. Each installation incorporates sustainability by using solar energy and recycled materials and involves local artists to ensure cultural relevance. Residents participate in co-creating content via workshops and digital platforms, promoting a sense of community ownership. The proposed installations include:\n\n1. **Echo Melody Pavement**: Interactive tiles in pedestrian pathways emit music and colored lights with each step, encouraging public musical expression.\n\n2. **Harmonious Bridge of Lights**: A pedestrian bridge featuring reactive LEDs and sound, with community-curated monthly themes highlighting local artistic talent.\n\n3. **Sonic Art Gardens**: Urban park sculptures that respond to noise and interaction with lights and melodies, blending natural and cultural elements.\n\n4. **Illuminated Cultural Vortex**: Dynamic light columns in a plaza that respond to proximity and sound, offering audio narratives to celebrate urban diversity.\n\n5. **Resonant Skyline Soundscape**: Rooftop installations synchronizing with weather and urban sounds, inviting reflection on the connection to nature and city life.\n\nThese installations aim to foster lasting connections between people and their environments, transforming public spaces into interactive, reflective hubs."
2026-06-25T10:31:39.107057,all,idea_3,idea,Generate 5 ideas for playful urban installations using light and sound.,4,4,"The draft proposes five innovative urban installations harnessing light and sound to transform public spaces into interactive environments: \n\n1. **Harmony Footbridge**: A pedestrian bridge with pressure-sensitive panels that trigger a symphony of colors and sounds, integrated with an app allowing users to compose personal melodies.\n\n2. **Ethereal Canopy**: An installation mimicking aurora-like visuals suspended over plazas, responsive to urban motion and sound, creating a sense of wonder and connectivity.\n\n3. **Resonant Flora Corridor**: Sculptural plants in parks emitting music and light upon interaction, blending nature with technology and providing educational insights through QR codes.\n\n4. **Interactive Myth Maze**: A maze utilizing touch-sensitive LEDs and audio to narrate folklore, inviting cultural exploration and appreciation.\n\n5. **Sonic Reflections Plaza**: Towers in a square transform voices into light displays, promoting artistic interaction and celebrating urban acoustics.\n\nSustainability is woven throughout with eco-friendly materials and technologies like solar panels. Collaborating with local artists and tech developers, these installations aim to enhance community engagement, celebrate culture, and foster a dialogue between nature and technology. However, the draft could improve coherence by more seamlessly integrating sustainability practices with the installation descriptions and developing their cultural adaptability. There's potential to increase originality by exploring underrepresented sensory experiences and novel technologies."
2026-06-25T10:24:50.276875,all,idea_1,idea,Generate 5 new interaction concepts for supporting remote teamwork.,0,0,"The critique of the draft highlights crucial areas for enhancement in clarity, originality, and completeness. Clarity could be improved with specific examples, such as detailing how virtual reality environments handle tasks differently from existing platforms. Originality needs bolstering, especially for concepts like ""AI-driven Meeting Facilitator"" and ""Interactive Task Hubs,"" by incorporating unique features or technologies. Although the draft is organized, smoother transitions would improve coherence. Notably, the concept of ""Asynchronous Social Interaction Spaces"" requires innovation beyond virtual lounges, potentially integrating AI-facilitated introductions or well-being app connections. The draft would benefit from a detailed exploration of potential challenges and solutions, such as technological access issues or user resistance.\n\nThe revised draft proposes five interaction concepts for remote teamwork enhancement:\n\n1. **Virtual Reality Collaboration Rooms:** Team members work as avatars in immersive VR settings with features like spatial audio and 3D whiteboards, encouraging creativity and social bonding.\n\n2. **AI-driven Meeting Facilitator:** An AI assistant enhances meetings by creating AI-driven agendas, analyzing emotional tones, and ensuring balance, fitting diverse teams and time zones.\n\n3. **Interactive Task Hubs:** Gamify project management with instant updates, milestone notifications, and leaderboards, fostering motivation and team engagement.\n\n4. **Cross-team Skill Exchange Platform:** A platform where employees can easily exchange skills and offer workshops, enhancing cross-functional learning with machine learning recommendations.\n\n5. **Asynchronous Social Interaction Spaces:** Virtual lounges enable flexible social engagement, using AI-curated content and gamified interactions to maintain team cohesion across varying schedules.\n\nThese concepts aim to bolster productivity, efficiency, and team connections in remote settings by leveraging advanced technologies and dynamic team dynamics. To implement successfully, teams should address potential technology access barriers and user resistance proactively."
2026-06-25T10:25:10.286751,all,idea_1,idea,Generate 5 new interaction concepts for supporting remote teamwork.,0,1,"The draft provides innovative concepts for enhancing team collaboration, featuring a range of tools:\n\n1. **Virtual Collaboration Hubs with AI Facilitation** offer an immersive digital office space with AI tools that enhance productivity by managing meetings, summarizing discussions, and providing smart scheduling and synthesis suggestions. Privacy and complexity of AI tasks present challenges.\n\n2. **Dynamic Task Canvas** is a visual task management platform with adaptive algorithms to balance workloads and anticipate bottlenecks. It is notable for real-time adaptability and interactive visuals, making it suitable for tech startups and creative agencies.\n\n3. **Sentiment-Driven Feedback Loops** utilize natural language processing to monitor team morale through visual sentiment analytics and proactive interventions. While fostering a responsive environment, privacy issues may arise.\n\n4. **Skill Share & Mentorship Networks** enable peer learning by matching team members for mentorship and skill exchanges, ideal for corporate and educational settings to promote professional growth.\n\n5. **Interactive Time Zone Allocator** facilitates scheduling for global teams, providing visualization of overlapping work hours and regional events. It is particularly beneficial for multinational organizations and remote teams.\n\nEach concept is creative, though some overlap with existing tools; emphasizing unique aspects and addressing potential challenges, like privacy, can enhance their distinctiveness and viability."
2026-06-25T10:25:27.745437,all,idea_1,idea,Generate 5 new interaction concepts for supporting remote teamwork.,0,2,"The revised draft offers innovative concepts for enhancing remote teamwork through the use of cutting-edge technology and human-centric design. It proposes immersive virtual workspaces with AI-driven personalization to replicate physical office environments while optimizing settings for each user. Holographic meetings aim to improve engagement by projecting team members into shared spaces for lifelike interaction. Emotion-sensitive communication interfaces will use AI to assess real-time emotional cues, aiding in team empathy and minimizing misunderstandings. A continuous learning platform integrates professional growth into daily work with AI-curated learning paths and gamified experiences. Lastly, a global time zone collaboration hub is proposed to facilitate asynchronous work across time zones, using tools like a ""time overlap calculator"" and video messaging boards. These concepts focus on improving communication clarity, emotional understanding, and collaboration, addressing current remote work challenges and unlocking new possibilities through technology."
2026-06-25T10:25:49.314276,all,idea_1,idea,Generate 5 new interaction concepts for supporting remote teamwork.,0,3,"The revised draft seeks to enhance remote teamwork through five innovative concepts by addressing communication challenges, improving collaboration, and maintaining team synergy. \n\n1. **Virtual Reality (VR) Collaboration Suite:** This versatile platform allows teams across various sectors to create personalized virtual offices, facilitating meetings and project collaborations with adjustable environments and industry-specific tool integrations. It promotes sustainability by reducing commuting.\n\n2. **AI-Driven Meeting Insight Engine:** This tool enhances virtual meetings with real-time transcription, multilingual translation, and sentiment analysis to provide strategic insights and proactive issue management. It seamlessly integrates with productivity software, improving meeting effectiveness.\n\n3. **Global Team Synchronization Platform:** Designed for scheduling global team interactions, it offers visual timeline comparisons, smart alerts for asynchronous work, and productivity tools, ensuring effective collaboration across time zones without disrupting personal schedules.\n\n4. **Interactive Watercooler Ecosystem:** This digital zone replicates spontaneous exchanges, fostering team closeness through AI-suggested breaks, interest forums, and reward systems, promoting participation and community building.\n\n5. **Virtual Team Retreat Experience:** Simulating in-person retreats, this platform focuses on team building and professional growth through scenario-based workshops, role-playing, and expert sessions, encouraging skill development and strategic thinking.\n\nThese concepts aim to create an inclusive and dynamic remote work environment by reimagining team interactions and leveraging new technologies for improved productivity and cohesiveness."
2026-06-25T10:26:06.947301,all,idea_1,idea,Generate 5 new interaction concepts for supporting remote teamwork.,0,4,"The revised draft presents five innovative interaction concepts to enhance remote teamwork by addressing challenges such as communication, collaboration, engagement, and efficiency. Each concept offers unique features and benefits, potentially transforming remote work dynamics.\n\n1. **Layered Virtual Workspaces**: These customizable environments house integrated tools, providing visual status indicators and dual-functionality whiteboards to facilitate both real-time and asynchronous collaboration. This setup encourages spontaneous idea exchange and supports flexible work hours.\n\n2. **Emotion-Driven Team Dynamics**: This tool, linked with communication platforms, gauges team emotions and motivation via anonymous surveys and AI analysis. It offers dynamic mood boards to improve team morale and productivity by enabling early stress detection and fostering open dialogue.\n\n3. **Immersive Team Environments with AR**: Augmented reality creates engaging spaces for discussions and brainstorming with realistic 3D avatars and interactive models, bridging the gap between remote and in-person interactions, thereby boosting creativity.\n\n4. **Comprehensive Learning and Sharing Ecosystem**: A centralized platform encourages continuous learning through user-generated content and game-like engagement, linking with learning management systems to enhance skills and bridge knowledge gaps across teams.\n\n5. **Adaptive Meetings with Real-Time Feedback**: This meeting tool leverages AI to optimize agendas with pre-meeting suggestions and in-meeting feedback loops, enhancing engagement and clarity through visual decision tracking.\n\nOverall, these concepts aim to create a collaborative remote work environment similar to co-located teams. Addressing potential implementation challenges and tailoring the tools to specific team needs could further enhance their effectiveness."
2026-06-25T10:26:21.040760,all,idea_1,idea,Generate 5 new interaction concepts for supporting remote teamwork.,1,0,"The revised draft introduces five innovative solutions to enhance remote teamwork through advanced technologies and human-centered design principles. Key concepts include:\n\n1. **HoloPresence Collaboration Rooms:** Utilizing holographic technology, these spaces allow lifelike 3D interactions to boost creativity and spontaneity while maintaining a sense of physical presence missing from virtual settings.\n\n2. **AI-Enhanced Emotional Analytics:** A tool for real-time sentiment analysis, monitoring team dynamics and well-being, fostering empathy, and preempting conflicts by suggesting stress mitigation strategies.\n\n3. **Virtual Time Capsule for Project Milestones:** An interactive record-keeping feature for tracking project progress, celebrating achievements, and maintaining continuity, aiding onboarding and historical understanding.\n\n4. **Global Time Zone Harmony Hub:** A scheduling platform that simplifies cross-time-zone meetings by emphasizing overlapping hours and providing cultural and holiday insights for harmonious global collaboration.\n\n5. **Gamified Team Building and Learning Platform:** This merges skill development with gamification, promoting professional growth and team bonding through challenges, leaderboards, and rewards.\n\nThese concepts aim to improve remote work by tackling existing challenges and leveraging technology to create a cohesive environment. Successful implementation will require addressing technological, privacy, and adaptability concerns, ultimately reshaping remote teamwork dynamics."
2026-06-25T10:26:34.653868,all,idea_1,idea,Generate 5 new interaction concepts for supporting remote teamwork.,1,1,"**Critique and Revised Draft Summary:**\n\nThe draft successfully introduces five innovative concepts designed to enhance remote teamwork through advanced technologies and human-centered design principles. However, there are areas for improvement:\n\n1. **Clarity and Coherence**: While the draft effectively explains each concept, it could be more concise, especially in detailing how each solution specifically tackles common remote work challenges. Simplifying the language and focusing on distinct challenges would increase coherence.\n\n2. **Originality**: Some ideas, such as gamification and virtual reality, are not entirely new. The draft should emphasize how these are novel or significantly improved upon existing solutions, underscoring unique elements or combinations.\n\n3. **Completeness**: The draft lacks practical examples or case studies to demonstrate the application and impact of these concepts. Including real-world scenarios would enhance their feasibility and effectiveness perception.\n\nThe proposed concepts are:\n\n1. **Mixed Reality Collaboration Pods**: Combining AR and VR to create immersive meeting spaces with life-like avatars for enhanced brainstorming and project reviews.\n\n2. **AI-Enhanced Emotional Intelligence Interface**: Using AI to interpret communication cues, providing emotional intelligence feedback to improve team dynamics.\n\n3. **Project Gamification Ecosystem**: Turning project management into an engaging activity with gamified elements, personalized by AI to boost engagement and prevent burnout.\n\n4. **Virtual Team-Building Sanctuary**: A digital space for relaxation and bonding, integrating wellness apps and biometric feedback to improve team well-being and creativity.\n\n5. **Adaptive Asynchronous Workflows Platform**: Offering flexible work patterns for global teams, with AI-driven task prioritization and summarization tools for effective communication across time zones.\n\nThese concepts aim to transform remote teamwork by focusing on accessibility, privacy, and enhanced productivity, supported by potential case studies showing increased teamwork efficacy."
2026-06-25T10:26:48.276946,all,idea_1,idea,Generate 5 new interaction concepts for supporting remote teamwork.,1,2,"The revised draft presents five innovative solutions designed to enhance remote teamwork through advanced technology, focusing on collaboration, communication, and team dynamics. \n\n1. **AI-Powered Contextual Collaboration Assistant**: Employing advanced natural language processing, this assistant proactively suggests resources and contacts during meetings and learns from interactions to improve efficiency.\n\n2. **Holographic Collaboration Pods**: These pods offer immersive virtual meeting environments with life-sized holograms, enabling enhanced non-verbal communication and dynamic brainstorming without bulky equipment.\n\n3. **Dynamic Emotional Wellness Dashboard**: Combining sentiment analysis and wearables, this dashboard offers real-time insights into team morale and individual well-being, promoting a supportive work culture.\n\n4. **Gamified Cross-Cultural Collaboration Platform**: Designed for diverse teams, it features cultural exchange missions and language challenges, fostering inclusivity and global awareness through its reward system.\n\n5. **Time-Optimized Project Management Suite**: This suite optimizes schedules using AI, aligning work with personal productivity cycles across time zones, and emphasizes user feedback for continuous refinement.\n\nThe concepts identify potential implementation challenges, such as feasibility and cost, and outline future steps including user testing and considerations for privacy and accessibility to ensure ethical adoption."
2026-06-25T10:27:08.154267,all,idea_1,idea,Generate 5 new interaction concepts for supporting remote teamwork.,1,3,"The critique of the initial draft highlights areas for improvement in clarity, originality, and completeness when discussing advanced technologies like augmented reality (AR) and artificial intelligence (AI) for remote teamwork. Readers unfamiliar with these technologies might struggle due to lacking explanations and concrete examples. The concepts presented, while innovative, don't significantly differentiate from existing solutions, lacking unique elements or unexpected applications. Additionally, the absence of practical examples and consideration of potential deployment obstacles diminishes the draft's thoroughness.\n\nThe rewritten draft introduces five sophisticated interaction concepts aimed at revolutionizing remote teamwork. It outlines each idea's integration of advanced technologies with human behavior insights to form a robust remote work ecosystem:\n\n1. **Augmented Reality Meeting Facilitator:** This tool uses AR to transform workspaces by visualizing documents as 3D objects during meetings, like inspecting a 3D prototype in a product design session to reduce misunderstandings.\n\n2. **AI-Enhanced Cultural Exchange Platform:** It connects teams through AI-curated activities, such as virtual cooking and history tours, fostering cultural understanding and strengthening international team bonds.\n\n3. **Emotion-Responsive Communication Interface:** By assessing verbal and non-verbal cues, this AI-driven interface suggests empathetic responses to improve emotional intelligence and harmony within teams, demonstrated by a 30% reduction in miscommunications.\n\n4. **Customizable Digital Twin Workspace:** This platform uses IoT to recreate optimal working conditions tailored to personal preferences, offering wellness tips to enhance productivity and mental health.\n\n5. **Asynchronous Collaboration Hub with Time Scenario Mapping:** It visualizes team availability across time zones to optimize collaboration schedules, enhancing interaction without requiring synchronous meetings.\n\nThese concepts address technical efficiency and human connection needs, anticipating challenges like integration complexity and data security to ensure high usability and acceptance in transforming remote teamwork dynamics."
2026-06-25T10:27:23.995306,all,idea_1,idea,Generate 5 new interaction concepts for supporting remote teamwork.,1,4,"**Critique of the Draft:**\n\n1. **Clarity and Coherence:**\n   - The draft is mostly clear, but sections like ""Unique Features"" and ""Benefits"" lack specific examples that illustrate their practicality, particularly in the ""Emotion-Aware Communication Interfaces.""\n\n2. **Originality:**\n   - Some ideas, like VR co-working spaces and AI-enhanced platforms, aren't entirely new. To stand out, emphasize their distinct advantages due to new technology or methodologies.\n\n3. **Completeness:**\n   - Concepts like the ""Holistic Skill Exchange and Development Hub"" need more integration details with existing tools. It's crucial to address potential challenges like privacy in emotion-aware tools or tech requirements for VR.\n\n**Rewritten Draft:**\n\nHere are five innovative interaction concepts designed to revolutionize remote teamwork through cutting-edge technology:\n\n1. **Next-Gen Virtual Reality (VR) Collaboration Ecosystems**: These advanced VR environments mimic physical offices with features like spatial audio for natural communication and real-time co-editing of 3D models, enhancing team engagement by replicating in-person nuances.\n\n2. **AI-Augmented Asynchronous Consensus System**: This AI-powered system synthesizes inputs across time zones, using tools like decision maps and consensus impact predictions to streamline decision-making, accommodating diverse schedules without traditional meetings.\n\n3. **Emotion-Intuitive Communication Interfaces**: Platforms that gauge team emotions to improve interaction quality, featuring live sentiment evaluation and AI empathy prompts, enhancing emotional connectivity and minimizing conflicts.\n\n4. **Comprehensive Skill Exchange and Growth Network**: A platform combining mentorship with AI-curated development pathways, promoting cross-discipline expertise sharing through features like AI-driven mentorship pairings and gamified skill mastery.\n\n5. **Adaptive Global Scheduling AI**: Advances scheduling by navigating time zones and cultural variances, offering intelligent overlap detection and asynchronous alternatives to respect individual preferences and reduce scheduling friction.\n\nThese concepts aim to make remote work more interactive and innovative, though addressing challenges like technology access and user learning curves is key for their success."
2026-06-25T10:27:37.643962,all,idea_1,idea,Generate 5 new interaction concepts for supporting remote teamwork.,2,0,"The critique highlights deficiencies in the draft around clarity, originality, and completeness. The draft's descriptions are bogged down with technical specifics, detracting from the main ideas which should start with concise, clear statements of primary functions. Originality suffers due to a lack of differentiation from existing solutions, particularly in areas like immersive virtual meetings and AI tools, which have familiar counterparts. Moreover, the draft lacks crucial implementation details and practical user scenarios, essential for illustrating real-world applications.\n\nThe rewrite introduces five remote teamwork interaction concepts leveraging new technologies: \n\n1. **Immersive Virtual Meeting Sphere**: Utilizes VR/AR for engaging meetings in 3D environments to enhance interactivity beyond standard video calls.\n\n2. **Intelligent AI Collaboration Assistant**: Enhances productivity through context-aware interventions, like suggesting relevant information to maintain focus and facilitate seamless transitions from ideas to implementation.\n\n3. **Real-Time Emotional Insight Generator**: Uses sentiment analysis to improve communication by offering feedback and suggestions, prioritizing user privacy through anonymization and voluntary use.\n\n4. **Cultural Awareness and Learning Hub**: Integrates cultural insights and virtual activities into workflows to foster inclusivity and empathy in global teams.\n\n5. **AI-Powered Asynchronous Workflow Optimizer**: Tailors task alignment to peak productivity times across time zones, optimizing asynchronous collaboration without constant synchronous meetings.\n\nSuccessful implementation requires focusing on user-centric design, tool compatibility, rigorous testing, and ensuring privacy and accessibility. These concepts aim to tackle common remote work challenges like communication issues, cultural misunderstandings, and time zone difficulties."
2026-06-25T10:27:50.172277,all,idea_1,idea,Generate 5 new interaction concepts for supporting remote teamwork.,2,1,"The critique of the draft highlights areas for improvement, focusing on clarity, originality, and completeness. The draft effectively outlines concepts but suffers from dense explanations and technical jargon, risking reader alienation. While ideas incorporate AI, AR, and VR, they aren't perceived as groundbreaking. To enhance originality, emphasizing unique features or innovative applications is suggested. Additionally, the draft briefly addresses challenges like privacy but needs deeper exploration to present a balanced view.\n\nThe rewritten draft introduces five innovative concepts for remote teamwork, integrating advanced technology with a human-centric approach:\n\n1. **AI-Driven Personal Context Assistant**: This tool improves productivity by learning user habits, organizing tasks, and offering language translations to streamline workflows.\n\n2. **Immersive Collaborative Simulations**: Using AR/VR for virtual environments, it enables global interaction with 3D models, especially beneficial in architecture and engineering.\n\n3. **Real-Time Emotion Recognition Dashboard**: By analyzing sentiment through wearables, it provides insights on team morale, helping managers prevent burnout and encourage wellness.\n\n4. **Cultural Intelligence Exchange Program**: This program enhances global team cohesion through virtual cultural experiences and interactive language challenges.\n\n5. **Dynamic Time Zone Coordination Tool**: An AI-powered tool that facilitates cross-time-zone meetings by respecting cultural and holiday differences to enhance scheduling flexibility.\n\nThese concepts are designed to improve remote work by addressing challenges like privacy and inclusivity, blending advanced tech with empathetic strategies for effective and inclusive teamwork."
2026-06-25T10:28:05.080690,all,idea_1,idea,Generate 5 new interaction concepts for supporting remote teamwork.,2,2,"The revised draft outlines five innovative interaction concepts aimed at augmenting remote teamwork through advanced technology and user-centric solutions. Each concept is designed to tackle key remote work challenges, such as communication obstacles, time zone coordination, and team engagement. The concepts include:\n\n1. **Immersive Mixed Reality Workspaces**: Combines augmented and virtual reality for a tangible remote collaboration experience, offering features like customizable avatars and interactive virtual whiteboards.\n\n2. **AI-Driven Sentiment and Engagement Analyzer**: Utilizes emotive analytics to provide real-time insights into team dynamics, enhancing morale and emotional intelligence.\n\n3. **Cross-Time Zone Harmony Hub**: An intelligent scheduling platform that accounts for global time zones and local holidays, ensuring inclusivity and efficient meeting planning.\n\n4. **AI-Enhanced Virtual Innovation Lab**: Merges AI-guided mentorship with VR for global collaboration on complex tasks, aligning team skills and fostering innovation.\n\n5. **Dynamic Team Performance Insight Dashboard**: Offers real-time analytics on team communication and productivity to identify misalignments and promote growth.\n\nThe critique highlights the need for greater clarity and more concrete examples to convey the uniqueness and feasibility of these concepts. Future developments should address privacy concerns, equitable access, and ease of use to enhance the applicability and user experience."
2026-06-25T10:28:20.705533,all,idea_1,idea,Generate 5 new interaction concepts for supporting remote teamwork.,2,3,"The original draft presents innovative concepts for enhancing remote collaboration but lacks clear explanations and differentiation from existing technologies. Notably, terms like ""Immersive Workspace Simulation Platform"" and ""Emotion-Aware Communication Enhancer"" require more detail for greater clarity. Moreover, the ""AI-Powered Contextual Collaboration Agent"" closely resembles current AI tools, suggesting a need for unique features to enhance originality. Additionally, the potential challenges, such as privacy concerns and technical constraints, are not fully addressed.\n\nThe revised draft introduces five forward-thinking ideas centered on revolutionizing remote collaboration by leveraging technology to enhance teamwork, productivity, and inclusivity:\n\n1. **Immersive Workspace Simulation Platform:** Combines AR and VR to create virtual environments simulating physical office interactions, integrating seamlessly with existing tools for continuity and ease of use.\n\n2. **AI-Powered Contextual Collaboration Assistant:** Utilizes advanced NLP and machine learning to anticipate team needs, offering personalized document suggestions and expert connections, adapting to evolving work habits.\n\n3. **Dynamic Cultural Exchange Hub:** Fosters cultural intelligence through AI-curated virtual events and gamified engagement, transforming cultural exchange into a core daily activity.\n\n4. **Emotion-Sensitive Communication Advisor:** Employs emotion recognition algorithms to enhance communication by providing actionable strategies and personalized feedback based on emotional dynamics in video calls.\n\n5. **Global Workflow and Time Management Optimizer:** Harmonizes time zones, productivity patterns, and cultural observances to suggest optimal collaboration windows, resolving potential scheduling conflicts.\n\nThese concepts prioritize ease of integration and privacy, aiming to balance technical innovation with nurturing human connections. Successful implementation will require careful attention to usability, privacy solutions, and adaptability strategies, with a focus on crafting a supportive and efficient environment for geographically dispersed teams."
2026-06-25T10:28:36.761726,all,idea_1,idea,Generate 5 new interaction concepts for supporting remote teamwork.,2,4,"The draft suggests five innovative interaction concepts for enhancing remote teamwork, focusing on clarity, originality, and completeness. However, to improve, the language could be clearer to cater to diverse audiences, and each concept could benefit from a unique selling proposition to distinguish it from existing solutions. More detailed implementation strategies and potential impacts, such as pilot examples, would enhance the document's depth. The proposed concepts are:\n\n1. **Real-Time Multilingual Collaboration Tool:** This system utilizes advanced AI for real-time translation during meetings, supporting inclusivity through gesture and tone recognition to enhance understanding across language barriers.\n\n2. **AI-Augmented Virtual Offices:** Harnessing augmented and virtual reality, this concept creates immersive, customizable environments that adapt to workflow needs, featuring emotion-tracking avatars and adaptive spaces for personalized collaboration.\n\n3. **Predictive Interaction and Feedback System (PIFS):** Unlike traditional analytics tools, PIFS proactively predicts and optimizes team dynamics using AI models that learn from past interactions, offering recommendations to prevent conflicts before they arise.\n\n4. **Interactive Skill Incubator via Gamified AI:** This AI-driven platform uses game mechanics for tailored skill development, adapting to team objectives and fostering continuous learning through real-world challenge simulations and immediate feedback.\n\n5. **Smart Task and Resource Allocation Interface:** This tool analyzes productivity indicators and working styles with AI to assign tasks efficiently and dynamically reallocates resources in response to project changes, maximizing team efficiency.\n\nFor successful implementation, challenges such as data privacy, legacy system integration, and user adoption must be addressed to fully harness these tools' potential and foster a cohesive global workforce."
2026-06-25T10:29:04.408071,all,idea_1,idea,Generate 5 new interaction concepts for supporting remote teamwork.,3,0,"The draft proposal for innovative remote teamwork solutions includes several distinct concepts, though clarity, originality, and completeness need enhancement. Transitions between ideas could be improved by explicitly linking unique features to how they enhance remote teamwork, clarifying each concept's specific roles. Existing solutions should be distinguished by incorporating unique technological advancements to improve originality. Privacy considerations should be integrated more comprehensively into each concept.\n\n**Concept Overviews:**\n\n1. **Virtual Reality Team Sandbox**: A VR platform enables remote teamwork through immersive environments, featuring a layered feedback system for real-time project discussions. Although VR is common in collaboration, expanding on unique technological features could enhance its novelty.\n\n2. **Emotion-Responsive Communication Platform**: This AI-driven tool leverages sentiment analysis to facilitate empathetic communication, offering a visual emotion meter to refine dialogue effectively.\n\n3. **Integrated Cultural Sensitivity Bot**: This AI bot provides cultural insights and language assistance, using scenario-based simulations for cross-cultural communication, which could be detailed with more implementation steps.\n\n4. **Adaptive Asynchronous Collaboration Scheduler**: An AI scheduler optimizes task sequencing by analyzing work habits and time zones, featuring a task prioritization wizard that aligns with productivity peaks.\n\n5. **Skill Augmentation and Mentorship Portal**: A platform pairing AI with microlearning offers personalized skill development through a dynamic challenge board, fostering continuous growth.\n\nEach concept includes a unique feature and a concrete implementation scenario, though more detailed steps, challenges, and privacy measures should be addressed. Strategic pilot testing and stakeholder feedback will refine these concepts to ensure they meet practical needs and improve remote work environments effectively."
2026-06-25T10:29:16.081132,all,idea_1,idea,Generate 5 new interaction concepts for supporting remote teamwork.,3,1,"The revised draft outlines five innovative concepts aimed at improving remote teamwork by tackling communication barriers, time zone differences, cultural diversity, and workflow optimization. Each solution leverages advanced technology while emphasizing user-friendliness, privacy, and inclusivity. Key concepts include a Seamless Multilingual Translator that uses AI for real-time, context-aware communication; Customizable Virtual Reality Collaboration Spaces that employ VR and AR to create personalized work environments; an Intelligent Time Zone and Cultural Alignment Scheduler that optimizes meeting times based on cultural factors; a Cultural Awareness and Insight Tool offering context-driven cultural insights to enhance cross-cultural interactions; and a Proactive Team Dynamics Monitor that uses AI to preemptively address conflicts and provide team performance feedback. Effective implementation requires integrating these solutions with existing platforms, maintaining robust privacy practices, and designing user-friendly interfaces to ensure widespread adoption. Together, these tools aim to create a more cohesive and effective remote working environment for distributed teams."
2026-06-25T10:29:37.111153,all,idea_1,idea,Generate 5 new interaction concepts for supporting remote teamwork.,3,2,"The revised draft focuses on enhancing remote teamwork using five innovative concepts: \n\n1. **Universal Language Collaboration Platform**: This tool supports multilingual teams by combining real-time AI translation with cultural context adaptation, improving communication through dynamic, team-input-driven translation models. \n\n2. **Adaptive Virtual Workspace Environments**: Leveraging AR/VR technologies, this feature allows for personalized virtual workspaces linked to biofeedback devices, adjusting aesthetics to reduce stress and boost productivity during collaborative sessions.\n\n3. **Emotion-Intelligent Interaction Suite**: An AI-driven tool that monitors and improves team emotional dynamics by providing anonymized sentiment insights and actionable empathy-promoting feedback, aiding managers in preventing burnout and maintaining morale.\n\n4. **AI-Powered Global Time Navigator**: Simplifies scheduling by factoring in global time zones, productivity peaks, and cultural observances to create equitable schedules, ensuring creative engagement without disrupting local practices.\n\n5. **Interactive Team Culture Board**: A platform for celebrating cultural diversity through virtual events and storytelling, fostering continuous cultural appreciation and team connection through interactive and asynchronous learning.\n\nKey considerations include ensuring data security, integrating these tools seamlessly with existing systems, and refining them through user feedback and iterative development. These concepts aim to enrich remote team interactions by addressing communication, scheduling, and cultural challenges with empathy-driven technological solutions."
2026-06-25T10:29:51.350914,all,idea_1,idea,Generate 5 new interaction concepts for supporting remote teamwork.,3,3,"The revised draft for ""Innovative Concepts for Revolutionizing Remote Teamwork"" introduces five cutting-edge ideas to enhance virtual collaboration. These include the ""HoloPresence Collaboration Suites,"" which use advanced holographic displays for immersive 3D meetings, especially beneficial for industries like design and engineering. The ""Adaptive Emotional Resonance Platform"" harnesses emotion recognition technology to monitor team morale while safeguarding privacy. The ""Globetrotter Time Synchronizer"" addresses time zone and cultural considerations in global teamwork, promoting inclusivity. The ""Virtual Cultural Mosaic Experience"" offers immersive cultural exchanges to foster understanding and cohesion within diverse teams. Lastly, the ""AI-Enhanced Workflow Companion"" uses machine learning to optimize productivity by analyzing work patterns and recommending task sequences. For successful implementation, the emphasis is on user-friendly designs, integration with existing systems, and addressing privacy and security concerns. This comprehensive approach also includes rigorous testing and training to facilitate adaptation and illustrate each tool's benefits."
2026-06-25T10:30:08.107766,all,idea_1,idea,Generate 5 new interaction concepts for supporting remote teamwork.,3,4,"The draft emphasizes the need for innovative remote teamwork concepts that are user-friendly, clear, and complete. It suggests improving clarity by detailing how systems like the Sentiment and Behavior Monitor analyze emotional cues and address specific remote work challenges. It questions the originality of concepts like VRCE and sentiment analysis, urging differentiation from existing technologies and highlighting unique features. Completeness concerns focus on real-world implementation, suggesting each concept should consider deployment, integration, scalability, potential drawbacks, and user adaptation challenges.\n\nKey proposed interaction concepts include: \n\n1. **Virtual Reality Collaboration Environments (VRCE):** Leveraging VR to create immersive workspaces with sensory feedback and AI-driven avatar customization to differentiate from current tools, enhancing engagement and creativity.\n\n2. **AI-Enhanced Contextual Workflow Advisor (ACWA):** A proactive assistant that analyzes dynamics to optimize workflows, leveraging adaptive learning algorithms to improve productivity.\n\n3. **Sentiment and Behavior Monitor:** Uses wearables and machine learning for detailed emotional analysis, aiding in morale management while ensuring privacy.\n\n4. **Global Team Synchronization Hub (GTSH):** An AI platform optimizing scheduling with respect to global time zones and cultural nuances, enhancing inclusion through translation and cultural tips.\n\n5. **Adaptive Learning and Cultural Exchange System (ALCES):** Gamified modules for skill development and cultural competency, tailoring learning paths to real-world challenges.\n\nFor success, integration with existing tools, addressing privacy and accessibility, and offering user support are crucial to enhancing remote teamwork globally."
2026-06-25T10:30:25.851829,all,idea_1,idea,Generate 5 new interaction concepts for supporting remote teamwork.,4,0,"The revised draft proposes five innovative tools aimed at transforming remote teamwork, each designed with originality, cutting-edge technology, and practical implementation in mind:\n\n1. **HoloMeeting Organizer**: Offers life-sized virtual interactions through 3D holographic displays and spatial audio. It integrates with existing video platforms to simulate physical presence, enhancing engagement and decision-making. Ensures privacy with end-to-end encryption.\n\n2. **Real-Time Emotional Adaptation Interface**: Utilizes AI to monitor team morale by analyzing video and voice, providing managers with feedback to prevent burnout. It maintains privacy through data aggregation and anonymity.\n\n3. **TimeFlex Cultural Alignment Scheduler**: Uses AI to optimize meeting times across global teams by considering time zones, holidays, and cultural practices. Features cultural etiquette suggestions to improve multicultural understanding while protecting data confidentiality.\n\n4. **Virtual Reality Creativity Lab**: Facilitates collaborative creativity in a VR workspace, enabling manipulation of digital objects and supported by an AI innovation coach. It offers a secure, immersive environment for live project prototyping.\n\n5. **Dynamic Cultural Exchange Forum**: Enhances cultural competence via virtual events and storytelling in a gamified format. It protects shared cultural data through secure management and user consent.\n\nThe proposal emphasizes user-experience testing, scalability, and seamless integration into existing workflows, aiming to create a more innovative and connected remote work environment. Each tool prioritizes intuitive design and effectiveness to improve team cohesion, efficiency, and inclusivity in remote settings."
2026-06-25T10:30:41.840706,all,idea_1,idea,Generate 5 new interaction concepts for supporting remote teamwork.,4,1,"The revised content offers a critique and improved draft on enhancing remote teamwork through innovative technology. The original draft's clarity could be improved by streamlining descriptions of privacy measures and reducing repetitive implementation sections. Its originality is questioned due to generic tech ideas already in use, which could be made more distinct by introducing unique elements. While each concept is detailed, there's an overemphasis on privacy, detracting from other key features like user engagement and potential challenges. The revised draft introduces five pioneering concepts, each uniquely addressing remote work challenges:\n\n1. **HoloLink Collaborative Platform**: Utilizes holographic tech for immersive 3D team interactions, ideal for design industries.\n2. **Emotion-Enhanced Communication Network (EECN)**: AI analyzes biometric cues to enrich empathy in communication without storing data.\n3. **Universal Translator with Cultural Context (UTC²)**: Provides contextualized translations for cultural inclusivity in diverse teams.\n4. **AI-Driven Global Synchronization Scheduler**: Synchronizes global meeting times, respecting diverse time zones and cultural holidays.\n5. **Interactive Culture and Competence Hub**: A gamified platform enhancing cultural competence through interactive storytelling.\n\nThese tools aim to support cross-cultural interactions and improve productivity by integrating seamlessly with existing technology platforms and respecting user privacy."
2026-06-25T10:31:00.515925,all,idea_1,idea,Generate 5 new interaction concepts for supporting remote teamwork.,4,2,"The draft outlines innovative tools to enhance remote teamwork, focusing on clarity, originality, and implementation. However, it uses dense language and industry jargon that may confuse some readers, suggesting a need for simpler explanations. The concepts, such as the Smart Collaborative Canvas and Augmented Reality Meeting Rooms, overlap with existing tools but could be distinguished by highlighting unique features or providing comparisons. The draft also lacks detailed implementation strategies and challenges, including how these tools tackle specific remote work issues, which would add credibility.\n\n**Key Concepts:**\n\n1. **Smart Collaborative Canvas (SCC):** A digital platform syncing with management tools to visualize workflows with AI-recommended task priorities.\n   \n2. **Augmented Reality Meeting Rooms (ARMR):** Transforms spaces for immersive, interactive meetings using AR, providing security through encryption.\n\n3. **Cultural Harmony Dashboard (CHD):** Offers real-time, scenario-based cultural insights and simulations to boost inclusivity and cultural competency.\n\n4. **Adaptable Taskflow AI (ATAI):** AI-driven tool optimizing task delegation and resource distribution, personalized for team dynamics.\n\n5. **Emotion-Integrated Communication Assistant (EICA):** Analyzes emotional cues in communications to promote empathetic interactions while maintaining privacy.\n\n**Implementation Considerations:**\n\n- Seamless integration with existing tools.\n- Strong privacy protocols.\n- User-friendly interfaces.\n- Scalability for various organizational sizes.\n- Pilot testing for refinement and acceptance.\n\nUltimately, these concepts aim to address remote teamwork challenges by leveraging advanced technology, enhancing interactions, and respecting cultural diversity, while ensuring secure, seamless integration."
2026-06-25T10:31:19.961566,all,idea_1,idea,Generate 5 new interaction concepts for supporting remote teamwork.,4,3,"**Critique of the Draft**\n\n- **Clarity and Coherence**: Complex terms in sections like ""Personalized Virtual Reality Work Environments (PvRWE)"" and ""Emotional Intelligence & Interaction Suite"" should be simplified or explained. The introduction is overly generic and should quickly convey the unique value of the concepts.\n\n- **Originality**: Ideas are interesting but lack distinctiveness from current solutions. Highlighting unique features or including a less tech-focused concept could enhance originality.\n\n- **Completeness**: The implementation strategy needs more detailed steps and potential challenges, especially in privacy and ethical aspects of data use, calling for in-depth exploration.\n\n**Revised Draft**\n\n---\n\n**Revolutionary Concepts for Enhancing Remote Teamwork**\n\nAmid the evolving remote work landscape, effective teamwork requires innovative solutions that boost communication, cultural understanding, and productivity. Five concepts, leveraging cutting-edge technology while prioritizing privacy and seamless integration, are set to revolutionize remote collaboration:\n\n1. **AI-Powered Language Bridge**: Offers real-time, culturally nuanced communication that evolves with user interactions, ensuring secure, user-directed language use.\n\n2. **Adaptive Virtual Workspaces (AVW)**: Provides dynamic environments that adapt to team needs using biofeedback to enhance work well-being while protecting user privacy.\n\n3. **Team Sentiment Insights Platform (TSIP)**: Uses AI to analyze team sentiment through existing communication tools, delivering confidential insights to improve team well-being.\n\n4. **Unified Time and Culture Coordinator (UTCC)**: An AI assistant managing global schedules and cultural differences, ensuring inclusive and respectful meetings with customizable privacy features.\n\n5. **Cultural Competency Platform (CCP)**: Fosters cultural intelligence and team unity through interactive storytelling and learning, with strong privacy controls over user participation and data sharing.\n\n**Implementation Roadmap**: These concepts will integrate with existing tools for a smooth transition and minimal disruption. Pilot programs and ongoing feedback will refine features, supported by robust privacy measures and global data protection compliance. Comprehensive training will demonstrate the practical benefits, helping to establish harmonious and inclusive virtual workspaces for global teams."
2026-06-25T10:31:41.581839,all,idea_1,idea,Generate 5 new interaction concepts for supporting remote teamwork.,4,4,"The draft introduces innovative concepts designed to improve remote teamwork by enhancing communication, cultural understanding, productivity, and emotional wellness. The ""HoloTeam Virtual Meeting Hub"" uses AR to mimic in-person dynamics, featuring 3D presentations and AI representation of absent members, while ensuring data privacy. The ""Wellness-Boosting Workflow"" platform tracks sentiment for improved team morale with AI-driven wellness alerts and task timing, safeguarding user data. The ""Cultural Connection Portal"" addresses cultural barriers with educational tools, real-time translations, and privacy-focused interactions. The ""Smart Project Coordinator"" optimizes task allocation based on load and expertise, featuring dynamic dashboards and workload balancing, with controlled access to data. Lastly, ""Interactive Team Connect"" engages teams through gamified activities, fostering relationships with optional participation to respect privacy. \n\nWhile the concepts are original, the draft could more clearly emphasize their superiority over existing solutions by addressing specific current limitations. Additionally, further detail on implementation strategies and challenges would provide a more comprehensive view of their viability, addressing potential resistance and user education for successful adoption."
2026-06-25T10:24:53.706598,all,reasoning_4,reasoning,Analyze risks and benefits of using AI chatbots in customer support.,0,0,"The draft on AI chatbots in customer support is clear and organized, detailing both benefits and risks. However, transitions, such as the shift to ""Integration with Other Systems,"" could be smoother. Originality is limited; including recent examples or unique insights into AI technology would enhance the content. Additionally, while benefits and risks are comprehensively addressed, strategies for mitigating risks, like enhancing chatbot understanding, are lacking.\n\nAI chatbots are crucial in customer support, offering benefits like 24/7 availability, cost efficiency, scalability, consistent responses, data collection, and system integration. However, they pose challenges such as limited understanding, impersonal interaction, security concerns, technology dependency, negative perceptions, and high setup costs.\n\nTo effectively integrate chatbots, businesses should focus on strategic risk management, maintaining robust security protocols, developing contingency plans involving human agents, and continuously updating chatbot systems. By combining AI capabilities with human expertise, companies can improve support services, enhance customer relationships, and minimize potential drawbacks, ultimately providing an elevated customer experience."
2026-06-25T10:25:17.243549,all,reasoning_4,reasoning,Analyze risks and benefits of using AI chatbots in customer support.,0,1,"**Critique and Rewritten Overview:**\n\n**Clarity and Originality:**\nThe initial draft presented a coherent structure around AI chatbots in customer support but lacked seamless transitions, innovative insights, and comprehensive future perspectives. The revised content provides a more engaging and insightful exploration by incorporating smooth transitions, specific examples, trends, and predictions, making it both clear and unique.\n\n**Revised Overview:**\n\nThe integration of AI chatbots into customer support systems is revolutionizing business-customer interactions globally. Bots offer round-the-clock service, handle high interaction volumes, reduce operational costs, ensure consistent responses, and gather valuable consumer data, leading to improved satisfaction and resource efficiency. However, they pose challenges, including misinterpretation of complex queries, lack of personalization, security risks, integration difficulties, and over-reliance potentially compromising nuanced human relationships. To maximize benefits while minimizing risks, businesses should adopt a hybrid approach. This includes deploying chatbots for basic inquiries while routing complex cases to human agents, continuously updating AI models, enforcing security measures, and utilizing feedback for ongoing refinement. Balancing human insight with AI capabilities not only addresses challenges but also tailors customer interactions to evolving needs, enhancing both satisfaction and service effectiveness."
2026-06-25T10:25:38.774610,all,reasoning_4,reasoning,Analyze risks and benefits of using AI chatbots in customer support.,0,2,"The draft provides a comprehensive overview of AI chatbots in customer support, highlighting both benefits and risks. It could improve in areas such as clarity and originality; ensuring a seamless flow between sections and integrating insightful data or case studies would add depth. The analysis should expand risks to cover infrastructure integration and cultural adoption barriers. Essential benefits include 24/7 availability, cost efficiency, scalability, consistent responses, data-driven insights, personalized engagement, and operational efficiency. Meanwhile, risks encompass understanding complexity, lack of empathy, high setup costs, privacy concerns, over-dependence on technology, regulatory challenges, and integration barriers. The conclusion advocates for a balanced approach, blending AI's capabilities with human sensitivity, emphasizing continuous tech updates, data handling transparency, and solid escalation protocols to optimize customer support and satisfaction."
2026-06-25T10:26:00.133616,all,reasoning_4,reasoning,Analyze risks and benefits of using AI chatbots in customer support.,0,3,"**Critique of the Draft:**\nThe draft's clarity is respectable but could benefit from better transitional cues and stronger ties to overarching themes. While covering typical AI chatbot benefits and risks, it lacks a unique angle, which could be enhanced with industry-specific examples or case studies. Additionally, it omits emerging topics such as future AI developments and impacts on job markets, which would offer a fuller perspective.\n\n**Rewritten Draft:**\n\nAI chatbots have rapidly become integral to customer support, aiming to optimize service while enhancing the user experience. This analysis explores the diverse benefits and challenges they present.\n\n### Benefits\n\n1. **24/7 Availability:** Chatbots provide continuous service, improving customer satisfaction across different time zones.\n2. **Cost Efficiency:** They manage numerous inquiries simultaneously, reducing the need for a large workforce and saving costs.\n3. **Quick Response Time:** Immediate responses improve user experience and business efficiency.\n4. **Consistency and Reliability:** Automated, standardized replies ensure uniform service quality.\n5. **Data Analysis:** Chatbots collect data to generate insights about customer behaviors, personalizing services and boosting strategic marketing.\n6. **Scalability:** Easily handles interaction spikes during promotional or peak periods.\n7. **Multilingual Support:** Enables global reach through communication in multiple languages.\n\n### Risks\n\n1. **Lack of Human Empathy:** Limited emotional intelligence can lead to dissatisfaction in complex or sensitive interactions.\n2. **Complex Query Handling:** Chatbots may struggle with nuanced issues, requiring human intervention.\n3. **Security Concerns:** Handling sensitive data necessitates robust protection and compliance.\n4. **Quality Data Dependence:** The effectiveness relies on quality training data; poor data can lead to misinformation.\n5. **Negative Sentiment Handling:** Poor escalation processes can damage brand reputation.\n6. **Integration Complexities:** Merging chatbots with existing systems demands resources and expertise.\n7. **Initial and Ongoing Costs:** Setup and maintenance expenses can be substantial despite decreased operational costs.\n\n### Conclusion\n\nAI chatbots are powerful tools in customer support, delivering efficiencies, cost savings, and valuable insights. However, risks like diminished personalized service and data privacy challenges exist. A hybrid model, combining chatbots for routine tasks with human agents for more complex issues, could effectively leverage AI and human strengths, adapting to future AI advancements."
2026-06-25T10:26:21.734952,all,reasoning_4,reasoning,Analyze risks and benefits of using AI chatbots in customer support.,0,4,"The revised draft effectively outlines the significance of AI chatbots in modern customer support, highlighting their role in enhancing customer experiences and streamlining operations. It presents a balanced view by exploring both benefits, such as 24/7 availability, cost efficiency, consistent responses, scalability, data collection, and multilingual capabilities, and risks including limited contextual understanding, personalization challenges, security concerns, reliance on technology, customer perception, and costs. The conclusion emphasizes the importance of integrating AI chatbots with human agents to leverage their strengths and mitigate their limitations. Future trends and innovations should be considered to meet evolving customer expectations and maximize the potential of AI in customer service. Adding examples, case studies, or expert opinions would enhance originality and depth."
2026-06-25T10:26:39.022148,all,reasoning_4,reasoning,Analyze risks and benefits of using AI chatbots in customer support.,1,0,"The draft explores the integration of AI chatbots in customer support, highlighting their benefits, challenges, and strategic deployment. AI chatbots enhance customer support with 24/7 availability, cost efficiency, scalability, consistent responses, data-driven insights, multilingual support, and quick response times. Real-world examples illustrate these advantages, such as businesses like Company X and Company Y achieving increased customer satisfaction and reduced operational costs.\n\nHowever, chatbots face challenges like lack of personalization, difficulty handling complex queries, security concerns, dependency on data quality, integration challenges, initial costs, and cultural barriers. Examples include Company D and Company E struggling with complex queries and high setup expenses.\n\nTo optimize chatbot use, companies should adopt strategies like a hybrid model balancing AI and human strengths, continuous updates, strong security protocols, strategic integration, and clear customer communication. Such measures ensure the benefits of chatbots are harnessed while mitigating risks. By aligning AI advancements with best practices and including real-world cases, businesses can fully realize the potential of AI chatbots to enhance customer satisfaction."
2026-06-25T10:27:00.486294,all,reasoning_4,reasoning,Analyze risks and benefits of using AI chatbots in customer support.,1,1,"**Critique Summary:**\n\nThe draft presents a generally clear exploration of AI chatbots in customer support but struggles with smooth transitions, especially in discussing risks. The conclusion introduces a hybrid model suggestion but lacks strong ties to previous points. For heightened originality, the draft could incorporate real-world examples or recent studies, and focus more on advancements and unique applications in AI. While benefits and risks are outlined, the draft omits detailed strategies for mitigating risks, rendering the analysis less comprehensive. Additionally, the call for industry-specific examples and expert opinions is not addressed, leaving the analysis incomplete.\n\n**Revised Content:**\n\n**AI Chatbots in Customer Support: Navigating Innovation and Challenges**\n\nAI chatbots are transforming customer support with 24/7 availability, cost savings, scalability during peak times, consistent responses, insightful data analytics, and multilingual capabilities. However, these benefits come with challenges. Chatbots often lack emotional intelligence, potentially leading to customer dissatisfaction in nuanced interactions. Security and privacy are crucial, requiring robust protections to avoid data breaches. The effectiveness of chatbots depends on high-quality training data, poor data can result in inaccuracies. Integration with existing systems can be resource-intensive, and both initial and ongoing investments need careful planning.\n\nA **hybrid model**, combining chatbot efficiency for simple queries with human expertise for complex issues, could optimize customer support. Prioritizing data protection, continuously updating technology, and developing clear protocols are essential. Incorporating industry-specific examples and insights from experts can further illuminate AI's evolving role in customer service, helping businesses meet changing customer expectations while leading in advanced service strategies."
2026-06-25T10:27:17.308801,all,reasoning_4,reasoning,Analyze risks and benefits of using AI chatbots in customer support.,1,2,"The revised content offers a comprehensive analysis of AI chatbots in customer support, highlighting their transformative impact alongside associated challenges. Key benefits include around-the-clock support, cost savings, high-volume handling, and consistent information delivery, with chatbots providing insightful data for strategic growth. However, risks such as personalization limitations, complex inquiry challenges, data security concerns, and integration costs are significant. To address these, the analysis recommends hybrid service models, continuous algorithm enhancements, robust security measures, efficient system integration, and improved customer engagement strategies. The piece suggests that incorporating current trends, case studies, and diverse stakeholder perspectives could enhance originality and depth. Ultimately, mindful integration of AI, alongside ongoing advancements, can help businesses navigate challenges and unlock opportunities in customer service."
2026-06-25T10:27:34.236538,all,reasoning_4,reasoning,Analyze risks and benefits of using AI chatbots in customer support.,1,3,"The implementation of AI chatbots in customer support is redefining interaction dynamics, balancing service quality, and efficiency with inherent challenges. Key benefits include 24/7 availability, cost efficiency, scalability, multilingual consistency, and enhanced data collection for personalized experiences. However, chatbots struggle with complex queries, lack empathy, and pose security and integration challenges. Their success hinges on strategic integration, such as hybrid models pairing chatbots with human agents, continuous AI updates, and robust security. Companies like Amazon and Bank of America exemplify effective use, highlighting the importance of data quality and ongoing innovation in addressing these challenges. Real-world examples and expert insights are crucial for businesses to navigate and optimize AI chatbot utilization effectively."
2026-06-25T10:27:53.771785,all,reasoning_4,reasoning,Analyze risks and benefits of using AI chatbots in customer support.,1,4,"The critique of the draft highlights several areas for improvement, focusing on clarity, originality, and completeness. The introduction lacks specificity about the ""strategies"" to be discussed, and the conclusion does not effectively link risks to proposed solutions. Although the draft addresses benefits and risks of AI chatbots, it remains general and misses emerging trends or long-term impacts on employment. \n\nThe revised draft presents AI chatbots as transformative for customer support, citing benefits like 24/7 accessibility, cost efficiency, and data insights. However, it also notes risks, including lack of empathy, data security issues, and integration challenges. Strategic recommendations suggest employing a hybrid model, maintaining human involvement for complex inquiries, and ensuring robust security measures. Continuous AI model updates and feedback integration are encouraged to adapt to advancements and consumer needs. This approach would harness AI strengths while preserving crucial human elements, fostering superior customer interactions and long-term success."
2026-06-25T10:28:08.462008,all,reasoning_4,reasoning,Analyze risks and benefits of using AI chatbots in customer support.,2,0,"The revised draft emphasizes a nuanced exploration of AI chatbots in customer support, pinpointing both benefits and challenges. It highlights their ability to provide constant, cost-efficient service while managing scalability and multilingual demands, thus enhancing customer satisfaction. However, it acknowledges risks, including inadequate emotional intelligence, data privacy concerns, and the need for quality training data. Strategic recommendations involve using a hybrid model blending AI efficiency with human empathy and ensuring robust security measures. The analysis could be further enriched by unique insights, like case studies and emerging trends, offering a comprehensive and strategic perspective on integrating AI chatbots into customer support."
2026-06-25T10:28:22.972615,all,reasoning_4,reasoning,Analyze risks and benefits of using AI chatbots in customer support.,2,1,"The revised draft offers a comprehensive critique and enhancement of content related to AI chatbots in customer support. The draft suggests improving clarity and coherence by smoothing transitions, such as when shifting from benefits to challenges, to improve readability. It calls for greater originality, recommending the inclusion of unique insights or case studies to distinguish the analysis from common discourse. Completeness is addressed by encouraging deeper exploration of examples like Alexa and Erica, particularly regarding their balance of AI and human intervention, and detailing the impact of AI advancements like natural language processing on customer service.\n\nThe rewritten draft emphasizes the transformative impact of AI chatbots in customer support, highlighting 24/7 availability, efficient handling of inquiries, and data analytics benefits. However, it also underlines challenges such as the lack of emotional intelligence and security concerns, suggesting a hybrid model that combines automated efficiency with human expertise for complex queries. It also advocates for regular AI updates, robust data protection, and leveraging industry-specific insights, such as those from Amazon and Bank of America, to maximize benefits while addressing risks. The draft concludes by stressing the importance of strategic oversight, continuous refinement, and alignment with industry trends to enhance customer satisfaction and ensure ongoing success."
2026-06-25T10:28:39.789042,all,reasoning_4,reasoning,Analyze risks and benefits of using AI chatbots in customer support.,2,2,"The adoption of AI chatbots in customer support is reshaping client interactions, offering 24/7 availability, reducing operational costs, and providing multilingual support for global reach. These tools efficiently manage high inquiry volumes, delivering consistent responses and data-driven insights for personalized services. However, challenges include the lack of personalized interaction, security and privacy concerns, and integration complexities with existing IT systems. To address these, businesses can adopt a hybrid support model, where chatbots handle simple queries and human agents manage complex issues, balancing efficiency with empathy. Continuous algorithm updates and robust data protection are crucial. Companies like Amazon and Bank of America successfully integrate AI by combining chatbots with human agents and leveraging innovations in natural language processing and machine learning, thereby enhancing capabilities. Effective AI chatbot deployment requires strategic management to overcome challenges and fully leverage their transformative potential, ensuring improved customer relations and operational success."
2026-06-25T10:28:56.789659,all,reasoning_4,reasoning,Analyze risks and benefits of using AI chatbots in customer support.,2,3,"The draft on AI chatbots in customer support is well-structured but requires enhancements for clarity, originality, and completeness. It clearly outlines benefits like 24/7 availability, cost efficiency, consistent multilingual support, and data-driven insights. However, the risks section needs more detailed analysis, particularly on integration challenges and data quality issues. Originality could be improved by incorporating unique insights, real-world examples, or lesser-known challenges. Additionally, the strategies for mitigating risks should offer more depth by suggesting specific solutions or detailed steps, such as adopting a hybrid model combining AI and human touchpoints, continuous updates for chatbots, strong security measures, transparent communication, and industry-specific customization. Benchmarking against successful implementations, like those at Amazon and Bank of America, can further enhance its effectiveness. Addressing these aspects can help businesses maximize the benefits of AI chatbots while effectively managing associated risks, leading to improved customer support operations and long-term relationships."
2026-06-25T10:29:17.407436,all,reasoning_4,reasoning,Analyze risks and benefits of using AI chatbots in customer support.,2,4,"The draft on AI chatbots in customer support aptly outlines their benefits, such as 24/7 availability, cost reduction, scalability, consistent communication, and valuable data insights, while also addressing challenges like limited emotional intelligence, data security, and integration issues. However, the clarity of the draft can be improved by interlinking challenges with potential strategies immediately. The draft also lacks originality; incorporating case studies and real-world examples of successful AI chatbot implementations would provide a deeper analysis. The section on risk mitigation strategies could be more comprehensive by including tactical examples and addressing legal implications, such as liability issues from incorrect responses. To maximize benefits while mitigating risks, businesses should adopt hybrid support models, regularly update AI systems, enhance security protocols, and integrate thoughtfully. This balanced approach, enriched with practical insights, can enhance customer engagement and drive sustainable success."
2026-06-25T10:29:36.438019,all,reasoning_4,reasoning,Analyze risks and benefits of using AI chatbots in customer support.,3,0,"The draft analyzing the integration of AI chatbots into customer support acknowledges their benefits, such as 24/7 availability, cost savings, and consistency in service, as exemplified by companies like Uber and United Airlines. However, it highlights critical challenges that need addressing, including emotional intelligence deficits, data security concerns, and integration complexities. To enhance clarity and originality, the critique suggests including concrete examples and exploring novel angles and emerging AI trends. It also recommends refining transitions and providing strategic solutions, such as adopting a hybrid support model and upgrading NLP capabilities, to mitigate challenges while leveraging AI's strengths. By incorporating recent innovations and case studies, businesses could better navigate AI chatbot adoption, addressing both current hurdles and future implications effectively, thus ensuring competitive customer engagement and sustainable operational success."
2026-06-25T10:29:50.816075,all,reasoning_4,reasoning,Analyze risks and benefits of using AI chatbots in customer support.,3,1,"The draft effectively outlines the transformative role of AI chatbots in customer service, highlighting their continuous availability, cost efficiency, scalability, consistent communication, and data-driven insights as major benefits. However, challenges such as emotional intelligence deficits, security vulnerabilities, integration hurdles, and reliance on data quality require robust risk mitigation strategies. These include a hybrid human-chatbot model, ongoing AI refinement, comprehensive security frameworks, industry-specific tailoring, ethical and transparent communication, and legal and ethical reviews. For improved clarity, the draft should directly link specific challenges to corresponding strategies, use more precise technical language, and incorporate case studies or examples for a fuller context. Exploring novel insights like ethical implications and future AI trends could enhance originality and completeness, enriching the discussion on AI chatbots' role in customer service."
2026-06-25T10:30:03.810806,all,reasoning_4,reasoning,Analyze risks and benefits of using AI chatbots in customer support.,3,2,"The revised draft addresses the integration of AI chatbots in customer support, highlighting both the advantages and risks. Benefits include round-the-clock availability, cost reduction, scalability, and personalized customer experiences through data analytics. However, risks such as inadequate emotional intelligence, data privacy concerns, and integration costs must be managed. A suggested solution is a hybrid model where chatbots handle routine queries while human agents address complex issues, ensuring efficiency and empathy.\n\nFor enhanced effectiveness, businesses should adopt robust data protection measures, regularly update algorithms, and communicate transparently about data policies. By including industry-specific examples, like Uber's use of chatbots, and aligning chatbot capabilities with sector needs, businesses can tailor customer service solutions. Ultimately, a balanced approach with strategic oversight and continual refinement maximizes the transformative potential of AI chatbots, strengthening customer relationships and driving long-term success."
2026-06-25T10:30:19.523025,all,reasoning_4,reasoning,Analyze risks and benefits of using AI chatbots in customer support.,3,3,"The draft outlines how AI chatbots are reshaping customer support, highlighting both their advantages and challenges. Chatbots offer benefits such as 24/7 availability, cost-efficiency, and scalability, making them valuable for global service delivery. However, they face challenges, notably their lack of emotional intelligence, which can affect customer interactions. Data privacy and the complex integration with existing IT systems pose additional risks.\n\nTo address these issues, a hybrid support model is suggested, where chatbots manage routine inquiries and human agents handle complex or sensitive cases, combining efficiency with empathy. Data protection is critical, requiring stringent security measures and regulatory compliance, such as with GDPR, to protect customer information.\n\nReal-world examples, like Amazon's chatbots managing standard inquiries and Bank of America's Erika offering personalized financial assistance, illustrate successful applications. Businesses must strategically align chatbot capabilities with industry needs, continuously refine their AI tools, and consider ethical implications, such as potential biases, to enhance customer satisfaction and maintain trust."
2026-06-25T10:30:34.584690,all,reasoning_4,reasoning,Analyze risks and benefits of using AI chatbots in customer support.,3,4,"The integration of AI chatbots in customer support has significantly transformed business-client interactions, offering notable benefits and posing risks. AI chatbots provide 24/7 service, enhancing customer satisfaction and reducing the need for a large support workforce. They ensure consistent communication and deliver data-driven insights for tailored strategies. However, AI chatbots face limitations, such as lack of emotional intelligence and challenges with data security. Implementing them can be complex, with effectiveness hinging on quality training data, while inaccuracies may lead to legal risks. To mitigate these issues, businesses can adopt a hybrid support model, blending AI with human touch for complex inquiries. Regular updates, high-quality data training, and robust security measures are crucial, as are industry-specific customizations. Case studies from Amazon and Bank of America underscore successful strategic approaches, highlighting the balance between AI efficiency and human oversight, and personalized customer experiences through natural language processing. Emphasizing emerging trends and ethical considerations, businesses can harness AI's potential to enhance customer relationships and achieve sustainable success."
2026-06-25T10:30:51.036689,all,reasoning_4,reasoning,Analyze risks and benefits of using AI chatbots in customer support.,4,0,"The integration of AI chatbots in customer support offers transformative advantages and distinct challenges. Key benefits include 24/7 availability, cost efficiency through automation of routine queries, scalability for handling high interaction volumes, and data-driven insights for personalized customer experiences. However, challenges such as chatbots' lack of emotional intelligence, data security risks, complex integration processes, and dependence on high-quality data are significant.\n\nTo address these challenges, employing strategies such as hybrid support models that combine chatbot efficiency with human empathy for sensitive issues, robust data protection measures, continuous algorithm improvements, and industry-specific customizations can enhance effectiveness. For instance, Bank of America's 'Erica' chatbot provides tailored financial advice, highlighting the benefits of industry-specific solutions.\n\nCase studies from companies like Uber, Amazon, and Bank of America illustrate successful implementations of AI chatbots, streamlining customer inquiries and enhancing user experiences. Ethical considerations and emerging trends, particularly in natural language processing, should be prioritized to address AI biases and maintain transparency.\n\nIn conclusion, AI chatbots have the potential to revolutionize customer engagements by enhancing operational efficiency and interaction quality. Strategic integration, combined with awareness of their benefits and challenges, can unlock their potential for improving customer relationships and ensuring long-term business success."
2026-06-25T10:31:05.507121,all,reasoning_4,reasoning,Analyze risks and benefits of using AI chatbots in customer support.,4,1,"The integration of AI chatbots in customer support is redefining business-client interactions, offering significant benefits alongside notable challenges. Companies such as Uber and United Airlines use chatbots to scale operations globally, enhancing efficiency with 24/7 availability and cost-effective scalability while providing valuable data-driven insights for personalizing customer experiences. However, chatbots often struggle with emotional intelligence, leading to potential dissatisfaction in scenarios requiring empathy. There are also pressing concerns around data privacy and the complexity of integrating AI into existing IT systems, necessitating strategic infrastructural planning and compliance with regulations like GDPR.\n\nTo maximize advantages and mitigate risks, companies may adopt hybrid support models that merge AI handling for routine queries with human intervention for complex issues, thereby maintaining both efficiency and customer satisfaction. Prioritizing robust data security frameworks, regularly updating AI systems, and customizing solutions to meet industry-specific needs are essential steps toward retaining trust and improving AI performance. Ultimately, blending AI advancements with ethical considerations and human insights allows businesses to capture competitive advantages in the evolving landscape of customer support."
2026-06-25T10:31:21.170738,all,reasoning_4,reasoning,Analyze risks and benefits of using AI chatbots in customer support.,4,2,"### Critique and Revised Draft Summary\n\n**Critique Summary:**\n\n1. **Clarity and Coherence:** The draft is clear but could improve with more precise language and better structuring, particularly around legal risks and mitigation strategies.\n   \n2. **Originality:** The analysis could be enriched with unique insights and a broader range of examples beyond Amazon and Bank of America.\n\n3. **Completeness:** The draft needs a deeper exploration of ethical issues, such as AI biases, and a discussion on future AI trends.\n\n**Revised Draft Summary:**\n\nAI chatbots are revolutionizing customer support by offering 24/7 availability and reducing costs. They enhance customer satisfaction through consistent communication and data-driven strategies. However, challenges include AI's lack of emotional intelligence, risks of data breaches, and integration difficulties. Legal risks and brand reputation can suffer from poorly trained bots. A hybrid model combining AI efficiency with human empathy is recommended. Successful examples like Amazon and Bank of America illustrate strategic benefits. Future advancements in AI will further refine capabilities. Companies should ensure ethical considerations, address AI biases, and focus on continuous improvements to maximize AI chatbot benefits."
2026-06-25T10:31:33.653847,all,reasoning_4,reasoning,Analyze risks and benefits of using AI chatbots in customer support.,4,3,"The integration of AI chatbots in customer support is revolutionizing business-client interactions by offering benefits such as 24/7 availability, cost efficiency, and increased scalability. These chatbots deliver consistent, rapid responses and leverage data-driven insights for personalized service, as demonstrated by companies like Uber and Bank of America. However, challenges include their lack of emotional intelligence, data privacy concerns, and the complexity of integrating with existing systems. Businesses should adopt a hybrid model where AI handles routine queries and human agents address complex issues, ensuring both efficiency and empathy. Regular updates to AI algorithms, strong data protection measures, and clear communication about data use are vital for maintaining customer trust. Industry-specific customization and addressing ethical concerns, such as AI biases, are essential for fair treatment. Learning from successful examples, like Amazon and Bank of America, and harnessing advances in natural language processing can significantly enhance chatbot capabilities. Strategic refinement of these systems can lead to improved customer relationships and competitive advantage in the market."
2026-06-25T10:31:47.902396,all,reasoning_4,reasoning,Analyze risks and benefits of using AI chatbots in customer support.,4,4,"The draft on AI chatbots offers insight into their transformative role in customer service, emphasizing benefits like 24/7 availability and cost efficiency. Examples from McDonald's and Google illustrate enhanced operations and customer satisfaction. However, challenges such as emotional intelligence deficits, data privacy concerns, and integration complexities persist. To optimize AI chatbot use, a hybrid model is recommended, combining routine bot responses with human handling of complex issues. Industry-specific customization, such as in healthcare, can further maximize impact. Ethical considerations, including bias and transparency, are vital for maintaining trust. The analysis suggests a balanced approach of strategic oversight and AI refinement to fully harness chatbots' potential, fostering customer relationships and market competitiveness."
2026-06-25T10:24:49.080900,all,reasoning_0,reasoning,Explain why traffic congestion occurs in large cities and propose 3 countermeasures.,0,0,"The revised draft effectively discusses traffic congestion's causes such as urbanization, limited infrastructure, high car dependency, inefficient traffic management, parking challenges, and lack of alternative transportation. To address these issues, it suggests investing in public transportation, enhancing traffic management with smart systems, and promoting active transportation like cycling and walking. The draft recommends clear separation between problem analysis and solutions, while emphasizing the need for originality through novel ideas like autonomous vehicles and urban car ban zones. Additionally, a more detailed explanation of solution implementation and economic implications would enrich the argument, benefiting from examples of successful city initiatives. This comprehensive strategy aims to improve mobility, reduce environmental impact, and enhance urban living standards, highlighting the wider economic and social benefits."
2026-06-25T10:25:10.713604,all,reasoning_0,reasoning,Explain why traffic congestion occurs in large cities and propose 3 countermeasures.,0,1,"The draft analysis of traffic congestion offers valuable insights but could be improved for clarity, originality, and completeness. Structurally, it benefits from grouping similar causes, like infrastructure limitations and urban design, for better coherence. While the causes and countermeasures are widely recognized, originality can be enhanced by integrating recent innovations and lesser-known strategies from successful global cities. Additionally, including real-world examples or case studies would provide persuasive context. The revised draft categorizes congestion causes into high vehicle density and infrastructure challenges, commuter patterns, and urban layout, and lists impactful countermeasures like enhancing public transport, leveraging Intelligent Transportation Systems (ITS), and sustainable urban planning. These strategies, demonstrated in cities like Melbourne, Curitiba, Singapore, and Portland, emphasize a holistic approach combining infrastructure, technology, and policy for effective congestion management, making urban environments more sustainable and livable."
2026-06-25T10:25:33.111591,all,reasoning_0,reasoning,Explain why traffic congestion occurs in large cities and propose 3 countermeasures.,0,2,"The revised draft critiques the original text's structure, originality, and completeness, suggesting improvements for clarity and cohesion by reorganizing overlapping causes of traffic congestion and directly linking countermeasures. It encourages introducing innovative solutions and case studies for originality and addressing gaps in countermeasures for specific disruptions like accidents. The rewritten draft identifies key congestion causes such as urban overcrowding, socioeconomic patterns, and systemic inefficiencies. It proposes innovative countermeasures like integrated smart transportation solutions, dynamic congestion pricing paired with public transit improvements, and holistic urban planning with resilient infrastructure development to mitigate these issues. The conclusion emphasizes a holistic strategy combining technology, sustainable urban planning, and economic incentives to enhance urban mobility and livability."
2026-06-25T10:25:56.694834,all,reasoning_0,reasoning,Explain why traffic congestion occurs in large cities and propose 3 countermeasures.,0,3,"The revised draft effectively outlines traffic congestion issues and proposes countermeasures, but could improve coherence by better connecting causes like ""urban planning challenges"" with ""economic activities,"" explaining how infrastructure affects traffic in economic zones. The ""Cultural Preferences"" section is brief and could benefit from examples for clarity. To enhance originality, the draft might explore technological advancements such as vehicle automation and showcase unique city case studies. While identifying congestion causes and solutions, discussing potential drawbacks of countermeasures and providing examples for tailoring solutions to specific cities would yield a more comprehensive perspective.\n\nThe draft identifies major congestion factors: high vehicle density from growing urban populations, inadequate public transportation prompting reliance on cars, and urban planning issues leading to bottlenecks. Economic activities create congestion hotspots, and cultural preferences for private vehicles exacerbate strain on infrastructure. Countermeasures suggest cities enhance public transport with robust metro and bus systems, implement smart traffic technologies like adaptive signals, and promote sustainable transport by encouraging cycling and mixed-use urban designs. These strategies aim to improve quality of life, reduce emissions, and boost economic efficiency when tailored to local needs and effectively engaging communities."
2026-06-25T10:26:16.840169,all,reasoning_0,reasoning,Explain why traffic congestion occurs in large cities and propose 3 countermeasures.,0,4,"The original draft on traffic congestion demonstrates good structure but lacks clarity in linking population density directly to congestion impacts. The discussion would benefit from integrating specific city case studies to enhance originality and engagement. Additionally, while covering a variety of causes, the draft could expand on environmental impacts and policy limitations, and address challenges related to implementing proposed solutions.\n\n### Revised Overview\n\nTraffic congestion, a persistent issue in urban areas, results in slower travel times and long queues. Understanding its root causes is essential for crafting effective solutions. The primary factors include:\n\n1. **Population Density and Vehicle Ownership:**\n   - High urban population leads to more vehicles competing for limited road space, significantly during peak hours.\n\n2. **Inadequate Infrastructure and Public Transit:**\n   - Outdated road networks and insufficient public transit systems force reliance on private vehicles, worsening congestion.\n\n3. **Urban and Economic Patterns:**\n   - Centralized commercial hubs and sprawling development without adequate transport planning increase commute distances and stress networks.\n\n4. **Traffic Disruptions and Driving Behaviors:**\n   - Accidents, roadworks, and erratic driving contribute to traffic slowdowns.\n\n### Proposed Solutions\n\n1. **Enhancing Public Transportation:**\n   - Invest in robust systems like bus rapid transit and metro services, supplemented by tax incentives or fare discounts to encourage use.\n\n2. **Smart Traffic Solutions:**\n   - Use technology like adaptive signals and congestion pricing to streamline flow and reduce peak-time usage.\n\n3. **Strategic Urban Development:**\n   - Implement mixed-use zoning to reduce commutes, expand infrastructure creatively, and promote walking and cycling.\n\nA comprehensive, multi-faceted approach combining technological innovation and urban planning is crucial to easing congestion and supporting sustainable urban growth."
2026-06-25T10:26:36.230882,all,reasoning_0,reasoning,Explain why traffic congestion occurs in large cities and propose 3 countermeasures.,1,0,"The rewritten critique of a draft on traffic congestion highlights areas for improvement, focusing on clarity, coherence, originality, and completeness. It suggests restructuring the draft to present information logically, beginning with causes and transitioning to solutions. The critique notes the need for originality by incorporating recent data or innovative examples and expanding on the interconnectedness of congestion factors with detailed solutions.\n\n### Revised Draft: Understanding Traffic Congestion in Large Cities\n\nTraffic congestion significantly affects urban mobility, environment, and life quality. To address this, a comprehensive understanding of its causes and tailored solutions is essential.\n\n#### Causes of Traffic Congestion:\n\n1. **High Population Density and Vehicle Ownership:** Dense populations lead to excessive vehicles, especially in cities lacking efficient public transportation, increasing reliance on personal cars.\n   \n2. **Inadequate Infrastructure and Public Transit:** Outdated road networks and underdeveloped public transit systems force heavy reliance on personal vehicles, worsening congestion.\n\n3. **Urban Planning and Economic Activity:** Concentrated employment hubs without sufficient transport options lead to longer commutes. Suburban sprawl further strains infrastructure, amplifying congestion.\n\n4. **Traffic Incidents and Management:** Accidents, construction, and poor traffic management often cause bottlenecks, resulting in significant delays.\n\n#### Solutions:\n\n1. **Enhanced Public Transportation:** Investment in metro systems and bus rapid transit reduces car dependency. Incentives like reduced fares promote usage, with Curitiba and Tokyo as successful examples.\n\n2. **Smart Traffic Management:** Technology like adaptive signals and congestion pricing, as seen in London's congestion charge, optimizes traffic flow.\n\n3. **Urban and Infrastructure Development:** Mixed-use zoning reduces commutes by integrating residential and commercial spaces, while expanding cycling and pedestrian paths offers alternatives to driving.\n\nIn summary, resolving traffic congestion requires strategic integration of technology, policies, and urban planning. By adapting successful global examples to local contexts, cities can improve mobility, lessen environmental impact, and enhance residents' lives."
2026-06-25T10:27:00.990846,all,reasoning_0,reasoning,Explain why traffic congestion occurs in large cities and propose 3 countermeasures.,1,1,"The draft effectively explores the causes of traffic congestion in major cities and suggests solutions, but could improve in clarity, originality, and completeness. The relationship between causes like high population density and their effects, such as increased emissions, should be explicitly linked to enhance clarity. Originality can be improved by citing less commonly referenced examples or recent technologies. Additionally, discussing the social or behavioral aspects contributing to congestion and acknowledging implementation challenges would present a more balanced view.\n\n### Traffic Congestion Overview\n\nTraffic congestion, a pervasive issue in urban areas, leads to prolonged commutes, increased emissions, and decreased quality of life. Understanding its causes is vital for effective interventions.\n\n#### Causes\n\n- **High Population Density & Vehicle Ownership:** Urban areas with dense populations often see an overabundance of vehicles, leading to longer travel times and higher emissions due to overcrowded roads.\n  \n- **Inadequate Infrastructure:** Outdated transport systems force reliance on personal vehicles, worsening congestion.\n\n- **Urban Planning & Economic Patterns:** Centralized economic activities and sprawling city designs increase commute distances and congestion.\n\n- **Traffic Management & Disruptions:** Ineffective management and disruptions like accidents further hinder flow.\n\n#### Countermeasures\n\n- **Public Transportation Investment:** Improving metro, tram, and bus services, as seen with Bogotá's TransMilenio, can reduce reliance on personal vehicles.\n\n- **Smart Traffic Solutions:** Technologies such as adaptive signals and congestion pricing, exemplified by Singapore's ERP system, can manage traffic efficiently.\n\n- **Strategic Urban Planning:** Mixed-use zoning and infrastructure for pedestrians and cyclists, like in Amsterdam, decrease the need for vehicular travel.\n\nIn conclusion, addressing traffic congestion demands comprehensive strategies integrating public transit enhancements, smart technologies, and urban planning, tailored to local contexts for sustainable urban progress."
2026-06-25T10:27:19.457819,all,reasoning_0,reasoning,Explain why traffic congestion occurs in large cities and propose 3 countermeasures.,1,2,"### Critique and Revised Draft of Traffic Congestion Analysis\n\n**Critique:**\n\n1. **Clarity and Coherence:** The original draft highlighted traffic congestion causes and solutions but needed better transition phrases to improve the flow and coherence of sections and paragraphs.\n\n2. **Originality:** The draft lacked novel insights. Including examples of cities with innovative congestion solutions would enhance originality and demonstrate practical applicability.\n\n3. **Completeness:** The draft covered key points but didn’t fully address the social and economic consequences of proposed solutions. Discussing the challenges and trade-offs would provide a more balanced analysis.\n\n**Revised Draft:**\n\n### Understanding Traffic Congestion in Large Cities\n\nTraffic congestion in urban areas results in extended travel times, environmental harm, and economic inefficiencies. Addressing this issue requires understanding its causes and strategic countermeasures.\n\n#### Causes\n\n1. **High Population Density and Vehicle Ownership:** Overcrowded cities and high private vehicle ownership lead to congestion, especially during peak hours.\n2. **Inadequate Infrastructure:** Outdated infrastructure and limited public transit options push residents towards private cars, worsening congestion.\n3. **Urban Planning Issues:** Centralized business districts and poor zoning lead to concentrated commuter traffic.\n4. **Traffic Disruptions:** Accidents, road maintenance, and poor driving habits contribute to congestion.\n\n#### Proposed Solutions\n\n1. **Public Transport Enhancement:** Investing in systems like BRT and metro networks and encouraging their use through incentives can reduce reliance on private vehicles.\n2. **Smart Traffic Management:** Using intelligent systems like adaptive signals and congestion pricing can optimize traffic flow. Integrating these with public transit can further alleviate congestion.\n3. **Strategic Urban Planning:** Developing mixed-use areas and reducing centralized economic activities can shorten commutes. Prioritizing pedestrian and cycling infrastructure can decrease car dependency.\n\n#### Conclusion\n\nTackling traffic congestion requires integrating public transport improvements, smart technology, and urban planning. Cities must consider socio-economic impacts and engage communities for tailored solutions that promote sustainable urban growth and improved quality of life. Such strategies can transform congestion challenges into opportunities for urban improvement."
2026-06-25T10:27:35.070792,all,reasoning_0,reasoning,Explain why traffic congestion occurs in large cities and propose 3 countermeasures.,1,3,"The draft's clarity could be improved by succinctly explaining the link between urban centralization and traffic congestion, a point currently muddled. It primarily offers conventional solutions for traffic issues, lacking innovative or novel approaches. Additionally, it overlooks short-term remedies and potential implementation barriers.\n\n**Overview of Traffic Congestion in Urban Areas**\n\nTraffic congestion, prevalent in global cities, results in delays, pollution, and reduced quality of life. Major contributing factors include high population density, inadequate infrastructure, centralized urban and economic structures, and disruptions like accidents and traffic inefficiencies.\n\nProposed countermeasures emphasize the importance of expanding public transit systems and integrating smart traffic technologies such as adaptive signal control and congestion pricing. Sustainable urban development also plays a key role—promoting mixed-use areas, enhancing pedestrian and cycling infrastructures, and reducing car dependency can ease congestion.\n\n**Conclusion**\n\nAn integrated, multi-pronged approach utilizing technology, infrastructure improvements, and sustainable planning is crucial for mitigating congestion. Successful global examples like Singapore and Amsterdam highlight the efficacy of combining immediate and long-term strategies to foster efficient urban environments."
2026-06-25T10:27:53.243903,all,reasoning_0,reasoning,Explain why traffic congestion occurs in large cities and propose 3 countermeasures.,1,4,"The draft effectively identifies urban traffic congestion as a critical issue, detailing causes such as high population density, inadequate infrastructure, and inefficient driving habits. It suggests solutions like enhancing public transport, using smart traffic management technologies, and promoting mixed-use urban planning. However, the draft could improve by explicitly connecting causes to solutions, such as linking high population density directly to increased public transport initiatives. Introducing innovative strategies and diverse case studies could enhance originality, while more detailed implementation insights, focusing on funding and community engagement, would provide a comprehensive solution. Implementing these strategies requires collaboration among cities, leveraging examples like Singapore's MRT system and Copenhagen's cycling network to illustrate successful practices. Overall, a holistic approach combining technology, sustainable planning, and strategic investments can transform urban centers into more sustainable and livable environments."
2026-06-25T10:28:11.745984,all,reasoning_0,reasoning,Explain why traffic congestion occurs in large cities and propose 3 countermeasures.,2,0,"### Critique and Revised Summary of the Draft on Traffic Congestion\n\n#### Critique\n\n1. **Clarity and Coherence:** The draft is well-structured but can improve in clarity by more precisely explaining connections between causes and solutions. For example, the link between public transportation inefficiencies and high vehicle ownership needs clear delineation. Directly aligning solutions with each cause could enhance readability.\n\n2. **Originality:** While the draft addresses familiar causes and solutions for traffic congestion, it could be enriched by incorporating unconventional insights or fresh ideas, such as recent advancements in green transportation technology or novel urban planning strategies.\n\n3. **Completeness:** The draft outlines several solutions but lacks detail on practical implementation challenges. Including examples of barriers faced by cities trying similar measures would provide a more comprehensive view.\n\n#### Revised Draft Summary\n\n### Understanding and Addressing Traffic Congestion in Large Cities\n\nUrban traffic congestion is a global challenge, contributing to prolonged commutes, increased pollution, and reduced quality of life. Solutions demand a nuanced understanding of underlying causes and innovative interventions.\n\n#### Causes\n\n1. **High Population Density and Vehicle Dependence:** Inadequate public transit in densely populated cities leads to high private vehicle ownership, causing overcrowded roads.\n\n2. **Outdated Infrastructure:** Aging transportation systems force reliance on private vehicles, compounding congestion.\n\n3. **Poor Urban Planning:** Segregated business and residential areas necessitate car use for commuting, worsening traffic.\n\n4. **Suboptimal Traffic Management:** Frequent road disruptions and inefficient management exacerbate congestion challenges.\n\n#### Solutions\n\n1. **Public Transportation Investment:** Modernizing transit systems like BRT and metro networks reduces car dependency, exemplified by Bogotá’s TransMilenio and Tokyo’s metro.\n\n2. **Smart Traffic Technologies:** Adaptive signals and congestion pricing, like Singapore’s ERP system, optimize traffic flow.\n\n3. **Integrated Urban Planning:** Mixed-use developments and infrastructure for cyclists and pedestrians, as seen in Amsterdam, provide viable alternatives to driving.\n\n#### Conclusion\n\nAddressing traffic congestion requires a multipronged approach: enhancing transit options, utilizing smart technologies, and embracing innovative planning. Success depends on recognizing socio-economic contexts and overcoming implementation hurdles by learning from global examples and engaging communities."
2026-06-25T10:28:30.882040,all,reasoning_0,reasoning,Explain why traffic congestion occurs in large cities and propose 3 countermeasures.,2,1,"The revised draft on understanding traffic congestion emphasizes its complexity in urban environments, characterized by longer commutes, pollution, and reduced quality of life. It outlines key causes: high population density with vehicle dependency, inadequate infrastructure, poor urban planning leading to segmented zones, and inefficiencies due to traffic incidents. The solutions proposed include expanding public transit systems, leveraging smart traffic management technologies, and implementing mixed-use developments that reduce travel demands. Using examples from cities like Bogotá, Tokyo, and Amsterdam, it highlights successes in implementing enhanced transport and infrastructure solutions, while also considering innovative technologies like autonomous vehicles and ride-sharing. The draft concludes by advocating for a multifaceted, adaptable strategy that aligns with local needs to transform traffic challenges into opportunities for sustainable growth and enhanced urban living, stressing the importance of an integrated approach."
2026-06-25T10:28:48.415496,all,reasoning_0,reasoning,Explain why traffic congestion occurs in large cities and propose 3 countermeasures.,2,2,"### Understanding Traffic Congestion in Large Cities: Analysis and Solutions\n\nTraffic congestion in large urban areas is a significant challenge, impacting travel times, environmental health, and residents' quality of life. Addressing this issue requires understanding its causes and implementing tailored solutions.\n\n#### Causes of Traffic Congestion\n\n1. **Population Density and Vehicle Ownership:**\n   - Rising urban populations lead to increased private vehicle use, especially in cities lacking robust public transport, congesting roads.\n\n2. **Inadequate Infrastructure:**\n   - Outdated infrastructure fails to handle modern traffic levels, pushing residents towards personal vehicles due to insufficient public transit options.\n\n3. **Urban Planning and Economic Patterns:**\n   - Centralized economic activities and unregulated suburban growth without appropriate transit options lengthen commutes and worsen congestion.\n\n4. **Traffic Management and Disruptions:**\n   - Poor traffic management, routine roadworks, and unexpected delays further complicate congestion issues.\n\n#### Proposed Countermeasures\n\n1. **Public Transportation Investment:**\n   - Expanding and modernizing transit systems like metro lines and bus rapid transit can reduce car reliance. Successful examples include Bogotá’s TransMilenio and Tokyo’s metro. Cities can also increase public transit adoption through reduced fares and employer subsidies.\n\n2. **Smart Traffic Management:**\n   - Intelligent systems like adaptive signal control and congestion pricing optimize traffic flow. Programs such as Singapore’s Electronic Road Pricing and London’s congestion charge have effectively managed peak-time traffic.\n\n3. **Strategic Urban Planning:**\n   - Developing mixed-use neighborhoods reduces the need for long commutes. Enhancing infrastructure for cyclists and pedestrians, as seen in Amsterdam, promotes non-motorized transport and relieves road congestion.\n\n#### Conclusion\n\nTackling traffic congestion requires integrating public transport improvements, smart technology, and strategic urban planning while considering socio-economic impacts to ensure equity and accessibility. By learning from global successes and involving local communities, cities can transform congestion challenges into sustainable urban development opportunities."
2026-06-25T10:29:04.666656,all,reasoning_0,reasoning,Explain why traffic congestion occurs in large cities and propose 3 countermeasures.,2,3,"### Understanding Traffic Congestion in Large Cities\n\nTraffic congestion is a pervasive issue in urban areas, resulting in longer travel times, environmental damage, and economic challenges. Addressing this problem requires an understanding of its root causes and the development of comprehensive countermeasures.\n\n#### Causes\n\n1. **Population Density and Vehicle Use:**\n   - High population densities lead to increased vehicle ownership and road congestion, particularly during peak hours.\n   \n2. **Infrastructure Limitations:**\n   - Outdated infrastructure and underdeveloped public transit force reliance on private cars, exacerbating congestion.\n   \n3. **Urban Planning Shortcomings:**\n   - Centralized business areas and sprawling suburbs drive long commutes and traffic bottlenecks, compounded by limited transport alternatives.\n   \n4. **Traffic Mismanagement:**\n   - Incidents, maintenance issues, and inefficient management add to delays and road inefficiencies.\n\n#### Solutions\n\n1. **Public Transportation Enhancement:**\n   - Investment in metro and bus systems, supported by incentives like fare reductions, can decrease car dependence, exemplified by Bogotá's TransMilenio system.\n   \n2. **Smart Traffic Technologies:**\n   - Technologies such as adaptive signals and congestion pricing improve flow, as seen in Singapore's ERP system.\n   \n3. **Strategic Urban Design:**\n   - Developing mixed-use areas reduces commute lengths; cities like Amsterdam use pedestrian and cycling infrastructure effectively to lower car usage.\n\n#### Conclusion\n\nEffectively reducing traffic congestion requires a combination of public transport improvements, smart technology usage, and visionary urban planning, tailored to local needs and inspired by successful global practices. The focus must also include overcoming challenges such as securing resources and ensuring social and environmental fairness, contributing to improved urban mobility and living standards."
2026-06-25T10:29:19.279367,all,reasoning_0,reasoning,Explain why traffic congestion occurs in large cities and propose 3 countermeasures.,2,4,"The draft effectively explores traffic congestion in large cities, highlighting its causes and proposing comprehensive solutions. However, it could improve by smoothing transitions and introducing emerging technologies. The text discusses causes like high population densities, inadequate infrastructure, centralized economic activities, and traffic mismanagement. To address these, the draft suggests enhancing public transport by emulating successful models, adopting new mobility solutions such as ride-sharing, implementing smart traffic management technologies, and pressing for urban planning that reduces commuting needs. It recommends anticipating barriers such as economic costs and political resistance and stresses the importance of community engagement and equitable access. Together, these approaches create opportunities for innovation and better urban living."
2026-06-25T10:29:35.006688,all,reasoning_0,reasoning,Explain why traffic congestion occurs in large cities and propose 3 countermeasures.,3,0,"The revised draft offers a clearer, more structured analysis of traffic congestion in urban areas, emphasizing the need for targeted solutions. It identifies major causes, including high population density, inadequate infrastructure, poor urban planning, and ineffective traffic management. To address these, it proposes enhancing public transportation, adopting adaptive traffic technologies, and promoting sustainable urban planning. The draft highlights successful models from Bogotá, Tokyo, Singapore, and London while calling for innovation with lesser-known strategies and emerging technologies. It emphasizes the importance of addressing potential implementation challenges like funding and regulatory barriers, and encourages community involvement to ensure tailored and effective application. Measuring success via reduced commute times and lower emissions is also recommended. This comprehensive approach underscores the importance of socio-economic equity and sustainability to transform urban living and growth amid congestion challenges."
2026-06-25T10:29:49.111635,all,reasoning_0,reasoning,Explain why traffic congestion occurs in large cities and propose 3 countermeasures.,3,1,"Traffic congestion in major cities is a pressing issue that hampers daily life and contributes to pollution. To tackle this effectively, it's crucial to understand its causes and adopt comprehensive solutions. Key causes include high population density paired with reliance on private cars, aging and insufficient infrastructure, poor urban planning focused on centralized business districts, and ineffective traffic management. \n\nTo counter these, cities should invest in expanding and modernizing public transport systems, using successful models like Tokyo’s metro network, and consider subsidies to boost usage. Incorporating smart traffic technologies, such as adaptive signals and real-time data systems, can improve flow. Urban planning should pivot toward mixed-use developments to reduce commute needs, and infrastructure should cater to pedestrians and cyclists, exemplified by Copenhagen. Additionally, fostering flexible work policies can stagger peak traffic times and reduce overall congestion. \n\nA holistic approach involving public transport upgrades, smart technologies, urban redesign, and workplace flexibility is essential for sustainable urban mobility. This requires overcoming financial and political hurdles while engaging communities for equitable access and quality of life improvements."
2026-06-25T10:30:05.051457,all,reasoning_0,reasoning,Explain why traffic congestion occurs in large cities and propose 3 countermeasures.,3,2,"The revised draft presents a critical analysis of traffic congestion in urban centers, emphasizing the necessity of understanding both causes and solutions to address this global issue. Key causes identified are high population density with vehicle dependency, outdated infrastructure, poor urban planning, and ineffective traffic management. Proposed solutions include investing in public transportation, adopting smart traffic technologies like adaptive signaling, and strategic urban planning with mixed-use developments. The draft suggests incorporating lesser-known case studies and innovative technologies for originality, and highlights potential implementation challenges such as funding and cultural attitudes. Concluding, it advocates for a multi-faceted strategy, integrating community involvement and innovative practices to turn congestion problems into opportunities for sustainable urban enhancement."
2026-06-25T10:30:21.146393,all,reasoning_0,reasoning,Explain why traffic congestion occurs in large cities and propose 3 countermeasures.,3,3,"### Critique and Revised Content Summary\n\nThe draft discussing traffic congestion in large cities is generally well-structured but would benefit from more concise language and clearer transitions between sections. While it outlines common causes of congestion, it lacks originality and depth in exploring innovative solutions. The draft could incorporate cutting-edge technologies and geographical context regarding economic and environmental impacts. Additionally, more detailed examples of successful countermeasures are needed.\n\n### Revised Understanding\n\nTraffic congestion poses significant challenges in urban environments, affecting travel times, pollution, and economic activity. Key causes include high vehicle dependency due to inadequate public transport, outdated infrastructure, poor urban planning separating residential and commercial zones, and inefficient traffic management systems. \n\n### Effective Countermeasures\n\n1. **Public Transport Development:** Expanding efficient, accessible public transit systems, as exemplified by Bogotá's TransMilenio, can reduce reliance on private vehicles.\n   \n2. **Smart Traffic Technologies:** Implementing adaptive signals and real-time management systems, like those in Singapore and London, enhances traffic flow and reduces congestion.\n\n3. **Innovative Urban Planning:** Encouraging mixed-use developments and investing in pedestrian and cyclist infrastructure, as seen in Amsterdam, can decrease automobile dependency.\n\n### Conclusion\n\nCombining public transport enhancements, smart technologies, and innovative planning is crucial for tackling congestion. Addressing local community needs and leveraging global best practices can transform urban transport challenges into sustainable living opportunities."
2026-06-25T10:30:39.819160,all,reasoning_0,reasoning,Explain why traffic congestion occurs in large cities and propose 3 countermeasures.,3,4,"### Critique and Revised Content Overview:\n\n#### Critique:\n\n1. **Clarity and Coherence:** While the draft is overall clear, more explicit links between specific causes (e.g., ""High Population Density"") and corresponding countermeasures are needed to enhance coherence.\n   \n2. **Originality:** The draft lacks innovative perspectives, reiterating common issues and solutions. Adding novel insights or highlighting new technologies could significantly enhance originality.\n\n3. **Completeness:** The draft doesn't fully explore the limitations or challenges of the proposed solutions. Discussing feasibility and potential drawbacks would create a more balanced narrative.\n\n#### Revised Content:\n\n### Understanding Traffic Congestion in Urban Areas: Causes and Strategic Solutions\n\nTraffic congestion remains a critical urban issue, impacting commutes, environmental health, and life quality. Effectively addressing this challenge necessitates a thorough analysis of its causes and strategic, multi-pronged solutions.\n\n#### Causes:\n\n1. **High Population Density and Vehicle Dependence:** Rapid urban population growth and inadequate scaling of public transport lead to increased private vehicle use, causing congestion.\n   \n2. **Inadequate Infrastructure:** Outdated roads and transit systems fall short of supporting traffic volumes, increasing reliance on personal vehicles.\n\n3. **Inefficient Urban Planning:** The spatial separation between residential and commercial zones extends commutes, heightening congestion.\n\n4. **Suboptimal Traffic Management:** Issues like frequent roadwork and poor traffic signal synchronization exacerbate existing inefficiencies.\n\n#### Strategic Solutions:\n\n1. **Enhancing Public Transportation:** Investing in metro and bus rapid transit systems, modeled after successes like Bogotá's TransMilenio, can significantly reduce car use. Offering affordable, convenient options encourages usage.\n\n2. **Leveraging Advanced Technologies:** Implementing adaptive traffic lights and congestion pricing, as seen in Singapore's ERP and London's congestion charge, can optimize traffic flows and reduce congestion.\n\n3. **Promoting Integrated Urban Development:** Establishing mixed-use neighborhoods that combine residential, commercial, and leisure spaces can reduce commute distances. Amsterdam's pedestrian-focused infrastructure exemplifies reduced car reliance.\n\n#### Conclusion:\n\nTackling traffic congestion in large cities requires enhancing public transport, adopting smart technologies, and pursuing strategic urban planning. Solutions must be tailored to local contexts, considering social inclusivity, environmental impact, and specific implementation barriers, to ensure sustainable urban development and improved quality of life. Through these efforts, congestion challenges can transform into opportunities for urban growth and better living standards."
2026-06-25T10:30:57.295182,all,reasoning_0,reasoning,Explain why traffic congestion occurs in large cities and propose 3 countermeasures.,4,0,"### Understanding Traffic Congestion in Urban Areas: Exploring Causes and Innovative Solutions\n\nTraffic congestion deteriorates travel efficiency and life quality in many metropolitan areas. Addressing it requires understanding core causes and implementing innovative strategies.\n\n#### Causes of Traffic Congestion:\n\n1. **Population Density and Vehicle Dependency:** Insufficient public transport in growing cities increases dependence on private vehicles, worsening congestion.\n2. **Aging Infrastructure:** Inadequate urban transport networks cause bottlenecks and delays.\n3. **Poor Urban Planning:** Separation of residential and commercial zones extends commutes, overcrowding roads during peak times.\n4. **Ineffective Traffic Management:** Outdated signal systems fail to adapt to real-time traffic changes.\n\n#### Innovative Countermeasures:\n\n1. **Public Transportation Revamp:** Expanding transit networks like Bogotá’s and making them affordable boosts usage. Adapting models to local contexts enhances effectiveness.\n2. **Advanced Traffic Technologies:** Smart signals, like those in Singapore, optimize flow, while dynamic congestion pricing deters peak-time car travel, potentially using machine learning for better management.\n3. **Smart Urban Development:** Promoting mixed-use neighborhoods reduces commutes. Vertical development and improving infrastructure for pedestrians and cyclists encourage sustainable transit.\n\n#### Conclusion:\n\nEffective traffic congestion solutions combine robust transport systems, advanced technologies, and innovative planning tailored to each city's needs. Engaging local communities in crafting these strategies will transform congestion challenges into opportunities for growth, enhancing life quality and environmental sustainability. Addressing potential limitations and community engagement ensures equity and efficacy in urban mobility improvements."
2026-06-25T10:31:12.290815,all,reasoning_0,reasoning,Explain why traffic congestion occurs in large cities and propose 3 countermeasures.,4,1,"The revised draft critiques a document discussing traffic congestion causes and solutions. It highlights the need for improved clarity and coherence through distinct subheadings and richer detail in explanations. Originality could be enhanced by incorporating lesser-known examples beyond Bogotá’s TransMilenio and London’s congestion pricing. The draft's completeness is questioned due to insufficient details on the impact of proposed measures, suggesting the need to articulate expected outcomes and interconnected strategies.\n\nThe draft identifies key congestion causes such as high population density, outdated infrastructure, ineffective urban planning, and poor traffic management. Proposed solutions include enhancing public transport through infrastructure investment and subsidies, implementing smart traffic technologies like adaptive signals and dynamic pricing, and revolutionizing urban planning by encouraging mixed-use development and expanding green infrastructure. Successful examples include Curitiba’s transit system, Barcelona’s smart signals, Stockholm’s congestion pricing, Vienna’s mixed-use planning, and Copenhagen’s cycling networks.\n\nThe conclusion emphasizes that a nuanced, multifaceted approach is essential, combining public transit, technology, and urban planning tailored to each city’s context for sustainable, livable, and economically prosperous urban environments."
2026-06-25T10:31:25.620384,all,reasoning_0,reasoning,Explain why traffic congestion occurs in large cities and propose 3 countermeasures.,4,2,"The draft effectively addresses urban traffic congestion, though it could improve by strengthening the connection between causes and solutions with clearer bridging statements. Simplifying complex terms could enhance clarity. Adding less conventional strategies, like car-sharing platforms or telecommuting incentives, would provide fresh perspectives. The content covers major areas but lacks depth in discussing the socio-economic and environmental impacts of congestion. Enhancing public transportation, leveraging technologies like adaptive traffic systems, and embracing integrated urban development are key strategies. For instance, Bogotá's BRT or Amsterdam's mixed-use neighborhoods exemplify successful implementations. Future solutions should consider local needs, enhance clarity, and incorporate emerging strategies for socioeconomic and environmental impacts."
2026-06-25T10:31:41.394388,all,reasoning_0,reasoning,Explain why traffic congestion occurs in large cities and propose 3 countermeasures.,4,3,"The revised draft focuses on the critical problem of traffic congestion in urban centers, emphasizing the need for a tailored, strategic approach to tackle its causes and impacts. Key factors contributing to congestion include high population density, outdated infrastructure, inefficient urban planning, and inadequate traffic management. The document highlights innovative solutions such as enhancing public transportation systems, integrating smart traffic technologies, promoting Urban Mobility as a Service (MaaS), and incentivizing remote work. While the draft adequately addresses these factors, it suggests further originality by exploring less common solutions. Additionally, it would be beneficial to elaborate on the challenges of implementing these solutions and how to overcome them, making the discourse more comprehensive and practical. A multi-faceted strategy—incorporating public transport improvements, smart tech adoption, and urban planning reforms—should be customized to each city, considering economic, social, and environmental factors, and overcoming logistical barriers. The focus on public participation and adaptative measures aims to transform congestion challenges into opportunities for sustainable urban development and enhanced living conditions."
2026-06-25T10:31:56.189038,all,reasoning_0,reasoning,Explain why traffic congestion occurs in large cities and propose 3 countermeasures.,4,4,"The revised draft on traffic congestion in large cities effectively outlines the problem’s intricacies and proposes strategic solutions, but it could benefit from improved clarity, originality, and completeness. The draft logically progresses from identifying issues like high population density, inadequate infrastructure, poor urban planning, and ineffective traffic management to suggesting remedies such as enhancing public transportation, implementing smart traffic technologies, and pioneering innovative urban planning. However, smoother transitions between causes and solutions are needed, particularly for ""Inadequate Infrastructure."" The language occasionally relies on jargon which could alienate readers unfamiliar with urban planning. The piece lacks originality, repeating standard solutions without novel insights. Incorporating emerging technologies or innovative planning models could add uniqueness. Additionally, the draft would be more comprehensive by addressing the feasibility, costs, and potential downsides of proposed solutions. To comprehensively tackle congestion, cities should tailor solutions by leveraging global best practices and involving community input, ensuring they adapt to evolving urban dynamics and socio-economic considerations."
2026-06-25T10:24:45.183540,all,idea_2,idea,Generate 5 services that use AI to support elderly people living alone.,0,0,"The critique highlights areas for improvement in clarity, originality, and completeness of a draft proposing AI-driven services for the elderly. To enhance clarity, the descriptions should separate service features from the main service explanation, simplify technical jargon, and improve readability for the target audience. For originality, the draft should emphasize unique AI applications and include examples or case studies demonstrating successful implementation to signal innovation. Regarding completeness, a concluding statement tying the ideas together and addressing potential challenges like user adoption and privacy concerns would strengthen the draft.\n\nThe revised draft outlines five AI-driven services for the elderly: an AI-powered personal assistant for basic tasks and companionship, a health monitoring and alert system integrated with wearable tech, a fall detection and prevention service, cognitive and mental health support tools, and transportation assistance. Each service employs advanced AI features to promote independence, safety, and well-being. The draft suggests that ongoing innovation will enhance these services' effectiveness and adoption, addressing evolving challenges in elderly care."
2026-06-25T10:25:05.995050,all,idea_2,idea,Generate 5 services that use AI to support elderly people living alone.,0,1,"The draft outlines AI-driven services designed to enhance the quality of life for elderly individuals living alone, focusing on safety, health monitoring, social engagement, and well-being. \n\n1. **AI-Powered Health Monitoring System** uses wearables and sensors for health data analysis, providing alerts and personalized advice, integrating seamlessly with telehealth services, and offering adaptive medication reminders.\n\n2. **Intelligent Home Assistants** offer voice-activated control of home systems, proactive task management, cognitive exercises, and emergency protocols.\n\n3. **AI Companion Robots** provide companionship through conversational AI, assist with household chores, emotional recognition, and facilitate communication with family and friends.\n\n4. **Smart Environment Safety Monitoring** uses advanced sensors for fall detection and environmental surveillance, providing video feeds and emergency alerts.\n\n5. **AI Social Engagement Platforms** combat isolation by connecting seniors to virtual communities and local meet-ups, with features like personalized recommendations, chatbots, and video calls.\n\nThe draft is generally clear but could benefit from distinguishing overlapping service features, incorporating unique technological advancements, and adding practical examples to enhance originality and completeness."
2026-06-25T10:25:23.687956,all,idea_2,idea,Generate 5 services that use AI to support elderly people living alone.,0,2,"The draft effectively outlines AI-driven services aimed at enhancing the safety, health, and well-being of elderly individuals living alone. However, to improve clarity and coherence, some descriptions should be simplified, and transitions between service descriptions and benefits can be made smoother. The originality of the services could be heightened by incorporating innovative ideas or highlighting niche AI technologies not commonly known. Completeness can be achieved by including examples of existing technologies and addressing potential challenges like privacy concerns and user adaptation. \n\nRevised services include: \n\n1. **AI-Powered Health Monitoring Systems** that utilize wearables to track vital signs and alert for irregularities, offering health advice and reminders.\n   \n2. **Smart Home Automation and Safety Systems** that manage home environments and enhance safety by detecting unusual activity and potential hazards.\n\n3. **Virtual Companions for Social Interaction** that engage seniors in conversations, activities, and social reminders to combat loneliness.\n\n4. **AI-Enhanced Telemedicine** that improves remote diagnosis and consultation efficiency without the need for travel.\n\n5. **AI-Driven Meal Planning and Nutrition Assistance** through smart appliances and virtual assistants to ensure balanced diets.\n\nFor successful implementation, attention must be given to privacy issues and the technology's accessibility for seniors to encourage adoption and maximize benefits."
2026-06-25T10:25:40.689767,all,idea_2,idea,Generate 5 services that use AI to support elderly people living alone.,0,3,"The revised draft highlights a framework of five advanced AI services designed to enhance the lives of elderly individuals living independently by improving their safety, health, and well-being. These services include:\n\n1. **Comprehensive Health Monitoring System**: This service features wearable devices for continuous health data collection, analyzed by AI to predict health issues. It provides alerts for caregivers upon detecting anomalies and integrates with telehealth tools for virtual healthcare.\n\n2. **Smart Emergency Response and Home Safety Network**: Combining AI voice recognition with sensor monitoring, it ensures rapid emergency response with minimal input. It creates personalized safety protocols adapted to individual health data and historical emergencies.\n\n3. **AI-Driven Virtual Companionship Hub**: Aimed at reducing isolation, this platform offers AI conversational agents that learn preferences for personalized interactions and coordinates virtual activities to maintain social connections.\n\n4. **Enhanced Cognitive Support and Memory Aid Tool**: This tool employs dynamic cognitive exercises that adjust based on user performance, along with intelligent reminders tailored by machine learning to support memory and cognitive function.\n\n5. **Integrated Smart Home Experience**: AI enhances smart home features, allowing intuitive management of tasks like lighting and climate through voice and app commands. It includes AI surveillance for security by detecting anomalous activities.\n\nCollectively, these services support the autonomy of elderly individuals through a blend of practical applications and community connectivity."
2026-06-25T10:26:02.621428,all,idea_2,idea,Generate 5 services that use AI to support elderly people living alone.,0,4,"The draft critiques provide valuable feedback on the AI solutions proposed for elderly care and offer suggestions for improvement. The draft successfully outlines five AI-driven services to enhance independent living for seniors: health monitoring, smart home automation, social companionship, cognitive assistance, and personalized transportation. However, it lacks specificity in sections like the transportation service's integration with health data and future AI developments that could assist the elderly. Originality could be heightened by including less recognized emerging technologies and real-world case studies. The draft is incomplete as it doesn't address potential privacy and ethical issues, nor does it explore the measurable impact of these services on seniors' well-being. Incorporating these elements could enhance the draft's clarity, originality, and completeness, ensuring a more holistic representation of how AI can empower elderly individuals to maintain independence safely and effectively."
2026-06-25T10:26:19.536312,all,idea_2,idea,Generate 5 services that use AI to support elderly people living alone.,1,0,"The draft could benefit from clearer explanations and more originality, as it currently uses many technical terms without simple explanations, which might confuse a general audience. Additionally, the proposed services need more innovation to stand out, as many ideas are already common in discussions about technology for the elderly. \n\nTo address these issues, the revised draft introduces simplified AI-driven services aimed at supporting elderly individuals living alone by enhancing their safety, health, and social engagement. These services include a **Comprehensive Health Monitoring System** using wearable devices to monitor health and send alerts; a **Home Safety and Automation Framework** for safer living through AI-connected home devices and emergency protocols; an **AI-Based Social Interaction Assistant** to combat loneliness with meaningful conversation and mood tracking; a **Dynamic Cognitive Support Program** for personalized cognitive exercises and task reminders; and a **Smart Mobility Network** for safe travel tailored to individual health and preferences. These services, focusing on user-friendly and privacy-conscious designs, aim to foster autonomy and improve quality of life for seniors. Collaborations with healthcare and tech companies are vital to addressing privacy concerns and enhancing user trust."
2026-06-25T10:26:33.079337,all,idea_2,idea,Generate 5 services that use AI to support elderly people living alone.,1,1,"The revised proposal outlines a comprehensive AI-driven support ecosystem to enhance the lives of elderly individuals living alone. It includes five services: \n\n1. **Advanced Health Monitoring and Predictive Alerts**: This employs wearable devices and AI to continuously track vital signs, predicting health issues and allowing for quick telehealth interventions.\n\n2. **Intelligent Home Safety and Emergency Response**: Integrating AI with home automation, it manages environmental safety and swiftly activates emergency protocols when needed, tailored to individual preferences and capabilities.\n\n3. **AI Companionship and Social Connectivity Platforms**: By using adaptive conversational agents and programming social engagement activities, this service helps mitigate loneliness and foster community ties.\n\n4. **Cognitive and Memory Support Tools**: Machine learning-driven cognitive exercises and intelligent reminders aid in maintaining mental acuity and autonomy.\n\n5. **Personalized Transportation and Mobility Solutions**: AI-enabled transportation services ensure safe, timely travel for healthcare and social purposes, adaptable to personal mobility needs.\n\nThe draft recommends enhancing narrative flow and individuality through unique service elements and niche focuses. It also suggests addressing privacy, user interface accessibility, adoption challenges, and sustainability by incorporating user training, involved caregivers, affordability, and practical real-world examples to ensure these solutions effectively support elderly independence and comprehensive care."
2026-06-25T10:26:54.571471,all,idea_2,idea,Generate 5 services that use AI to support elderly people living alone.,1,2,"The draft emphasizes AI-driven services aimed at enhancing the independence and well-being of elderly individuals. Key improvements suggested include simplifying technical jargon for clarity, offering unique and innovative service details to add originality, and incorporating specific examples or scenarios to enhance completeness.\n\nThe refined approach outlines five main services: \n\n1. **AI-Enhanced Health Monitoring**: Utilizes smart wearables for real-time health metrics, predictive health alerts, and integrated telehealth for virtual consultations and medication reminders.\n   \n2. **Smart Home Automation and Safety**: Implements AI for appliance control and anomaly detection to ensure safety and energy efficiency.\n   \n3. **AI-Powered Social Engagement**: Features virtual companions for interaction, cognitive exercises, and maintaining social connections.\n   \n4. **Mobility and Independence Assistance**: Manages transportation logistics using AI, with partnerships for ride-sharing and automated vehicle services to encourage independence.\n   \n5. **Community-Integrated Ethical AI Framework**: Focuses on secure data management, user-friendly designs, and community workshops to build understanding and trust.\n\nOverall, these services are designed to enhance autonomy, quality of life, and address ethical concerns related to privacy and accessibility, making AI's practical and emotional benefits fully accessible for seniors."
2026-06-25T10:27:11.422447,all,idea_2,idea,Generate 5 services that use AI to support elderly people living alone.,1,3,"The revised draft introduces a pioneering suite of AI-driven services designed to enhance the autonomy and well-being of elderly individuals living independently. These services leverage advanced AI technologies to improve safety, health, social connections, and daily living while addressing privacy and user adaptation challenges. The five innovative services include:\n\n1. **Integrated AI Health and Wellness Platform**: This platform uses wearable devices to monitor vital signs and employs predictive analytics for early health issue detection, providing seamless telehealth connections and personalized medication alerts.\n\n2. **Intelligent Home Safety and Alert Network**: Utilizing AI-driven sensors and voice technology, this service monitors home safety, detects abnormalities like falls, and alerts emergency services, with data encryption ensuring privacy.\n\n3. **Dynamic AI-Based Social Engagement Platform**: An adaptable platform featuring AI companions that facilitate social activities to combat loneliness, recommending local events to enhance social engagement beyond virtual interactions.\n\n4. **Customizable Cognitive and Memory Support System**: Employing machine learning to offer tailored cognitive exercises, this service dynamically adjusts challenges and provides intelligent reminders to support memory and organization.\n\n5. **AI-Optimized Transportation and Mobility Service**: This service provides personalized travel suggestions and adjusts routes in real-time, offering secure, comfortable journeys with voice-guided assistance.\n\nTo boost adoption and impact, the services require strategies like robust data protection and transparent consent. Showcasing real-world pilot studies and success stories could demonstrate their tangible benefits and promote widespread use, significantly improving seniors' quality of life."
2026-06-25T10:27:26.637076,all,idea_2,idea,Generate 5 services that use AI to support elderly people living alone.,1,4,"The revised draft succinctly outlines five innovative AI-driven services aimed at enhancing the independence, safety, health, and well-being of elderly individuals living alone. These services include AI Health Monitoring & Alert Systems, Smart Home Automation & Safety, AI Social Companionship Platforms, Cognitive Support Systems, and Personalized AI Transportation Services. The draft emphasizes the unique features and uses of AI, such as machine learning for health monitoring, voice activation for home automation, natural language processing for companionship, real-time adaptive cognitive exercises, and optimized travel planning tailored to health needs. However, the proposal could be improved by addressing implementation challenges like privacy and usability through training and simplified interfaces, while showcasing successful case studies to encourage adoption. This approach seeks to empower seniors, enhancing their quality of life and maintaining autonomy."
2026-06-25T10:27:46.052348,all,idea_2,idea,Generate 5 services that use AI to support elderly people living alone.,2,0,"The draft proposes a suite of AI-driven services designed to support elderly individuals living alone, with a focus on maintaining independence and safety. These services include:\n\n1. **AI Health Monitoring**: Using AI-integrated wearables to track vital signs and predict health trends, providing real-time updates to healthcare providers and family via telehealth. An example is offering timely cardiologist consultations when detecting atypical heart rhythms.\n\n2. **Smart Home Safety**: AI-powered automation system enhances safety by controlling devices and responding to anomalies (e.g., smoke, gas, falls) with voice controls and strong encryption for privacy. For instance, it autonomously shuts off gas and alerts services during a leak.\n\n3. **AI-Driven Social Companionship**: A virtual companion prevents isolation by engaging in conversations, organizing social activities, and recommending cognitive and physical exercises, such as suggesting a virtual book club and arranging transport.\n\n4. **Cognitive and Memory Assistance**: Offers personalized cognitive support and memory exercises, adapting challenges based on user performance to ensure ongoing engagement.\n\n5. **Responsive Transportation Solutions**: Personalized service using real-time data to optimize travel, providing updates and ride-sharing options with accessibility accommodations, ensuring timely arrivals at appointments.\n\n**Implementation considerations** include ensuring user data privacy with encryption and clear consent processes, designing intuitive interfaces with caregiver involvement for usability, and addressing affordability and access barriers. Collaboration with healthcare and community organizations will aid in scaling the solutions and building trust. This initiative aims to empower seniors with a comprehensive service suite for safe, healthy, and socially connected living."
2026-06-25T10:28:01.789709,all,idea_2,idea,Generate 5 services that use AI to support elderly people living alone.,2,1,"The revised draft presents a suite of five innovative AI-driven services aimed at improving the quality of life for elderly individuals living independently. These services focus on enhancing safety, health, social engagement, cognitive function, and mobility while maintaining user privacy and simplicity.\n\n1. **Proactive Health Monitoring System**: Employing AI wearables, this system captures vital signs and uses predictive analytics to alert caregivers to health issues, integrating telehealth for virtual consultations and medication reminders.\n   \n2. **Home Safety Automation with AI**: Incorporating AI sensors, this service detects hazards like falls and gas leaks, automates appliance controls, and alerts emergency contacts to ensure a secure home environment.\n\n3. **Digital Companionship and Social Engagement Network**: This platform combats loneliness with AI companions and connects users to social events and peers, fostering community and social bonds.\n\n4. **Cognitive Enhancement and Memory Aid Platform**: Utilizing machine learning, this tool offers cognitive exercises and intelligent reminders, aiding memory retention and independence.\n\n5. **Smart Transportation Solutions for Seniors**: Providing tailored travel options, this service plans routes suited to the user's mobility needs and collaborates with ride-share services for safe, efficient transportation.\n\nEach service is designed for easy integration into daily life with strong data privacy, relying on partnerships with tech and healthcare sectors for successful deployment. Real-world applications will demonstrate their benefits, instilling confidence among users and their families, thereby promoting autonomous and dignified living for the elderly."
2026-06-25T10:28:14.739567,all,idea_2,idea,Generate 5 services that use AI to support elderly people living alone.,2,2,"The draft introduces innovative AI services designed to bolster autonomy, safety, health, and social engagement for elderly individuals living alone. To improve clarity and engagement, the introduction should be concise and prioritize key insights. The services, while innovative, overlap with existing solutions; hence, emphasizing unique features through examples would enhance originality. The draft could also highlight how services integrate into a cohesive ecosystem, addressing concerns like cost and ease of adoption for non-tech-savvy users.\n\n**Revised Summary:**\n\nThis suite of AI services enhances elderly autonomy by integrating health monitoring, home safety, social engagement, cognitive support, and mobility solutions. Discreet health monitoring devices and telehealth features ensure timely alerts and healthcare access. A smart home ecosystem automates safety features, while AI-driven companionship fosters social connections. Tailored cognitive exercises enhance memory, and customized transportation aids mobility. These solutions, respecting user privacy, form a cohesive ecosystem improving elderly quality of life, demonstrated through pilot programs and testimonials."
2026-06-25T10:28:29.192872,all,idea_2,idea,Generate 5 services that use AI to support elderly people living alone.,2,3,"The critique of the original draft highlights areas for improvement in clarity, originality, and completeness. The draft's language could be more concise to maintain reader interest and clarity, particularly by focusing directly on how services enhance life for elderly individuals living alone. Emphasizing unique technological advancements tailored to the elderly could add originality, while an exploration of implementation, challenges, and solutions would provide a more complete perspective.\n\nThe revised proposal introduces five AI-driven services designed to enhance safety, health, social connection, and quality of life for the elderly:\n\n1. **AI-Powered Personal Health Guardian**: Utilizes wearable technology to monitor health metrics, providing alerts for anomalies and facilitating virtual consultations to prevent medical incidents.\n\n2. **Intelligent Home Safety System**: Employs smart sensors and AI assistants to detect risks like falls, automatically notifying emergency responders and optimizing household operations.\n\n3. **AI-Based Social and Emotional Connection Hub**: Uses AI companions for engaging interactions and recommends events to reduce loneliness and foster community involvement.\n\n4. **Cognitive Support and Stimulation Assistant**: Offers personalized cognitive exercises and routine task reminders to maintain mental acuity and organization.\n\n5. **Smart Mobility and Transportation Facilitator**: Plans travel based on real-time conditions and individual needs, ensuring seamless transportation planning.\n\nTo encourage adoption, the services feature user-friendly design, robust privacy protections, and local integration through community partnerships. This strategy aims to empower seniors by enhancing their independence across physical, mental, and emotional domains."
2026-06-25T10:28:46.723742,all,idea_2,idea,Generate 5 services that use AI to support elderly people living alone.,2,4,"**Critique Overview:** The proposal effectively outlines AI-driven services for supporting elderly individuals, aiming to enhance independence and quality of life. However, improvements in transitions, originality, and completeness are needed. A unified introduction per service, detailing innovation through AI advances like natural language processing, could strengthen the proposal's originality. Privacy and partnership specifics require more concrete examples for completeness and feasibility.\n\n**Rewritten Proposal Summary:** This proposal introduces innovative AI-driven services to uplift the lives of seniors living alone, prioritizing independence and social interaction through user-friendly and secure solutions.\n\n1. **Smart Health Monitoring:** Utilizing AI wearables, this service monitors vital health metrics, using predictive analytics for early issue detection and virtual consultations, enhancing proactive health management.\n\n2. **Home Safety & Emergency System:** AI sensors integrate with voice tech for home safety, covering appliance control, hazard detection, and accident alerts, while ensuring robust data privacy with encryption.\n\n3. **AI Companionship Platform:** Offering conversational AI engagement, this platform addresses loneliness and encourages community involvement with mood tracking and personalized interaction feedback.\n\n4. **Cognitive Enhancement Service:** AI-driven exercises tailored to individual cognitive levels support mental agility, aiding daily task management through reminders, enhancing memory support.\n\n5. **Mobility Aid:** AI-assisted travel planning provides real-time updates aligned with health needs, ensuring senior-friendly transportation options and voice-guided navigation for ease of travel.\n\nDesigned for easy use with simple interfaces, these services promise comprehensive privacy through explicit consent mechanisms. Strategic partnerships with healthcare and tech sectors will boost service reliability. Pilot studies demonstrating real-world success will enhance marketing efforts, confirming these technologies' potential in promoting seniors' autonomy."
2026-06-25T10:29:06.213851,all,idea_2,idea,Generate 5 services that use AI to support elderly people living alone.,3,0,"**Critique of the Draft**:\n\n1. **Clarity and Coherence**: The draft should use clearer, more structured language for each service, avoiding technical jargon to improve understanding, especially for those unfamiliar with AI technologies. \n\n2. **Originality**: While the proposal introduces innovative AI solutions, it primarily presents general ideas like health monitoring wearables and virtual companions. To boost originality, it should include specific features or case scenarios emphasizing the AI’s impact on the daily lives of the elderly.\n\n3. **Completeness**: The implementation strategy lacks detailed steps or examples. Expanding on methods for seamless integration, potential challenges, and partnerships would enhance its completeness.\n\n**Rewritten Draft**:\n\n**AI-Driven Services for Elderly Individuals Living Independently**\n\nThe proposal describes AI-driven services designed to improve the independence and quality of life for elderly individuals living alone. Focusing on health, safety, social interactions, mental acuity, and mobility, these services aim to provide comprehensive, accessible, and secure support.\n\n1. **AI-Enhanced Health Monitoring and Support**: This service leverages wearables to monitor vital signs like heart rate and blood pressure in real time, using predictive analytics to alert healthcare providers and family concerning potential health issues. It also supports virtual doctor consultations for proactive health management.\n\n2. **Advanced Home Safety System**: AI-driven sensors detect emergencies such as falls, fires, or gas leaks, activating emergency protocols and interfacing with smart home devices to enhance safety. Strong encryption safeguards users' privacy.\n\n3. **AI-Based Social Engagement and Companionship**: An AI virtual companion provides conversational interaction, reducing loneliness and offering emotional support. It also connects users to virtual events, fostering community based on mood and interests.\n\n4. **Personalized Cognitive Support and Memory Enhancement**: This platform provides individualized cognitive exercises, interactive games, and routine reminders to support mental acuity, adapting as the user's cognitive abilities change.\n\n5. **Customized Mobility and Transportation Assistance**: The service coordinates travel solutions tailored to the physical and cognitive needs of elderly users, offering real-time updates and voice-guided navigation. It facilitates partnerships with ride-sharing and public transport for enhanced mobility.\n\n**Implementation Strategy**: Services are designed for ease of use, employing intuitive interfaces and robust encryption to ensure privacy. Collaborations with healthcare providers, tech firms, and community organizations will aid effective deployment. Integration challenges are addressed through training and customer support, ensuring seamless adoption. Pilot programs and testimonials underscore the potential to significantly enhance senior autonomy and quality of life."
2026-06-25T10:29:24.998158,all,idea_2,idea,Generate 5 services that use AI to support elderly people living alone.,3,1,"**Refined Proposal for AI-Driven Services Supporting Elderly Individuals Living Alone**\n\nThis proposal outlines a set of pioneering AI services aimed at enhancing the independence, safety, and quality of life for elderly individuals living alone. These solutions leverage advanced AI technology, user-friendly designs, and stringent privacy measures, seamlessly integrating into daily life:\n\n1. **AI-Enhanced Health Guardian**: This service uses smart wearables to monitor health metrics like heart rate and blood pressure. Leveraging machine learning, it identifies potential health risks, issues real-time alerts, and facilitates virtual consultations for proactive care management.\n\n2. **Intelligent Home Safety Ecosystem**: AI-powered devices detect environmental hazards and include features like fall detection and emergency alerts, ensuring safety and privacy through secure data transmission.\n\n3. **AI Virtual Companion Network**: This platform combats loneliness by engaging users in meaningful conversations and tracking mood patterns to recommend social activities, using natural language processing for personalized interaction.\n\n4. **Cognitive and Memory Enhancement Service**: Offers adaptive cognitive exercises and smart reminders for tasks and medication, using adaptive learning technology to maintain memory and cognitive function.\n\n5. **AI-Driven Mobility and Transportation Assistant**: Provides real-time travel assistance with accessible route suggestions, collaborating with ride-sharing services for reliable transport and integrating voice-guided navigation for seniors.\n\n**Implementation Considerations**:\n\n- **Privacy and Security**: Rigorous data privacy standards and informed consent protocols protect user information.\n  \n- **Usability**: Designed with input from caregivers, services feature intuitive interfaces for varying tech-savviness levels among seniors.\n\n- **Partnerships and Collaboration**: Strategic alliances with healthcare and tech partners aim to broaden access and build trust within the senior community.\n\n- **Accessibility and Affordability**: Subsidized models and widespread availability ensure these technologies are accessible across demographics.\n\nThese services, illustrated through pilot programs and testimonials, aim to empower seniors with independence and dignity, improve community health outcomes, and ease caregiver burdens."
2026-06-25T10:29:38.234734,all,idea_2,idea,Generate 5 services that use AI to support elderly people living alone.,3,2,"The proposal outlines a suite of AI-driven services aimed at supporting elderly individuals living alone, enhancing safety, health, social interaction, cognitive function, and mobility, with an emphasis on simplicity and privacy. To improve clarity, the draft should ensure smoother transitions between services and simplify technical terms for non-expert users. The originality of the proposal can be bolstered by highlighting unique features distinguishing it from existing solutions. The draft would benefit from including real-world examples and elaborating on partnerships with healthcare and technology sectors. \n\nThe services include:\n\n1. **Advanced Health Monitoring**: AI-powered wearables continuously track vital signs, predicting health risks and integrating with telehealth for prompt care.\n\n2. **Home Safety and Automation**: AI sensors manage home security, automate appliances, and warn of hazards, with robust data privacy.\n\n3. **Social Interaction and Companionship**: Virtual companions engage users in conversations and suggest activities, promoting social and emotional well-being.\n\n4. **Cognitive Support Tools**: AI delivers personalized exercises and smart reminders, aiding cognitive health and daily routines.\n\n5. **Mobility and Transport Assistance**: AI optimizes travel based on health needs, providing safe options through partner transport services.\n\nThrough user-friendly designs, privacy assurances, and partnerships, these services aim to enhance senior independence and quality of life, with pilot projects to validate their impact."
2026-06-25T10:29:52.290471,all,idea_2,idea,Generate 5 services that use AI to support elderly people living alone.,3,3,"The revised proposal for AI-powered services geared towards seniors living independently emphasizes user-friendliness, privacy, safety, and social engagement. It features five key services: \n\n1. **Health Monitoring and Management**: Utilizes AI-enabled wearables to track health, provide medication reminders, and alert caregivers of potential issues using predictive analytics.\n   \n2. **Home Safety and Emergency Response**: Employs AI and sensors to detect hazards like falls and gas leaks, connecting with emergency services and smart home systems for quick responses while maintaining data privacy.\n\n3. **AI-Driven Social Engagement**: Offers an AI companion to combat loneliness, using natural language processing to facilitate personalized interactions and suggest activities and virtual connections.\n\n4. **Cognitive and Memory Support**: Leverages machine learning for customized cognitive exercises, daily task reminders, and memory retention assistance, promoting independence.\n\n5. **Personalized Mobility and Transportation**: Plans safe travel with optimized routes tailored to users’ mobility needs, ensuring access to healthcare and social events.\n\n**Implementation Strategies** focus on overcoming user resistance and technical hurdles through simplified interfaces, data security, strategic partnerships, pilot testing, feedback loops, and user training, fostering widespread adoption and trust."
2026-06-25T10:30:11.406551,all,idea_2,idea,Generate 5 services that use AI to support elderly people living alone.,3,4,"**Critique:**\n\n1. **Clarity and Coherence:** The introduction is succinct, but transitions between services need improvement for a smoother narrative. Some technical terms like ""predictive analytics"" and ""encryption"" require clearer explanations for a general audience.\n\n2. **Originality:** The services are well-conceived but could benefit from specific examples or case studies to highlight unique features and distinguish them from existing solutions.\n\n3. **Completeness:** More detailed insights into privacy protocols, consent processes, integration, user feedback, and long-term maintenance are needed. Additional details in the ""Implementation Considerations"" section regarding user training and support for seniors would enhance completeness.\n\n**Rewritten Draft:**\n\n**Introduction:**\nIndependent living is vital for elderly individuals living alone, requiring safety and connectivity. This proposal presents five AI-driven services to improve seniors' health, safety, social interactions, cognitive functions, and mobility, employing advanced technology while respecting privacy and autonomy.\n\n**1. Smart Health Monitoring System:**\nAI-integrated wearables continuously track vital signs and leverage predictive analytics to detect early health issues. Features include telehealth consultations and medication reminders. For example, the system can alert users of irregular heart rhythms to prompt timely medical responses.\n\n**2. Intelligent Home Safety Network:**\nAI sensors and smart devices enhance home safety by detecting hazards like falls, gas leaks, and fires, with immediate alerts to emergency services and caregivers. User data privacy is ensured through encryption and transparent consent.\n\n**3. AI-Driven Social and Emotional Support:**\nConversational AI companions address loneliness by engaging seniors in dialogue, suggesting events, and supporting community integration. Mood tracking and personalized interactions cater to emotional health, promoting mental wellness.\n\n**4. Personal Cognitive Assistant:**\nThis service offers AI-driven cognitive exercises tailored to individual performance, supporting mental agility and memory retention. It provides routine task reminders and challenges, helping seniors maintain independence.\n\n**5. Adaptive Mobility and Transportation Service:**\nTailored for senior mobility, it plans travel routes with real-time traffic data, collaborates with accessible ride-share services, and offers voice-guided navigation to aid users with sensory challenges, ensuring safe travel.\n\n**Implementation Considerations:**\nAdoption depends on user-friendly interfaces, robust privacy protocols, and clear consent frameworks. Partnerships with healthcare, community, and tech organizations will facilitate solution deployment and scaling. Ensuring affordability and accessibility empowers seniors, offering comprehensive support for safety, health, and social connectivity. Training sessions and feedback mechanisms will aid seniors in adapting to these technologies.\n\n**Conclusion:**\nThese AI services create a support network enhancing seniors' autonomy, safety, and well-being. By demonstrating real-world applications and piloting these initiatives, we can advance seniors’ health, independence, and social engagement."
2026-06-25T10:30:31.080786,all,idea_2,idea,Generate 5 services that use AI to support elderly people living alone.,4,0,"The revised proposal for AI-driven services focuses on enhancing the independence and quality of life for seniors living alone by introducing five tailored solutions for safety, health, social interaction, cognitive support, and mobility. Each service includes innovative elements like AI companions that engage with personalized conversation and virtual events, predictive health monitoring with telehealth links, and environmental hazard sensors that integrate with smart home devices. Unique features such as AI-assisted hobby planning and AR navigation aid those with sensory challenges. Implementation will involve partnerships with healthcare and technology providers, with a focus on affordability, community engagement, and iterative feedback mechanisms from seniors. Through pilot programs and testimonials, the proposal aims to demonstrate the tangible benefits of these services, striving for wide acceptance and improved living standards for the elderly."
2026-06-25T10:30:50.720269,all,idea_2,idea,Generate 5 services that use AI to support elderly people living alone.,4,1,"The revised proposal for AI services supporting elderly individuals living alone aims to enhance their independence, safety, and well-being through innovative AI technologies that emphasize simplicity, privacy, and seamless integration into daily life. \n\nThe key components include:\n\n1. **Smart Health Monitoring**: AI wearables analyze health data to foresee risks and facilitate prompt telehealth interventions.\n   \n2. **Intelligent Home Safety System**: AI sensors detect hazards like falls and fires, alerting services while ensuring data security through next-gen encryption.\n   \n3. **AI Companionship**: A virtual companion combats loneliness, monitors mood, and promotes social engagement through personalized interactions.\n   \n4. **Cognitive Support**: Adaptive platforms deliver tailored cognitive exercises and reminders, aiding mental acuity and daily task management.\n   \n5. **Mobility Assistance**: AI-driven travel solutions provide personalized, secure transport options and voice navigation.\n\n**Implementation focuses on**: \n\n- User-centric design, leveraging feedback from seniors and caregivers.\n- Robust privacy protocols and transparent consent.\n- Partnerships with healthcare and tech organizations to expand reach.\n- Subsidization and flexible payment to ensure access.\n- Continuous service refinement through real-world trials.\n\nOverall, these AI-driven services target a supportive environment that upholds the autonomy and dignity of seniors, enhanced through concrete examples and strategic collaborations to demonstrate impact and ensure ethical compliance."
2026-06-25T10:31:12.639377,all,idea_2,idea,Generate 5 services that use AI to support elderly people living alone.,4,2,"The draft proposal, ""Innovative AI Solutions for Enhancing Elderly Independent Living,"" outlines AI-driven services to support seniors' autonomy but needs enhancements for clarity, originality, and completeness. \n\n**Clarity and Coherence:** The proposal offers clear ideas but requires improved structure and transitions, particularly in discussing privacy measures consistently throughout the text.\n\n**Originality:** It broadly outlines services but lacks distinct features that set it apart from existing solutions. Introducing unique AI applications or specific technological examples could enhance differentiation.\n\n**Completeness:** While covering AI applications, it lacks depth in discussing adoption barriers, cost considerations, and potential collaborations. Including measurable outcomes and success metrics would strengthen the proposal.\n\n**Proposed Solutions:**\n\n1. **Comprehensive AI Health Monitoring System:** Utilizes wearables to track metrics and connect with telehealth services, ensuring proactive health interventions.\n\n2. **Advanced Home Safety and Emergency Response System:** Employs IoT for detecting emergencies while ensuring data privacy, with a smart assistant to verify incidents.\n\n3. **AI Social and Emotional Engagement Companion:** Addresses loneliness through tailored dialogues and activity suggestions, promoting social wellness.\n\n4. **Tailored Cognitive and Memory Support Platform:** Provides personalized exercises and routine reinforcements to maintain mental agility.\n\n5. **AI Mobility and Transportation Solutions:** Offers adaptive navigation and transportation assistance, ensuring secure travel for commitments.\n\n**Implementation Strategy:** Focuses on intuitive interfaces, strong privacy protocols, and collaborations with healthcare and tech sectors. User training and feedback from pilot initiatives will refine the services.\n\nThe proposal aims to enhance seniors' security, health, and social connectivity, supporting a dignified and enriched independent living experience."
2026-06-25T10:31:35.425323,all,idea_2,idea,Generate 5 services that use AI to support elderly people living alone.,4,3,"This proposal outlines five AI-driven services to enhance the quality of life for seniors living independently, focusing on health, safety, social interaction, cognitive engagement, and mobility. Each service employs advanced, user-friendly technology to foster autonomy and security while safeguarding privacy. The Health Monitoring System uses wearables for real-time health alerts and virtual consultations. Smart Home Safety Solutions offer protection through AI sensors and smart appliance integration. An AI-Powered Social Engagement Platform combats isolation by organizing personalized virtual interactions and monitoring mood for tailored social activities. A Cognitive Enrichment Program provides customizable exercises to stimulate mental acuity. Lastly, a Mobility Assistant plans accessible travel routes with user-friendly navigation. Effective implementation requires these services to be accessible and affordable, with strong data privacy measures and strategic partnerships enhancing reach and acceptance. Pilot programs and user feedback are crucial for refinement, while ongoing support ensures seamless integration. This initiative aims to empower seniors, leveraging AI to meet their unique needs while addressing challenges like potential barriers and ethical considerations."
2026-06-25T10:32:01.235098,all,idea_2,idea,Generate 5 services that use AI to support elderly people living alone.,4,4,"**Comprehensive AI Services Proposal for Enhancing Senior Independence**\n\nThis proposal details five innovative AI-powered services designed to improve the independence, safety, and quality of life for elderly individuals living alone. The services integrate cutting-edge technology with user-friendly design, maintaining privacy while providing robust health, safety, social, cognitive, and mobility support.\n\n1. **Smart Health Monitoring System:** Utilizing AI-enhanced wearables, this system continuously tracks vital signs like heart rate and blood pressure. Advanced analytics predict health risks for early intervention, and features include automated medication reminders and integration with telehealth for virtual care.\n\n2. **Intelligent Home Safety Network:** AI-integrated sensors detect emergencies, providing instant alerts to emergency services and caregivers. The network collaborates with smart home technologies for proactive safety management, ensuring data privacy with robust encryption and consent protocols.\n\n3. **AI-Driven Social Engagement and Companionship:** This virtual companion reduces loneliness through personalized interaction, suggesting activities and monitoring mood patterns to promote emotional well-being and community engagement.\n\n4. **Personal Cognitive Assistant:** This assistant offers cognitive tasks that adapt to user progress, providing reminders and personalized challenges to maintain mental agility and foster self-reliance.\n\n5. **Adaptive Mobility and Transportation Service:** Specializing in mobility, this service offers real-time travel planning and navigation, ensuring safe transport options and accessibility through partnerships and voice-guided navigation.\n\n**Implementation Considerations:** Each service is designed for simplicity and intuitive use. Key partnerships with healthcare providers, tech companies, and community organizations facilitate development and implementation. Privacy and security are prioritized through rigorous protocols, with training and customer support to aid integration. Feedback loops will ensure continuous improvement based on user insights.\n\n**Conclusion:** By leveraging AI, these services empower seniors with autonomy and enhance their quality of life. Pilot programs will validate their effectiveness and demonstrate real-world improvements in seniors’ independence and well-being."
2026-06-25T10:24:53.961249,all,reasoning_3,reasoning,Compare subscription-based and one-time purchase business models.,0,0,"The evaluation of business models, specifically subscription-based versus one-time purchase models, requires a thorough consideration of factors such as revenue potential, customer loyalty, and operational implications. \n\n**Subscription-Based Models** involve recurring fees and are prevalent in industries like software and streaming services. They offer predictable revenue, enhanced customer relationships, upselling opportunities, valuable customer insights, and potentially reduced customer acquisition costs. However, they require significant marketing investment, face challenges with customer churn, demand sophisticated management systems, and need continuous updates to retain subscribers.\n\n**One-Time Purchase Models** generate immediate revenue from single transactions, are simpler in execution, and reduce long-term obligations, appealing to consumers wary of recurring commitments. Yet, they suffer from revenue volatility, high acquisition costs due to constant need for new customers, limited post-sale engagement, and pressures to innovate products frequently to drive repeat purchases.\n\n**Model Selection Considerations** include the nature of the product or service, target market preferences, competitive landscape, company goals, and the impact of emerging technologies like AI. Integrating both models into a hybrid approach can help capitalize on the strengths of each while mitigating their respective challenges, adapting to market dynamics and consumer trends."
2026-06-25T10:25:14.930771,all,reasoning_3,reasoning,Compare subscription-based and one-time purchase business models.,0,1,"The revised draft on business models presents an overview of subscription-based and one-time purchase models, emphasizing their unique advantages and challenges. Subscription models, exemplified by companies like Netflix and Spotify, offer predictable revenue streams and enhance customer loyalty through ongoing improvements and engagement. However, they face challenges with churn management and operational complexity. Conversely, the one-time purchase model, used by companies such as Apple, provides immediate revenue and simplicity but struggles with revenue volatility and limited upsell potential. The draft briefly touches on hybrid models, like Adobe's offerings, which blend both strategies to optimize market and customer segment alignment. The critique suggests enhancing clarity with explicit industry examples and expanding on hybrid models to fully explore their benefits and challenges. Incorporating expert opinions and recent market trends could also add originality and depth to the analysis."
2026-06-25T10:25:34.957239,all,reasoning_3,reasoning,Compare subscription-based and one-time purchase business models.,0,2,"The critique of the draft highlights areas for improvement, such as enhancing clarity, adding originality, and ensuring completeness. It suggests clearer transitions in sections, incorporating innovative examples and trends, and exploring market dynamics and technological impacts.\n\nThe revised draft compares subscription-based and one-time purchase business models by considering revenue generation, customer engagement, and operational strategies. \n\n**Subscription-Based Model:** This involves recurring payments for ongoing access to products or services, common in SaaS and streaming services. Its advantages include predictable revenue, enhanced loyalty, upselling opportunities, and data-driven strategies. However, it faces challenges such as customer churn, higher initial costs, and complex operations. Companies like Netflix and Spotify exemplify success through personalization.\n\n**One-Time Purchase Model:** This involves single transactions for product ownership, typical in retail. Advantages include instant revenue, transaction simplicity, and ownership satisfaction. Challenges include revenue inconsistency, limited engagement, and constant new customer acquisition. Apple successfully integrates one-time purchases with subscriptions, showcasing an innovative hybrid approach.\n\n**Strategic Considerations:** Many businesses employ hybrid models to cater to diverse consumer preferences. Technology, particularly AI and data analytics, enhances customer experience in both models. Businesses must adapt to evolving digital and e-commerce trends to sustain growth.\n\n**Conclusion:** The optimal model depends on strategic goals, product nature, and customer preferences, with each requiring careful management for long-term success."
2026-06-25T10:25:57.790033,all,reasoning_3,reasoning,Compare subscription-based and one-time purchase business models.,0,3,"The revised content provides a comprehensive comparison between subscription-based and one-time purchase business models, each with unique advantages and challenges influencing revenue, customer relations, and strategic planning. \n\n**Revenue Generation:** Subscription models ensure consistent cash flow and higher customer lifetime value through regular payments, while one-time purchases generate single-point revenue, often requiring strategies like loyalty programs to maintain cash flow.\n\n**Customer Relations:** Subscriptions foster continuous engagement and loyalty through ongoing value, while one-time purchases necessitate proactive retention strategies due to diminished post-purchase engagement.\n\n**Customer Acquisition and Retention:** Subscriptions entail higher initial acquisition costs with a focus on retention to mitigate churn, whereas one-time purchases rely on lower acquisition costs but demand ongoing efforts for sustained revenue through immediate value propositions.\n\n**Product Development:** Subscription models require continuous innovation to justify ongoing payments, while one-time purchases prioritize initial product quality for impactful launches.\n\n**Market Implications:** Subscriptions, common in SaaS and streaming, offer low barriers to entry with trial periods to entice customers. In contrast, one-time purchases are sensitive to pricing and demand aggressive marketing, prominent in retail and electronics.\n\n**Hybrid Models:** Increasingly popular, these combine subscription and one-time elements to cater to diverse consumer needs, as seen in gaming industries. Businesses benefit from flexibility in aligning with market demands while maximizing revenue and customer satisfaction.\n\nUltimately, the choice between these models depends on the product, industry standards, customer expectations, and longer-term goals. A hybrid approach may offer the optimal balance, leveraging the strengths of both models."
2026-06-25T10:26:19.919492,all,reasoning_3,reasoning,Compare subscription-based and one-time purchase business models.,0,4,"### Critique and Overview of Business Models\n\n**Clarity and Originality:**\nThe draft is generally clear but could benefit from better-structured transitions to improve coherence. It lacks depth in contemporary examples and insights, which could enhance originality. Consolidating points under well-defined subheadings might also aid readability.\n\n**Completeness:**\nThe draft covers basic models but misses external influences like technological changes and consumer behavior, which could enrich the analysis. Further exploration of hybrid models could also provide a more holistic view.\n\n### Subscription-Based Models\n\nSubscription models charge recurring fees, offering predictable revenue and customer engagement through regular interactions and personalized service. They are exemplified by companies like Netflix and Adobe. However, these models require significant marketing outlay to manage acquisition costs and churn, necessitating constant innovation to deliver value.\n\n### One-Time Purchase Models\n\nThis model involves a single transaction for ownership, providing immediate cash flow and a straightforward sales process. However, it suffers from revenue volatility and limited customer interaction. Maximizing each sale's ROI is crucial, as opportunities for ongoing engagement are limited.\n\n### Hybrid Models and Strategic Considerations\n\nBlending subscription and one-time purchases allows companies to meet diverse needs and respond to digitalization trends, gaining benefits like sustained revenue and strong retention. Businesses must evaluate technological, economic, and consumer trends to choose a model that aligns with strategic goals and customer expectations, ensuring a competitive edge."
2026-06-25T10:26:35.816878,all,reasoning_3,reasoning,Compare subscription-based and one-time purchase business models.,1,0,"The revised content examines the critical decision of selecting a suitable business model—subscription-based, one-time purchase, or a hybrid approach—in today’s dynamic marketplace. Subscription models provide consistent revenue, enhanced customer relationships, and potent data insights, despite challenges like customer churn and operational complexity. Conversely, one-time purchase models offer immediate revenue and simplicity but face revenue volatility and limited post-sale engagement. Hybrid models, such as those used by Adobe, capture benefits from both sides to serve diverse customer needs. For strategic alignment, companies should weigh their product nature, market dynamics, and consumer behaviors. Embracing technological advancements can enhance personalization and streamline operations across models. Ultimately, the choice should align with strategic goals and ensure sustainable growth by considering operating capabilities, market trends, and customer preferences."
2026-06-25T10:26:53.616409,all,reasoning_3,reasoning,Compare subscription-based and one-time purchase business models.,1,1,"The draft presents a comparison of subscription-based and one-time purchase business models, highlighting their distinct revenue strategies, customer engagement, and operational challenges. The subscription model offers predictable revenue and customer loyalty but demands high customer retention efforts. Conversely, the one-time purchase model provides immediate revenue with less engagement, posing challenges like revenue volatility. Hybrid models, combining elements of both, offer flexibility and appeal to varied consumer preferences, exemplified by companies like Adobe. However, the revised draft could be improved with smoother transitions, clearer explanations of hybrid models, and more current examples or case studies. Additionally, examining how customer psychology and market shifts influence model choices would enrich the content. For businesses, the choice of model should align with their product nature, market dynamics, and long-term goals, leveraging technology and competitive insights for strategic growth."
2026-06-25T10:27:12.101801,all,reasoning_3,reasoning,Compare subscription-based and one-time purchase business models.,1,2,"In today's dynamic business landscape, selecting the right revenue model—be it subscription-based or one-time purchase—profoundly impacts a company's operations and long-term success. Subscription models, seen in companies like Netflix and Adobe, offer stable revenue and enhanced customer engagement through recurring fees and data-driven personalization. However, managing churn and high acquisition costs are significant challenges. Conversely, one-time purchase models provide immediate revenue and cater to ownership-minded customers, as exemplified by Apple's product sales. Yet, these suffer from revenue unpredictability and limited post-sale interaction opportunities.\n\nStrategically, choosing a model hinges on product nature, consumer preferences, and competitive context, with many firms now exploring hybrid approaches. Adobe's shift to offer both licenses and subscriptions highlights how firms can blend stability with flexibility. Leveraging AI and analytics can further optimize these models by enabling personalized customer interactions and adaptability to market shifts. Ultimately, the best model aligns with strategic objectives, ensuring agility and competitiveness in a rapidly changing market."
2026-06-25T10:27:31.236520,all,reasoning_3,reasoning,Compare subscription-based and one-time purchase business models.,1,3,"The draft provides a clear but improved analysis of subscription-based versus one-time purchase business models. It highlights the key benefits and challenges of each approach. Subscription models, prevalent in the SaaS, streaming, and digital media sectors, offer predictable revenue, strong customer relationships, and growth opportunities but face hurdles like managing churn rates, high acquisition costs, and operational complexity. Companies like Netflix and Spotify leverage personalization and frequent updates to maintain their subscriber base.\n\nConversely, one-time purchase models, common in retail and electronics, deliver immediate revenue and simplified transactions but struggle with revenue volatility and the need for continuous customer acquisition. Apple illustrates the combined use of both models to capitalize on their benefits.\n\nThe draft suggests adopting hybrid models to increase flexibility, maximize customer lifetime value, and stay aligned with tech trends. This strategy, exemplified by Adobe’s Creative Cloud, includes subscription access and one-time licenses, taking advantage of AI and data analytics for a personalized customer experience.\n\nUltimately, choosing between these models depends on product nature, market norms, corporate goals, and broader tech trends and consumer behaviors. A well-executed hybrid approach can amalgamate the strengths of both systems for enhanced customer satisfaction and revenue stability, with continuous evaluation needed to maintain competitive edge amidst market and technological changes."
2026-06-25T10:27:49.828273,all,reasoning_3,reasoning,Compare subscription-based and one-time purchase business models.,1,4,"The critique of the draft emphasizes improving clarity by adding a dedicated section for the challenges faced by hybrid business models. The original content summarized commonly known business models but lacked unique insights, suggesting the addition of lesser-known examples to boost originality. It also highlights the need for a more comprehensive analysis of external factors such as regulatory and economic influences on strategic decisions.\n\nThe revised draft offers distinct overviews and evaluations for subscription-based, one-time purchase, and hybrid business models. Subscription models provide predictable revenue and customer loyalty but grapple with churn and operational complexity. One-time purchase models yield immediate revenue and simplicity, yet suffer from revenue volatility and limited post-sale engagement. Hybrid models blend both strategies, presenting diverse revenue streams and adaptability, though they face complex implementation challenges.\n\nTo inform strategic choices, the draft advises considering the nature of the product, market preferences, competition, and external influences. A hybrid approach could align with long-term objectives by leveraging strengths from both subscription and one-time purchase models."
2026-06-25T10:28:07.491584,all,reasoning_3,reasoning,Compare subscription-based and one-time purchase business models.,2,0,"**Choosing the Right Business Model in Today's Market**\n\nSelecting an appropriate business model is vital for a company’s success and adaptability in today’s competitive marketplace. Two prominent options are subscription-based and one-time purchase models, with hybrid models gaining traction as they combine the strengths of both approaches to meet diverse customer needs.\n\n**Subscription-Based Models**\n\nPopular with companies like Netflix and Spotify, subscription models provide predictable, recurring revenue and foster strong customer relationships through continual engagement and personalized experiences. However, they face challenges such as customer churn and the need for constant innovation to retain subscribers.\n\n**One-Time Purchase Models**\n\nFavored in sectors like retail and electronics, exemplified by Apple, this model offers immediate revenue from straightforward sales transactions and appeals to customers who value ownership. The main challenges include revenue variability and the limited opportunity for post-sale engagement, unless bolstered by outstanding customer service or supplementary offerings.\n\n**Hybrid Models**\n\nHybrid models blend subscription and one-time purchase elements, as seen with Adobe's Creative Cloud. This approach offers flexibility in revenue streams and tailors offerings to a broader customer base but demands careful strategic planning due to its complexity in pricing and management.\n\n**Strategic Considerations and Technological Integration**\n\nWhen choosing a business model, companies must consider product nature, target markets, consumer behaviors, and the competitive landscape. Regulatory, economic shifts, and technological advancements, particularly in AI and data analytics, also play crucial roles. Leveraging technology enhances any model by enabling personalized experiences and adapting swiftly to market changes.\n\n**Conclusion**\n\nAn effective business model should reflect a company’s strategic goals and growth aspirations. Evaluating the trade-offs of each model is essential, and for many, a well-executed hybrid strategy, supported by technology and continuous market analysis, offers a robust pathway to harmonize the benefits of subscription and one-time purchase models, ensuring resilience and competitiveness in a dynamic marketplace."
2026-06-25T10:28:26.797381,all,reasoning_3,reasoning,Compare subscription-based and one-time purchase business models.,2,1,"### Comparative Analysis of Subscription-Based and One-Time Purchase Business Models\n\nIn the current business landscape, selecting an optimal revenue model is crucial for operational success and growth. Subscription-based and one-time purchase models are two predominant strategies, each with unique advantages and challenges, influenced by factors such as product type, market trends, and consumer behavior.\n\n**Subscription-Based Models**\n\nSubscription models, used by companies like Netflix and Spotify, offer predictable, recurring revenues that aid in financial planning and resource allocation. They promote strong customer relationships through ongoing engagement and personalized interactions, reducing churn. This model leverages customer feedback for continuous product improvement. However, challenges include high customer acquisition costs and the need to consistently provide value through updates and personalized offerings to prevent churn. Operational complexity in managing subscriptions can further complicate retention efforts.\n\n**One-Time Purchase Models**\n\nOne-time purchase models, common in retail and consumer electronics, exemplified by companies like Apple, provide clear, immediate revenue from straightforward transactions. These models appeal to consumers who value ownership and immediate use, offering higher initial sales margins. The model's main challenge is revenue volatility, requiring a constant influx of new customers and innovation to maintain consumer interest and engagement, limiting long-term loyalty opportunities.\n\n**Hybrid Models**\n\nHybrid models, blending subscription and one-time purchases like Adobe, allow companies to target broader audiences and diversify revenues, accommodating varied consumer preferences. Despite the operational complexity in integrating diverse revenue systems, these models offer flexibility to adapt to market demands.\n\n**Strategic Considerations**\n\nBusinesses must assess:\n\n1. **Product Suitability**: Whether the product benefits from repeat engagement or single transactions.\n2. **Market Trends**: Competitor positioning and industry dynamics.\n3. **Consumer Preferences**: Purchase habits and preferences of target demographics.\n4. **External Influences**: Regulatory, economic, and technological factors affecting model viability.\n\n**Conclusion**\n\nThe choice of revenue model should align with strategic objectives and leverage technologies like AI for enhanced personalization and adaptability. A well-chosen model can boost customer satisfaction and drive sustainable revenue, requiring ongoing assessment to maintain a competitive edge in a dynamic market."
2026-06-25T10:28:46.958796,all,reasoning_3,reasoning,Compare subscription-based and one-time purchase business models.,2,2,"**Critique and Rewritten Summary:**\n\n**Clarity and Coherence:**\nThe draft is well-organized but lacks depth in areas like ""hybrid models,"" which would benefit from specific examples. The link between strategic factors and model selection needs clearer articulation.\n\n**Originality:**\nThe analysis is basic and would be enriched with insights into emerging trends or recent industry-specific case studies for a more original perspective.\n\n**Completeness:**\nWhile benefits and challenges are covered, the draft could expand on future trends and provide strategies to overcome identified challenges, adding depth to the discussion.\n\n**Revised Draft Summary:**\n\nChoosing between subscription-based, one-time purchase, and hybrid business models requires a deep understanding of their attributes, benefits, and challenges.\n\n**Subscription-Based Model:**\n- **Benefits:** Offers predictable revenue and data-driven insights.\n- **Challenges:** High churn and operational complexity.\n\n**One-Time Purchase Model:**\n- **Benefits:** Provides immediate revenue and appeals to ownership-oriented consumers.\n- **Challenges:** Revenue volatility and limited post-sale engagement.\n\n**Hybrid Models:**\n- **Overview:** Combines elements of both models for broader customer appeal.\n- **Benefits:** Offers diverse revenue streams and increased customer value.\n- **Challenges:** Demands complex operational coordination and strategic synchronization.\n\n**Strategic Considerations:**\nDecision-making should reflect product nature, market dynamics, and strategic goals, ensuring the selected model aligns with long-term objectives. Businesses must adapt continuously to market changes to maintain competitiveness."
2026-06-25T10:29:04.152001,all,reasoning_3,reasoning,Compare subscription-based and one-time purchase business models.,2,3,"### Critique and Improvements\n\nThe draft generally presents ideas clearly but would benefit from improved transitions, especially in linking business models with strategic sections. Although it explains subscription, one-time purchase, and hybrid models, it lacks unique insights on how these influence industries today. Adding recent trends or case studies could enhance originality. The introduction sets the stage well but should briefly reference dominant sectors for each model, and the conclusion could be more impactful with a quick comparison chart of the pros and cons.\n\n### Revised Draft\n\nIn today's competitive environment, choosing the right revenue model—subscription, one-time purchase, or hybrid—is crucial for sustainable growth. Each model has distinct benefits and challenges that must be aligned with strategic goals and market conditions.\n\n**Subscription-Based Models** like those of Netflix and Spotify provide predictable revenue and customer loyalty through recurring payments. They excel with data-driven personalization but face customer churn and high acquisition costs. Successful companies invest in retention and value enhancement.\n\n**One-Time Purchase Models,** exemplified by Apple's product sales, generate immediate revenue through transactions appealing to ownership-valuing customers. These models face challenges like revenue unpredictability and require constant innovation and marketing to maintain viability.\n\n**Hybrid Models** blend approaches to mitigate single-model limitations, as seen with Adobe’s Creative Cloud. They offer flexibility and increased customer lifetime value but require careful execution to balance revenue streams effectively.\n\n**Strategic Considerations** for adopting a model include understanding product fit, market dynamics, customer preferences, and external influences like regulations. Technological integration, leveraging AI and data analytics, enhances engagement across models.\n\nThe best model aligns with a company's strategic vision, offering agility and competitiveness in a shifting market. A well-executed hybrid model combines subscription and purchase strengths, fostering customer satisfaction and revenue stability. Continuous evaluation and adaptation are essential to maintaining a competitive edge."
2026-06-25T10:29:26.370770,all,reasoning_3,reasoning,Compare subscription-based and one-time purchase business models.,2,4,"The revised content emphasizes the importance of selecting the optimal business model—whether subscription-based, one-time purchase, or a hybrid approach—in today's dynamic business environment. Each model has distinct advantages and challenges:\n\n**Subscription-Based Models:** Offer predictable revenue streams and customer insights for personalization, as seen with Netflix and Spotify. However, they face challenges such as managing churn and operational demands.\n\n**One-Time Purchase Models:** Provide immediate cash influx and a sense of ownership, exemplified by Apple. Yet, they can lead to income fluctuations and reduced customer engagement post-sale.\n\n**Hybrid Models:** Merge both approaches, enhancing market reach and catering to diverse consumer preferences. Adobe illustrates success here but requires managing increased operational complexity.\n\nStrategic considerations for model selection include product lifecycle, consumer trends, and competitive actions. External influences like economic factors and regulatory changes, along with leveraging technology such as AI, play crucial roles in adapting revenue models effectively.\n\nIn conclusion, aligning business strategies with consumer demands and technological advancements is vital for sustainable growth. Hybrid models may offer balanced solutions, enhancing satisfaction and ensuring resilience in evolving markets. Adaptability and innovation are key to navigating industry complexities."
2026-06-25T10:29:44.304405,all,reasoning_3,reasoning,Compare subscription-based and one-time purchase business models.,3,0,"The draft effectively outlines the comparative analysis of subscription-based, one-time purchase, and hybrid business models, highlighting their respective benefits and challenges. For subscription models, predictable revenue, strong customer engagement, and data insights are key advantages, countered by high churn rates and acquisition costs. One-time purchases offer immediate cash flow and appeal through ownership, but suffer from irregular revenue and limited post-sale engagement. Hybrid models, combining both, diversify revenue and enhance customer value but face operational complexity and require strategic alignment. Strategic considerations for choosing a model include product suitability, market dynamics, technological integration, and regulatory impacts. The analysis recommends aligning business strategies with long-term objectives and market conditions, advocating for the adaptability and innovation inherent in hybrid models. Enhanced transitions, original insights, and deeper exploration of technological integrations could improve the draft’s coherence and novelty."
2026-06-25T10:30:03.044594,all,reasoning_3,reasoning,Compare subscription-based and one-time purchase business models.,3,1,"The revised draft offers a comprehensive analysis of subscription-based versus one-time purchase business models, emphasizing each model's benefits, challenges, and strategic implications. Subscription-based models, favored by companies like Netflix and SaaS providers, provide predictable revenue, enhance customer engagement, and offer rich data insights. However, they face challenges such as customer churn, high acquisition costs, and operational demands. One-time purchase models, used by brands like Apple, offer immediate cash flow and transaction simplicity but suffer from revenue variability, limited post-purchase engagement, and innovation pressure. The hybrid model, exemplified by Adobe's Creative Cloud, balances revenue streams and market penetration but increases operational complexity and demands strategic harmony. Strategic considerations include product suitability, market dynamics, behavioral insights, external forces, and tech integration. Businesses must align their models with strategic goals and market needs, with hybrid models offering a balanced approach by merging benefits and mitigating limitations. Continuous evaluation and adaptation are vital to maintaining competitiveness in a dynamic market landscape."
2026-06-25T10:30:22.865613,all,reasoning_3,reasoning,Compare subscription-based and one-time purchase business models.,3,2,"The draft's organization is clear but needs smoother transitions, particularly between hybrid models and strategic considerations, to maintain reader engagement. It lacks originality; adding recent case studies or trends could provide fresh insights. The strategic considerations section is brief and would benefit from expanded examples on choosing business models, along with more detail on technological integration like AI and data analytics.\n\nThe revised draft highlights that selecting an appropriate revenue model—subscription-based, one-time purchase, or hybrid—is crucial for growth and competitiveness. Subscription models, used by giants like Netflix, ensure predictable revenue and customer loyalty but face challenges like churn. One-time purchase models provide immediate revenue but require continuous innovation to maintain sales. Hybrid models combine elements to offer flexibility but involve complex operations and strategic pricing.\n\nStrategic choices hinge on factors like product characteristics, market dynamics, and consumer behavior, with technology, such as AI, playing a key role in engagement and operations. Selecting the right model should align with a company's strategic vision and adaptability to market changes, where adopting strengths from varied models fosters resilience and growth."
2026-06-25T10:30:37.483325,all,reasoning_3,reasoning,Compare subscription-based and one-time purchase business models.,3,3,"The revised draft, ""Selecting the Optimal Business Model for Long-Term Success,"" provides a structured overview of subscription-based, one-time purchase, and hybrid business models. Subscription models offer stable, recurring revenues and enhanced customer relationships but face challenges like high churn rates. One-time purchase models, seen in companies like Apple, bring immediate revenue but deal with unpredictability and limited post-sale engagement. Hybrid models, like Adobe's Creative Cloud, combine elements of both, offering diverse revenue streams but involve pricing and operational complexities. The draft emphasizes strategic considerations such as product compatibility, market trends, and customer preferences. It also highlights the importance of leveraging technologies like AI and data analytics to enhance customer engagement and adaptability. Ultimately, selecting the right model should reflect organizational goals and respond to market conditions, with hybrid models offering a balanced approach that requires careful execution to manage complexity and drive sustainable growth."
2026-06-25T10:31:01.761948,all,reasoning_3,reasoning,Compare subscription-based and one-time purchase business models.,3,4,"**Critique and Revised Analysis of Business Models:**\n\n**Clarity and Coherence:**\nThe draft is well-structured but would benefit from improved transitions between sections for enhanced logical flow, especially when discussing different models.\n\n**Originality:**\nWhile providing a solid overview of subscription-based and one-time purchase models, the draft lacks distinctive insights. Including case studies or unexplored trends could enhance originality.\n\n**Completeness:**\nThe discussion on hybrid models is brief. Expanding on their benefits and challenges, given their rising prevalence, along with potential future directions, would augment the analysis.\n\n### Decoding Business Models: Subscription-Based vs. One-Time Purchase\n\nIn today’s market, selecting an apt business model is crucial for aligning operations with consumer demands and ensuring sustainable growth. This analysis compares subscription-based, one-time purchase, and emerging hybrid models.\n\n**Subscription-Based Models:**\nPopular among companies like Netflix and Spotify, these models ensure predictable revenue through recurring payments and strengthen customer relationships. Challenges include high customer acquisition costs and churn, necessitating ongoing innovation and value delivery.\n\n**One-Time Purchase Models:**\nThese models focus on immediate revenue, common in electronics and retail, as seen with Apple. While appealing for ownership, they face revenue volatility and limited post-sale engagement, which requires excellent service and innovative products to foster repeat purchases.\n\n**Hybrid Models:**\nThese blend subscription and one-time purchase elements, as evidenced by Adobe’s Creative Cloud transition, offering diverse revenue streams. The challenge lies in balancing strategies with sophisticated pricing to satisfy varied customer demographics.\n\n**Strategic Considerations:**\nCompanies should evaluate product suitability, market trends, consumer preferences, and technological adoption when selecting their business model. \n\n**Conclusion:**\nChoosing the right model aligns with long-term goals. Subscriptions offer regular revenue; one-time purchases satisfy ownership and offer immediate returns; hybrids combine these strengths. Success demands adaptability, continuous evaluation, and strategic foresight to maintain competitive advantage and innovate in dynamic markets."
2026-06-25T10:31:22.622287,all,reasoning_3,reasoning,Compare subscription-based and one-time purchase business models.,4,0,"The revised draft provides a comprehensive comparison of subscription-based, one-time purchase, and hybrid business models, emphasizing their unique advantages and challenges within the evolving market. Subscription-based models, like those used by Netflix, offer recurring revenue and deep customer engagement but face high acquisition costs and churn risks, mitigated by AI-driven personalization. One-time purchase models, seen in industries like electronics, deliver immediate revenue and appeal to consumers' ownership desires, countered by revenue unpredictability and limited post-sale interaction, often addressed by innovation and data-informed marketing. Hybrid models, exemplified by Adobe’s Creative Cloud, offer diversified revenue but require strategic operational alignment and flexible IT infrastructure to manage their complexity. Strategic considerations such as product suitability, market dynamics, and technological integration are crucial for aligning business models with long-term goals and market conditions. Ultimately, success hinges on a company's adaptability, innovation, and response to market shifts, ensuring resilience and competitive edge in a dynamic business environment."
2026-06-25T10:31:42.690877,all,reasoning_3,reasoning,Compare subscription-based and one-time purchase business models.,4,1,"The revised draft of the comparative analysis effectively highlights the distinct characteristics and strategic considerations involved in subscription-based, one-time purchase, and hybrid business models. By providing clear overviews and detailing the advantages and challenges of each model, the draft enhances clarity and coherence. It emphasizes the need for smooth transitions and uses subheadings to break down information, ensuring a reader-friendly structure. The draft also introduces originality by incorporating insights into emerging trends such as AI and machine learning, exemplified by companies adapting these models with innovative twists. It further addresses completeness by integrating consumer behavior analysis, emphasizing trends like sustainability and personalization impacting model choices. Strategic considerations, including market fit, technological empowerment, and regulatory dynamics, offer a comprehensive guide to model selection. The conclusion succinctly reinforces the importance of understanding business goals, market conditions, and adaptability to navigate contemporary market changes successfully."
2026-06-25T10:32:05.430860,all,reasoning_3,reasoning,Compare subscription-based and one-time purchase business models.,4,2,"**Critique of the Draft:**\n\n1. **Clarity and Coherence:**\n   - The draft is mostly clear but could be more structured. Explicitly linking each section to strategic implications would improve clarity.\n   - Transitions between business models and strategic considerations need more fluidity; clearer section delineation would help.\n\n2. **Originality:**\n   - The content broadly covers common observations, lacking depth in unique insights about model success or failure in specific contexts.\n   - Adding case studies or industry examples could enhance both originality and depth.\n\n3. **Completeness:**\n   - The draft addresses key model points but lacks detailed analysis on leveraging models strategically beyond general benefits and challenges.\n   - Strategic considerations could further explore how companies can use technology and market analysis to enhance model effectiveness.\n\n**Rewritten Draft:**\n\n### Comparing Subscription-Based and One-Time Purchase Business Models\n\nSelecting the right business model is crucial for sustainable growth and market alignment. This analysis evaluates subscription-based, one-time purchase, and hybrid models, highlighting their advantages, challenges, and strategic implications.\n\n**Subscription-Based Models:**\n\nUsed by companies like Netflix and Spotify, subscription models generate recurring revenue through ongoing customer payments, offering:\n\n- **Predictable Revenue:** Improved revenue forecasting aids financial planning.\n- **Strengthened Customer Relationships:** Continuous engagement fosters brand loyalty and upselling opportunities.\n- **Rich Data Insights:** Regular interactions provide valuable customer data to refine offerings and enhance satisfaction.\n\nChallenges include high acquisition costs, subscriber churn, and the need for continuous innovation.\n\n**One-Time Purchase Models:**\n\nPrevalent in electronics and retail, exemplified by Apple, these models feature:\n\n- **Immediate Revenue Influx:** Quick liquidity from sales offers immediate financial benefits.\n- **Ownership Appeal:** Complete product ownership enhances value perception and satisfaction.\n\nDrawbacks include unpredictable revenue streams and limited post-sale engagement, necessitating exceptional service and innovation for repeat sales.\n\n**Hybrid Models:**\n\nCombining subscription and one-time elements, hybrid models, like Adobe's Creative Cloud, balance and diversify revenue:\n\n- **Diversified Income Streams:** Combines recurring and transactional revenue for cash flow stability.\n- **Wider Market Reach:** Catering to varied preferences boosts market penetration.\n\nHybrids require robust pricing and alignment with customer needs.\n\n**Strategic Considerations:**\n\nKey factors in model selection include:\n\n- **Product Alignment:** Ensuring model alignment with product/service type.\n- **Market Dynamics:** Understanding market trends and consumer behavior enhances model relevance.\n- **Technological Utilization:** Using AI and data analytics to optimize operations and refine models.\n- **Regulatory Compliance:** Navigating legal landscapes is crucial for sustainability.\n\n**Conclusion:**\n\nChoosing an optimal business model requires alignment with organizational goals and market dynamics adaptability. Subscription models offer revenue predictability and loyalty, one-time purchase models provide immediate returns and ownership appeal, and hybrid models offer a balanced approach. Success demands agility, market assessment, and innovation to maintain a competitive edge in an evolving marketplace."
2026-06-25T10:32:26.493234,all,reasoning_3,reasoning,Compare subscription-based and one-time purchase business models.,4,3,"The revised draft aims to improve coherence, originality, and completeness by directly comparing subscription-based and one-time purchase business models within a structured analysis. Subscription models, adopted by companies like Netflix and Spotify, offer predictable revenues and consistent customer engagement but demand continuous innovation to combat churn. In contrast, one-time purchase models, used by firms like Apple, provide immediate cash flow and cater to ownership preferences, though they face challenges in revenue predictability and customer re-engagement. The draft emphasizes the need for a strategic choice based on various factors: product nature, market dynamics, consumer preferences, and technological integration. Each model's revenue predictability, customer interaction demands, and innovation requirements are scrutinized. Ultimately, businesses must align their chosen model with strategic goals, market conditions, and innovation capacity to ensure sustainable growth and competitive advantage."
2026-06-25T10:32:44.261194,all,reasoning_3,reasoning,Compare subscription-based and one-time purchase business models.,4,4,"### Business Models: Evaluating Subscription-Based, One-Time Purchase, and Hybrid Strategies\n\nIn today's dynamic market, selecting an appropriate business model is critical for fulfilling consumer demands and achieving sustainable growth. This analysis compares subscription-based, one-time purchase, and hybrid models, focusing on their benefits, drawbacks, and strategic impacts.\n\n**Subscription-Based Models:** Favored by companies like Netflix and Spotify, these models offer stable revenue through regular payments and enhance customer relationships via frequent engagement. However, they face challenges like customer churn and high acquisition costs. To mitigate these, firms should prioritize innovation and provide consistent value to retain customers.\n\n**One-Time Purchase Models:** Often utilized by electronics and retail giants like Apple, this model delivers immediate cash flow but suffers from revenue unpredictability and limited post-sale interaction. To encourage repeat purchases and loyalty, exceptional service and product innovation are crucial.\n\n**Hybrid Models:** Combining features of both systems, hybrid models, exemplified by Adobe's Creative Cloud, offer revenue predictability alongside diverse income streams. These models, however, require careful management of complex strategies, necessitating thorough market research and strategic alignment.\n\n**Strategic Considerations:** When choosing a model, consider product nature, market trends, consumer behavior, and technology. Leveraging AI and data analytics can improve customer engagement and efficiency. Furthermore, understanding regulatory and market shifts is essential for aligning with business objectives.\n\n**Conclusion:** Choosing the right model involves aligning with strategic goals and adapting to market changes. Subscription models foster loyalty, one-time purchases yield quick returns, and hybrid solutions provide balance. Success demands continuous assessment, strategic agility, and innovation to remain competitive. Companies should be flexible, open to shifts, and capitalize on opportunities through market insights and technology integration."
2026-06-25T10:24:48.044012,all,reasoning_2,reasoning,Explain the main causes of climate change and propose realistic mitigation steps.,0,0,"The revised draft highlights climate change as a critical issue primarily driven by human activities, with natural factors playing a minor role. The draft outlines key causes like greenhouse gas emissions from fossil fuels, deforestation, industrial activities, and agriculture. It emphasizes the necessity for a global response through effective mitigation strategies. These include transitioning to renewable energy sources, enhancing energy efficiency, promoting reforestation, investing in carbon capture, and adopting sustainable agricultural practices. Policy measures such as carbon pricing, regulatory standards, and subsidies for renewables are vital. Additionally, fostering public awareness and consumer behavioral changes, alongside building climate resilience, are essential steps. International cooperation, particularly under agreements like the Paris Agreement, is crucial for a comprehensive approach to tackling climate change."
2026-06-25T10:25:13.212568,all,reasoning_2,reasoning,Explain the main causes of climate change and propose realistic mitigation steps.,0,1,"The draft effectively outlines climate change as a crucial issue driven by human activities such as greenhouse gas emissions, land use changes, industrial activities, agricultural practices, and poor waste management. However, it should begin with an introduction explaining why this topic is urgent, and make clearer connections between causes and solutions. The content lacks unique insights and would benefit from incorporating recent studies or examples of successful mitigation strategies. \n\nKey mitigation steps include transitioning to renewable energy, improving energy efficiency, promoting reforestation, adopting sustainable agriculture practices, reforming transportation, enhancing waste management, and implementing policies such as carbon pricing. Additionally, investment in technological innovation and public education are crucial. Strengthening these actions at both local and global levels, alongside strong political will and community engagement, is essential to combat climate change effectively."
2026-06-25T10:25:35.235581,all,reasoning_2,reasoning,Explain the main causes of climate change and propose realistic mitigation steps.,0,2,"The revised draft effectively outlines the causes and mitigation strategies for climate change with improved clarity. While it simplifies complex information, it could benefit from stronger transitions linking the causes to solutions, and introducing unique perspectives or emerging technologies to enhance originality. The mitigation section highlights global efforts and successful case studies, enhancing completeness.\n\n### Causes of Climate Change\n\nClimate change, characterized by long-term shifts in weather patterns, is driven predominantly by human activities overshadowing natural variability.\n\n1. **Greenhouse Gas Emissions:** Major contributors include CO2 from fossil fuels and deforestation, CH4 from agriculture, N2O from fertilizers and combustion, and potent fluorinated gases.\n2. **Land Use Changes:** Deforestation for agriculture and urban development hampers CO2 absorption, impacting biodiversity and ecosystems.\n3. **Industrial Processes:** Cement production and other industrial activities release CO2 and other greenhouse gases.\n4. **Agricultural Practices:** Intensified farming techniques elevate methane and nitrous oxide emissions.\n5. **Natural Factors:** Minor influences from volcanic eruptions and solar variations are acknowledged, though human impact is predominant.\n\n### Mitigation Steps\n\nComprehensive measures spanning energy, policy, and international cooperation are essential to mitigate climate change effects.\n\n1. **Renewable Energy Transition:** Expanding solar, wind, and hydroelectric power, alongside smart technology for improved energy efficiency, is pivotal.\n2. **Sustainable Land Use:** Reforestation and sustainable agriculture, as practiced in Brazil, enhance CO2 absorption and reduce emissions.\n3. **Carbon Sequestration:** Supporting carbon capture projects and wetland restoration is crucial for natural carbon storage.\n4. **Transportation Rethink:** Advancing efficient public transit and encouraging electric vehicle adoption through incentives is critical.\n5. **Policy and Economic Measures:** Carbon pricing and stringent regulatory standards can drive emissions reduction and innovation.\n6. **Innovation and Technology:** Enhanced funding for clean energy and smart grids ensures energy reliability and efficiency.\n7. **International Cooperation:** Building upon frameworks like the Paris Agreement, enhanced technology sharing and commitments are essential.\n\n### Conclusion\n\nMitigating climate change requires integrating technology, policy, and societal shifts. Prompt and coordinated efforts can curb environmental impacts, fostering a sustainable, resilient future while promoting global prosperity."
2026-06-25T10:25:58.948797,all,reasoning_2,reasoning,Explain the main causes of climate change and propose realistic mitigation steps.,0,3,"The draft offers an in-depth analysis of climate change causes and mitigation strategies but could benefit from enhanced clarity, originality, and completeness. Improvements are suggested to better connect sections, incorporate unique examples or case studies, and detail grassroots-level strategies.\n\n**Main Causes:** Climate change is driven mainly by human activities, such as the combustion of fossil fuels which releases CO2, agricultural methane and nitrous oxide emissions, deforestation, and industrial processes contributing various greenhouse gases. Natural causes like solar activity and volcanic eruptions have minimal impact compared to anthropogenic factors.\n\n**Mitigation Steps:** \n1. **Energy Shift:** Expand renewable energy and improve storage solutions.\n2. **Energy Efficiency:** Retrofit buildings and promote electric vehicles.\n3. **Land Management:** Employ climate-smart farming and initiate reforestation.\n4. **Policy Innovations:** Implement carbon pricing and stricter regulations.\n5. **Technological Advances:** Invest in carbon capture and circular economy models.\n6. **Community Engagement:** Educate communities and promote sustainable lifestyles.\n7. **Global Collaboration:** Strengthen partnerships under agreements like the Paris Accord and support developing nations with technology and funds.\n\nA comprehensive strategy involving technological, policy, and behavioral changes, with participation from all sectors of society, is crucial for tackling climate change and securing a sustainable future."
2026-06-25T10:26:18.348268,all,reasoning_2,reasoning,Explain the main causes of climate change and propose realistic mitigation steps.,0,4,"The revised content outlines areas for improvement and a refined draft addressing climate change. To enhance clarity and coherence, the draft should explicitly link climate change causes to mitigation steps and incorporate logical transitions for better flow. Originality could be strengthened by including recent research, technological innovations, or policy changes to engage knowledgeable readers. Additionally, completeness can be improved by considering emerging aspects like biodiversity's role in carbon sequestration and socio-political factors affecting climate solutions.\n\nThe draft itself characterizes climate change as a critical global issue propelled by human activity, identifying key causes such as greenhouse gas emissions from CO2, CH4, N2O, and fluorinated gases, deforestation, industrial processes, agriculture, and waste management. The proposed mitigation steps focus on transitioning to renewable energy, enhancing energy efficiency, reforestation and afforestation, sustainable agriculture, carbon pricing, improved public transportation, technology innovation in carbon capture, efficient waste management, international cooperation, and public education. These strategies collectively aim to stabilize climate conditions and support sustainable development for future generations."
2026-06-25T10:26:38.453915,all,reasoning_2,reasoning,Explain the main causes of climate change and propose realistic mitigation steps.,1,0,"### Critique Summary\n\nThe original draft excels in compiling widely acknowledged causes and solutions for climate change, evidencing a solid grasp of the subject matter. Enhancements could include more specific examples, particularly in the area of urbanization, and integration of recent data to boost originality. Greater detail on socio-economic impacts and barriers to mitigation would provide a more well-rounded perspective.\n\n### Revised Draft Summary\n\nClimate change is predominantly driven by human activity with minor natural factor contributions. Key causes include:\n\n1. **Greenhouse Gas Emissions:** \n   - **Fossil Fuels:** Energy production and transport significantly contribute to CO2 levels due to fossil fuel combustion.\n   - **Agriculture:** Livestock, rice production, and fertilizers release substantial methane and nitrous oxide.\n   - **Industrial Processes:** Sectors like cement and chemicals emit high CO2 levels.\n\n2. **Land Use Changes:**\n   - **Deforestation and Urbanization:** Both activities increase atmospheric CO2 and heat island effects.\n\n3. **Waste Management:** Inefficient waste disposal generates methane in landfills.\n\nNatural factors like volcanic eruptions play minimal roles.\n\n### Mitigation Strategies\n\nEffective climate change mitigation requires:\n\n1. **Energy Transition:** Adoption of renewables, improved energy storage, and efficiency.\n2. **Land and Agriculture Management:** Reforestation, afforestation, and sustainable farming practices.\n3. **Transportation Reform:** Expanding public transit and encouraging electric vehicles.\n4. **Policy and Economic Measures:** Carbon pricing, emission standards, and incentives.\n5. **Innovation and Technology:** Carbon capture, storage, and adopting circular economy models.\n6. **Education and Public Awareness:** Promoting climate literacy for informed decision-making.\n7. **International Cooperation:** Strengthening global agreements and resource sharing.\n\nBy executing comprehensive strategies, fostering international cooperation, and encouraging innovation, climate change can be effectively mitigated."
2026-06-25T10:26:54.767878,all,reasoning_2,reasoning,Explain the main causes of climate change and propose realistic mitigation steps.,1,1,"The draft effectively outlines the causes of climate change and suggests mitigation strategies but needs improvement in clarity and originality. The topics related to emissions and industrial activities overlap, and restructuring could enhance flow and readability. The draft summarizes common causes and strategies but lacks innovative insights. Including recent research or regional examples can improve originality. It also falls short on detailing financial mechanisms, international policies, and consumer behavior's role in mitigation. The climate change causes include significant human influences like greenhouse gas emissions from fossil fuel burning, deforestation, and industrial activities exacerbating climate issues. Mitigation requires transitioning to renewable energy, improving energy efficiency, sustainable land management, implementing carbon pricing, investing in carbon capture technologies, engaging the public, and enhancing global cooperation. A comprehensive approach merging technology, policy, and societal changes is crucial for a sustainable future."
2026-06-25T10:27:13.096621,all,reasoning_2,reasoning,Explain the main causes of climate change and propose realistic mitigation steps.,1,2,"The revised draft identifies the main human-induced causes of climate change, emphasizing fossil fuel combustion, deforestation, industrial activities, agriculture, and waste management as predominant contributors. While natural factors like volcanic eruptions have minimal impact compared to these anthropogenic influences, addressing climate change necessitates an integrated approach combining policy innovation, technological advancements, and societal shifts.\n\nKey mitigation strategies include transitioning to renewable energy sources, enhancing energy efficiency, and promoting sustainable land use practices like reforestation. Implementing carbon pricing mechanisms, developing carbon capture technologies, and improving waste management are critical components in reducing greenhouse gas emissions. Public education and international cooperation, notably within frameworks like the Paris Agreement, are essential to drive sustainable practices globally, ensuring technology transfer and financial support for developing countries. By adopting these comprehensive strategies, we can effectively tackle climate change, fostering a sustainable and climate-resilient future."
2026-06-25T10:27:31.749237,all,reasoning_2,reasoning,Explain the main causes of climate change and propose realistic mitigation steps.,1,3,"The draft on climate change addresses the primary causative factors, primarily focusing on human-induced emissions from fossil fuels, agriculture, and industrial activities, while acknowledging minor natural influences. Although the draft is generally clear, it could enhance readability with distinct section headers and improved transitions, especially between causes and mitigation strategies. The originality could be boosted by including recent case studies or innovative insights. The proposed mitigation steps are comprehensive yet lacking in specificity, such as detailed timelines and scalability factors. They include accelerating renewable energy adoption, boosting energy efficiency, restoring forests, establishing robust policy frameworks, and promoting carbon capture technologies. Furthermore, the draft emphasizes the importance of global cooperation, technological innovation, and public engagement to inspire sustainable practices. Addressing these aspects collectively can pave the way toward achieving climate stability and fostering a resilient future. However, discussing potential challenges to implementing these solutions could provide a more balanced perspective."
2026-06-25T10:27:47.757433,all,reasoning_2,reasoning,Explain the main causes of climate change and propose realistic mitigation steps.,1,4,"The draft highlights climate change as a crucial global issue driven mainly by human activities alongside some natural contributions. Key causes include greenhouse gas emissions from fossil fuel use in energy and transportation, deforestation, energy-intensive industrial activities, and the broader food system's impact. Methane from permafrost and the diminishing capacity of oceans to absorb CO2 add to the urgency. For clarity and coherence, linking mitigation steps more directly to causes is recommended. \n\nTo enhance originality, integrating current examples and emerging technologies is advised. Addressing areas like ocean roles, broader food system impacts, and adaptation strategies will offer a more complete perspective. \n\nProposed mitigation steps focus on transitioning to renewable energy, enhancing energy efficiency, and adopting sustainable land and food practices. Implementing robust policy measures such as carbon pricing, fostering technological innovations in carbon capture and sustainable systems, educating the public, and strengthening international cooperation under frameworks like the Paris Agreement are crucial. A multi-dimensional strategy that includes innovation, policy, and societal collaboration is essential for a sustainable future, underscoring the need for enhanced international partnerships and equitable resource sharing."
2026-06-25T10:28:08.782669,all,reasoning_2,reasoning,Explain the main causes of climate change and propose realistic mitigation steps.,2,0,"The critique of the original draft emphasizes clarity, originality, and completeness. While the structure was organized, the draft failed to sufficiently delineate the impact of natural versus human contributions to climate change. It also lacked innovative insights and context-specific strategies. The original text broadly covered causes and strategies but omitted depth in areas like advanced technologies for renewable energy and international cooperation.\n\nIn the revised draft, climate change is primarily attributed to human actions, with natural influences playing a minor role. Key causes include greenhouse gas emissions from energy use, agriculture, and industry; deforestation; urbanization; and landfill waste. Strategies for mitigation involve transitioning to renewable energy, adopting energy efficiency, implementing sustainable land use, reforming transportation, and utilizing economic incentives like carbon pricing. Technology plays a pivotal role through carbon capture and circular economy models. Enhancing climate literacy and international cooperation are also essential.\n\nThe challenges include securing necessary financial investments, navigating political and economic hurdles, and addressing public resistance. The conclusion asserts that global cooperation and diverse solutions are critical to achieving climate resilience through innovation, policy reform, and inclusive participation."
2026-06-25T10:28:30.243734,all,reasoning_2,reasoning,Explain the main causes of climate change and propose realistic mitigation steps.,2,1,"The revised draft critiques the original content for lacking clarity and originality in discussing climate change causes and strategies. The new draft emphasizes a structured narrative connecting causes to strategies, noting gaps like the need for more details on urbanization's emission impacts and operationalizing public education and cooperation.\n\n### Main Causes of Climate Change\n\n**Human Activities:** \n1. **Greenhouse Gas Emissions:** \n   - Predominantly from fossil fuel combustion for energy and transport, agriculture (methane from livestock, nitrous oxides from fertilizers), and industrial processes (cement, steel).\n2. **Land Use Changes:** \n   - Deforestation disrupts carbon sinks, while urbanization increases emissions through demand for resources.\n3. **Waste Management:** \n   - Landfills contribute methane due to poor waste management.\n**Natural Factors:** \n- Although secondary, volcanic eruptions and solar radiation changes can alter atmospheric conditions.\n\n### Mitigation Strategies\n\n1. **Sustainable Energy Transition:** \n   - Focus on renewable energy and energy efficiency improvements.\n2. **Transportation Innovation:** \n   - Enhance public transit and electric vehicle infrastructure.\n3. **Agricultural and Land Practices:** \n   - Promote reforestation, agroforestry, and regenerative agriculture.\n4. **Policy and Economic Measures:** \n   - Implement carbon pricing and enforce stringent emission regulations.\n5. **Technological Advancements:** \n   - Develop carbon capture technology and promote circular economy practices.\n6. **Public Education and Engagement:** \n   - Increase climate literacy and encourage community involvement.\n7. **International Cooperation:** \n   - Strengthen global agreements and support sustainable practices in developing countries.\n8. **Resilience and Adaptation:** \n   - Invest in infrastructure to withstand climate impacts and enhance disaster risk strategies.\n\nThese strategies require a collective global effort, integrating technological, policy, and public engagement strategies to tackle climate change effectively."
2026-06-25T10:28:49.210332,all,reasoning_2,reasoning,Explain the main causes of climate change and propose realistic mitigation steps.,2,2,"The draft on climate change, while clear and coherent, could benefit from a more structured approach, especially in the mitigation steps. A logical flow from individual to systemic actions is suggested. The draft currently lacks originality, missing recent technological or policy innovations. Adding insights on economic and political challenges would offer a more rounded discussion. \n\n**Main Causes of Climate Change:**\nClimate change is primarily driven by human activities like greenhouse gas emissions from fossil fuels, agriculture, and industrial processes, along with land use changes such as deforestation and urbanization. Waste management practices contribute through methane emissions, and natural factors play a minimal role.\n\n**Realistic Mitigation Steps:**\nA multi-faceted approach is necessary, involving:\n\n1. **Clean Energy Transition:** Invest in renewable energy and improve energy efficiency and storage.\n2. **Sustainable Land and Agricultural Practices:** Implement reforestation and precision agriculture to reduce emissions.\n3. **Transportation System Overhaul:** Expand public transport and promote electric vehicles.\n4. **Economic and Policy Measures:** Enforce emission regulations and introduce carbon pricing.\n5. **Technological Innovations:** Develop carbon capture and circular economy practices.\n6. **Public Engagement and Education:** Conduct awareness campaigns to foster sustainable behaviors.\n7. **Global Collaboration:** Strengthen international agreements to ensure equitable resource distribution and technological access.\n\nAddressing economic and political hurdles is crucial for successful implementation, alongside integrating recent technological advancements and localized strategies."
2026-06-25T10:29:08.093832,all,reasoning_2,reasoning,Explain the main causes of climate change and propose realistic mitigation steps.,2,3,"The revised content critiques a draft on climate change, suggesting improvements in coherence by linking mitigation strategies directly to specific causes, and enhancing originality through novel insights, such as community-led initiatives. The causes of climate change include greenhouse gas emissions from fossil fuels, agriculture, and industrial activities, as well as land use changes and waste management issues. Mitigation strategies proposed include transitioning to renewable energy, promoting sustainable land management, reforming transportation systems, implementing policy and economic measures like carbon pricing, investing in innovation and technology such as carbon capture, advancing education and public awareness, fostering international cooperation, and addressing socio-economic impacts to ensure a just transition. The conclusion emphasizes the necessity of a strategic blend of innovation, policy frameworks, and global collaboration to effectively mitigate climate change and move towards a sustainable future."
2026-06-25T10:29:29.077149,all,reasoning_2,reasoning,Explain the main causes of climate change and propose realistic mitigation steps.,2,4,"The current draft on climate change provides a structured overview of its causes and mitigation strategies but could benefit from improved clarity and originality. Deepening the discussion on specific greenhouse gases and their relative impacts, as well as explaining the practicality of various mitigation steps, would enhance clarity and coherence. Original insights, such as cutting-edge research or technological innovations, would distinguish the content from conventional summaries. Additionally, while numerous mitigation strategies are outlined, the draft lacks a comprehensive exploration of the challenges and limitations they might face. Including case studies and practical examples would help illustrate successful implementations and bolster completeness.\n\n**Causes of Climate Change:**\n- **Human-Induced Factors:**\n  - **Greenhouse Gas Emissions:** Primarily from burning fossil fuels, agriculture (methane and nitrous oxide), and industrial processes.\n  - **Land Use Changes:** Deforestation and urbanization reduce natural carbon absorption and increase emissions.\n  - **Waste Management:** Methane emissions from landfills due to improper waste practices.\n\n- **Natural Factors:** Volcanic activity and solar radiation variations, which play a lesser role compared to human activities.\n\n**Mitigation Strategies:**\n- **Renewable Energy Transition:** Increase solar, wind, and hydroelectric power usage and improve energy efficiency across sectors.\n- **Sustainable Land and Agriculture Management:** Reforestation, afforestation, and sustainable farming practices to enhance carbon sequestration.\n- **Transportation Reforms:** Promote public transit and electric vehicle use.\n- **Policy and Economic Mechanisms:** Implement carbon pricing and regulatory standards to incentivize emissions reductions.\n- **Technological Innovations:** Develop carbon capture and storage technologies and embrace circular economy principles to minimize waste.\n- **Education and Public Engagement:** Enhance climate literacy to foster informed collective actions.\n- **International Cooperation:** Strengthen frameworks like the Paris Agreement and support developing nations with resources for greener practices.\n\nAnticipating and addressing potential challenges, along with sharing successful case studies, can create a more sustainable future."
2026-06-25T10:29:48.810675,all,reasoning_2,reasoning,Explain the main causes of climate change and propose realistic mitigation steps.,3,0,"The draft on climate change, while well-organized, needs improved clarity in its ""Waste Management"" and ""Resilience and Adaptation"" sections. The ""Mitigation Strategies"" could be more cohesively linked to initial causes for better coherence. The content lacks originality, largely echoing established ideas without incorporating novel insights from recent studies. While technological advances are mentioned, they are not comprehensively integrated, with emerging areas such as geoengineering or AI underrepresented.\n\n**Key Causes of Climate Change:**\nHuman activities like burning fossil fuels and deforestation significantly contribute to greenhouse gas emissions, overshadowing natural causes like volcanic eruptions. Methane emissions from improper waste management also play a crucial role.\n\n**Mitigation Strategies:**\n1. **Adopt Renewable Energy:** Transition to solar, wind, and hydropower to reduce fossil fuel reliance.\n2. **Improve Agricultural Practices:** Implement reforestation and sustainable farming to enhance carbon sinks.\n3. **Revolutionize Transportation:** Develop infrastructure supporting public transport and electric vehicles to cut emissions.\n4. **Policy and Economic Incentives:** Introduce carbon taxes and enforce emission laws.\n5. **Cutting-Edge Technology:** Invest in carbon capture and AI for climate prediction and management.\n6. **Public Education:** Promote climate literacy and community engagement for sustainable living.\n7. **International Collaboration:** Strengthen global agreements like the Paris Agreement for cohesive action.\n8. **Build Resilience:** Develop adaptive infrastructure to withstand climate impacts. \n\nChallenges include balancing economic viability with sustainability, addressing public skepticism, and customizing solutions to local conditions to ensure social equity. By merging policy, innovation, and collective action, these strategies aim to establish a sustainable path to address climate change."
2026-06-25T10:30:07.750215,all,reasoning_2,reasoning,Explain the main causes of climate change and propose realistic mitigation steps.,3,1,"The draft on climate change is well-structured, clearly delineating causes and mitigation strategies. However, simplifying complex terms such as ""carbon pricing"" and ""cap-and-trade systems"" would broaden audience comprehension. While informative, the draft could benefit from unique insights or case studies to increase engagement. It touches on human-induced factors like fossil fuel emissions, deforestation, and inefficient waste management, while acknowledging natural factors, though minimally impactful recently.\n\nMitigation strategies include transitioning to clean energy via renewables and energy efficiency, promoting sustainable agriculture and reforestation, and overhauling transportation with enhanced public options and electric vehicles. Economic measures such as carbon pricing and stricter emission standards are emphasized alongside technological innovations like carbon capture and circular economy practices. Public engagement through awareness campaigns and global collaboration via agreements like the Paris Accord are vital. Strengthening infrastructure for climate resilience and disaster preparedness is also crucial.\n\nTo overcome implementation challenges, the draft suggests innovative funding, building bipartisan support, and fostering public acceptance through education on the economic benefits of green technologies. Through collaboration, innovation, and policy-making, these steps can collectively drive us towards a sustainable future."
2026-06-25T10:30:34.201209,all,reasoning_2,reasoning,Explain the main causes of climate change and propose realistic mitigation steps.,3,2,"## Critique of the Draft\n\nThe draft adeptly discusses climate change causes and mitigation strategies but could enhance clarity by explicitly linking each cause to its corresponding solution. It lacks innovative insights and could benefit from incorporating recent research and case studies to provide fresh perspectives. While comprehensive, the draft omits crucial discussions on technology's role in renewable energy storage and local-level adaptation practices; integrating interdisciplinary approaches would offer more rounded solutions.\n\n## Revised Draft\n\n### Causes and Mitigation of Climate Change\n\nClimate change, primarily fueled by human activities, threatens global ecosystems and future prosperity. Addressing it necessitates a comprehensive understanding of its causes and innovative mitigation strategies.\n\n### Main Causes of Climate Change\n\n#### Human-Induced Factors\n1. **Greenhouse Gas Emissions:** \n   - **Fossil Fuels:** Predominant CO2 sources exacerbate global warming.\n   - **Agriculture:** Methane and nitrous oxide from farming practices contribute significantly.\n   - **Industrial Processes:** Cement and steel industries release vast amounts of pollutants.\n\n2. **Land Use Changes:**\n   - **Deforestation:** Reduces CO2 absorption capacity.\n   - **Urbanization:** Escalates energy demands and emissions.\n\n3. **Waste Management:** \n   - **Landfills:** Decompose anaerobically, releasing methane.\n\n#### Natural Factors\n- **Volcanic Activity and Solar Variability:** Minimal impact compared to human activities.\n\n### Mitigation Strategies\n\n1. **Transition to Clean Energy:**\n   - Invest in renewable energy and storage solutions, reduce reliance on fossil fuels, and enhance energy efficiency.\n\n2. **Sustainable Land and Agriculture Management:**\n   - Promote reforestation, afforestation, and climate-smart farming practices.\n\n3. **Transportation Revolution:**\n   - Expand electric vehicle use and modernize public transit.\n\n4. **Economic and Policy Instruments:**\n   - Implement carbon pricing, taxes, and rigorous regulations.\n\n5. **Advanced Technological Solutions:**\n   - Develop carbon capture technologies and circular economy models.\n\n6. **Public Education and Engagement:**\n   - Enhance climate literacy through awareness campaigns.\n\n7. **International and Community Collaboration:**\n   - Strengthen global agreements and empower local initiatives.\n\n8. **Adaptation and Resilience:**\n   - Invest in robust infrastructure and disaster response systems.\n\n### Addressing Key Challenges\n\nOvercoming barriers to successful mitigation involves mobilizing financial resources, balancing political and economic interests, and gaining community support through clear communication about sustainability benefits.\n\n### Conclusion\n\nEffective climate change mitigation requires a combination of technological innovation, economic strategies, social engagement, and international collaboration. By embracing these multifaceted efforts, we can combat the climate crisis and ensure a sustainable future."
2026-06-25T10:30:53.729974,all,reasoning_2,reasoning,Explain the main causes of climate change and propose realistic mitigation steps.,3,3,"The draft effectively categorizes the causes of climate change, distinguishing between human-induced and natural factors, but it would benefit from clearer subheadings and transitional phrases for improved coherence. While it comprehensively outlines mitigation strategies, it lacks originality and specific examples or case studies that could offer fresh perspectives. Addressing this would enhance engagement. Additionally, the draft could further explore the practical implementation of strategies at local, national, and global levels, discussing potential barriers such as funding, political resistance, and public engagement. The revised draft underscores the pivotal role of human activities in climate change through greenhouse gas emissions, land-use changes, and waste management, while acknowledging minor natural influences like volcanic eruptions. Suggested mitigation strategies include transitioning to renewable energy, adopting innovative agricultural and transportation practices, implementing policy measures like carbon pricing, fostering technological innovation, enhancing public education, and strengthening international cooperation, such as adherence to the Paris Agreement. Overcoming implementation challenges involves securing adequate funding, navigating political obstacles, and promoting public engagement to drive collective global efforts toward sustainability."
2026-06-25T10:31:18.244432,all,reasoning_2,reasoning,Explain the main causes of climate change and propose realistic mitigation steps.,3,4,"The draft effectively outlines the causes of climate change and suggests mitigation strategies, but clearer transitions between the causes and solutions are needed. The breakdown of human activities contributing to climate change (fossil fuels, agriculture, etc.) should be more explicitly linked to their impact on climate. While the draft covers known strategies, originality could be improved by highlighting emerging research or innovative solutions. Expanding on the role of financial markets and private sector innovation, along with real-world examples, would enhance completeness. The solutions emphasize renewable energy adoption, sustainable agriculture, improved transportation, policy reforms, and international collaboration, advocating for a comprehensive approach to curb emissions and enhance resilience. Integrating technological innovation, policy changes, and cross-sectional engagement is critical for a climate-resilient future."
2026-06-25T10:31:42.168960,all,reasoning_2,reasoning,Explain the main causes of climate change and propose realistic mitigation steps.,4,0,"**Climate Change Causes and Mitigation: A Concise Overview**\n\nClimate change poses significant challenges to ecosystems and societies, demanding a clear understanding and strategic mitigation approaches. Its main causes include human-induced factors and, to a lesser degree, natural phenomena, both contributing to atmospheric temperature rises. \n\n**Human-Induced Factors**:\n1. **Greenhouse Gas Emissions**: Predominantly from fossil fuel combustion, agriculture, and industrial activities, contributing to the build-up of heat-trapping gases like CO2, CH4, and N2O.\n2. **Land Use Changes**: Deforestation and urbanization intensify CO2 levels by reducing natural carbon sinks.\n3. **Waste Management**: Methane emissions from organic waste decomposition exacerbate warming effects.\n\n**Natural Factors** such as volcanic activity and solar variability exert minor and temporary impacts compared to anthropogenic sources.\n\n**Mitigation Strategies** focus on reducing these impacts through:\n- **Clean Energy Transition**: Emphasizes renewable energy adoption and improving energy efficiency across various sectors.\n- **Sustainable Land and Agricultural Practices**: Reforestation and climate-smart agricultural techniques enhance carbon sequestration.\n- **Transportation Innovations**: Expanding electric vehicle infrastructure and public transit options to lower emissions.\n- **Advanced Technologies**: Promoting carbon capture, storage solutions, and a circular economy to minimize waste.\n- **Economic and Policy Measures**: Implementing carbon pricing, strict emissions regulations to incentivize greener practices.\n- **Community and International Engagement**: Boosting climate literacy and fostering collaboration through agreements like the Paris Accord, addressing regional challenges effectively.\n\nA comprehensive response requires tackling economic, technological, and policy barriers while engaging public participation to ensure a sustainable future."
2026-06-25T10:32:00.850891,all,reasoning_2,reasoning,Explain the main causes of climate change and propose realistic mitigation steps.,4,1,"The revised draft presents a well-structured overview of climate change causes and mitigation strategies. It emphasizes the urgent need for addressing anthropogenic factors, such as greenhouse gas emissions from fossil fuels, agriculture, and industrial processes, which are the main contributors to climate change. Additionally, it highlights the impact of land use changes and waste management.\n\nTo tackle these issues, the draft suggests several targeted mitigation strategies: transitioning to renewable energy, promoting sustainable land and agricultural practices, advancing transportation systems, implementing economic and policy measures like carbon pricing, and leveraging technological innovations such as carbon capture. It underscores the importance of public education, fostering community engagement, and international cooperation through frameworks like the Paris Agreement.\n\nThe draft effectively outlines the need for adaptation and resilience by building infrastructure and disaster recovery systems to protect communities. It also addresses the critical challenges of securing financing, balancing economic growth with environmental protection, and ensuring public support by showcasing the socio-economic benefits of a low-carbon transition.\n\nOverall, the content stresses a comprehensive, innovative approach involving technology, policy, and community efforts to mitigate climate impacts and foster a sustainable future, enriched with current examples and actionable insights for greater originality and depth."
2026-06-25T10:32:19.660783,all,reasoning_2,reasoning,Explain the main causes of climate change and propose realistic mitigation steps.,4,2,"The revised draft on climate change effectively outlines the primary human-induced causes, such as emissions from fossil fuels, agriculture, and industrial processes, while distinguishing them from less impactful natural factors. The critique highlights that the draft lacks detailed exploration, especially in economic policy measures and real-world examples, which could enhance clarity and engagement. To address climate change, the draft proposes comprehensive mitigation strategies, including transitioning to renewable energy, sustainable land and agriculture management, adoption of electric vehicles, and economic tools like carbon pricing. It emphasizes innovative solutions such as carbon capture and the use of AI, alongside the need for public education and global cooperation, notably under frameworks like the Paris Agreement. Key challenges include mobilizing investments, gaining political support, and tailoring solutions to local contexts. The response calls for a united global effort, combining technological innovation and community participation, to achieve a sustainable future."
2026-06-25T10:32:38.726333,all,reasoning_2,reasoning,Explain the main causes of climate change and propose realistic mitigation steps.,4,3,"The revised content offers a structured examination of the causes and mitigation strategies related to climate change, emphasizing the predominance of human-induced factors like greenhouse gas emissions, land use changes, and waste management. To address climate change, a comprehensive approach is necessary, incorporating clean energy transitions, sustainable land management, transportation innovation, economic measures like carbon pricing, and advanced technological solutions such as carbon capture. The document stresses the importance of public education, international collaboration, and robust resilience strategies. It also highlights the need for practical implementation through public-private partnerships, emphasizing the significance of cultural, economic, and social tailoring of solutions. Continuous evaluation is critical to ensuring the effectiveness of these measures and adapting to evolving global challenges, paving the way for a sustainable future."
2026-06-25T10:32:55.968772,all,reasoning_2,reasoning,Explain the main causes of climate change and propose realistic mitigation steps.,4,4,"The revised draft identifies human activities, such as fossil fuel usage, agriculture, and industrial processes, as major causes of climate change, exacerbated by land use changes like deforestation. It highlights that effective mitigation requires transitioning to renewable energy, enhancing energy efficiency, and practicing sustainable land management including reforestation and protection of ecosystems. Advances in transportation, policy instruments like carbon pricing, technological innovations such as carbon capture, and public education are pivotal strategies. Addressing financial, political, and public barriers is crucial for implementation, underscoring the importance of international cooperation and community-based solutions. The draft suggests that an integrated approach including technology, policy, and engagement across sectors is critical to combat climate change and ensure a sustainable future."
2026-06-25T10:24:53.413631,all,reasoning_1,reasoning,Analyze the trade-offs of remote work vs. in-person work for a software team.,0,0,"The analysis of remote versus in-person work for software teams highlights several key factors influencing team dynamics and productivity, focusing on the impacts in areas like flexibility, collaboration, well-being, costs, and recruitment.\n\n**Remote Work Benefits:**\n- **Flexibility and Work-Life Balance:** Offers personal scheduling and personalized work environments, reducing stress from commutes and enhancing job satisfaction.\n- **Improved Productivity:** Home environments often have fewer distractions, increasing focus and efficiency.\n- **Global Talent and Cost Savings:** Enables access to diverse skills worldwide and reduces office costs, freeing resources for talent development.\n\n**Remote Work Challenges:**\n- **Communication and Cohesion:** Virtual setups can hinder spontaneous collaboration and lead to feelings of isolation, impacting team unity and agile practices.\n- **Management and Trust Issues:** Monitoring can become overly intrusive, potentially affecting morale.\n\n**In-Person Work Advantages:**\n- **Enhanced Collaboration and Team Dynamics:** Physical presence fosters effective brainstorming, quick problem-solving, and a cohesive company culture.\n- **Resource Availability:** Immediate resource access supports streamlined workflows.\n\n**In-Person Work Drawbacks:**\n- **Commute Stress and Costs:** Commuting can be stressful; maintaining office spaces incurs high costs. Additionally, hiring is limited to local talent, reducing diversity.\n\n**Conclusion:** A hybrid model often provides the best balance, combining the benefits of both modes while addressing specific team needs. Aligning work modes with company goals and using technology to bridge gaps can enhance team performance and satisfaction."
2026-06-25T10:25:22.029173,all,reasoning_1,reasoning,Analyze the trade-offs of remote work vs. in-person work for a software team.,0,1,"The critique of the original draft acknowledges well-structured categories but suggests improving clarity by aligning the positive aspects of remote work directly with comparable in-person benefits for coherent side-by-side comparisons. It notes a lack of originality, suggesting the inclusion of case studies or lesser-discussed topics, such as remote work's impact on innovation speed or creativity in software teams, to inject a fresh perspective. The critique also recommends broadening the analysis by considering different roles within software teams, such as developers versus managers, and noting technological advancements like AI tools influencing remote work. \n\nThe revised draft evaluates the trade-offs between remote and in-person work for software teams, assessing productivity, collaboration, team dynamics, costs, employee well-being, and talent acquisition. It highlights that remote work offers flexibility, reduced distractions, and operational savings but requires self-motivation and risks potential isolation. In-person work provides routine, instantaneous feedback, and enriched interactions but incurs higher costs and potential commuting stress. It emphasizes that a hybrid model combining remote and in-person benefits could offer the flexibility and dynamism required for innovation and diverse team needs, with technological advancements continuing to shape these dynamics."
2026-06-25T10:25:49.055346,all,reasoning_1,reasoning,Analyze the trade-offs of remote work vs. in-person work for a software team.,0,2,"The critique highlights that while the original draft offers a structured comparison between remote and in-person work, it lacks cohesive flow and originality, primarily listing known pros and cons without fresh insights. It omits critical considerations such as equipment and technology needs, potential cybersecurity issues, and mental health aspects, particularly vital for software teams.\n\nIn the revised draft, an analysis of remote versus in-person work for software teams covers productivity, collaboration, work-life balance, costs, employee satisfaction, retention, and talent acquisition. Remote work offers flexibility and global talent access but may lead to distractions and feelings of isolation. In-person work facilitates structured routines and spontaneous interactions but may limit flexibility and access to talent. Both scenarios impact costs differently, with remote work saving on commuting and infrastructure while necessitating tech investments.\n\nTo address these, businesses should consider equipment, cybersecurity, and mental health support, especially for remote teams. Ultimately, a hybrid model may best balance the benefits and drawbacks of both approaches, tailored to a company’s strategic goals and employee preferences."
2026-06-25T10:26:14.180083,all,reasoning_1,reasoning,Analyze the trade-offs of remote work vs. in-person work for a software team.,0,3,"The draft outlines the pros and cons of remote versus in-person work across several dimensions: productivity, communication, talent acquisition, work-life balance, cost, team dynamics, and innovation. While effective in covering these areas, the draft lacks clarity due to isolated sections and insufficient transition. It also needs unique insights and updated trends, especially in discussing hybrid work models, and an expanded view on ""Innovation and Creativity,"" particularly regarding collaborative tools like agile methodologies. For improvement, the analysis should integrate recent trends, case studies, and seamless transitions to connect ideas cohesively, leading to an enhanced conclusion. Such an approach would help in effectively evaluating the organizational and individual implications of work models, suggesting that a hybrid approach might optimize team performance by combining flexibility with structure."
2026-06-25T10:26:39.323109,all,reasoning_1,reasoning,Analyze the trade-offs of remote work vs. in-person work for a software team.,0,4,"The revised draft is a well-structured analysis of the pros and cons of remote, in-person, and hybrid work models for software teams. It effectively outlines the advantages of remote work, such as flexibility, access to a global talent pool, cost savings, improved work-life balance, and environmental benefits, against its challenges, including communication issues, isolation, blurred boundaries, inconsistent work environments, and security risks. In-person work is praised for enhanced collaboration, strong team culture, a structured environment, real-time feedback, and resource accessibility, while noting the downsides like commute stress, limited talent pool, rigid hours, health risks, and higher costs. The hybrid model is presented as a balanced approach, offering personalized flexibility, reduced commutes, improved communication, and preserved team culture. For improvement, the draft could enhance originality with case studies, explore diverse industry impacts, and develop the hybrid model section further to offer more comprehensive insights."
2026-06-25T10:26:59.308882,all,reasoning_1,reasoning,Analyze the trade-offs of remote work vs. in-person work for a software team.,1,0,"The debate on remote versus in-person work for software teams highlights key trade-offs in productivity, collaboration, work-life balance, costs, and innovation. Remote work offers flexibility, global talent access, cost savings, and environmental benefits but may pose communication barriers, security challenges, and impact team cohesion. In-person work enhances collaboration and culture but is limited by commutes, geographic constraints, and higher costs. A hybrid model effectively merges the benefits of both, providing flexibility while fostering cohesion and innovation. It leverages advanced tools and methodologies to enhance communication and productivity. Organizations should consider the mental health impact, role-specific needs, and integrate industry insights to optimize their approach, making the hybrid model a compelling choice for navigating modern work landscapes."
2026-06-25T10:27:21.281660,all,reasoning_1,reasoning,Analyze the trade-offs of remote work vs. in-person work for a software team.,1,1,"The draft under review offers a structured analysis of remote, in-person, and hybrid work models for software teams. However, it could improve in coherence by ensuring smoother transitions between sections, illustrating how discussions on each model's pros and cons logically lead to proposing a hybrid solution. The draft lacks originality; integrating insights on future trends or innovative strategies could set it apart. It would also benefit from supporting its points with quantitative data or real-world examples, such as statistics on productivity or successful case studies.\n\nThe revised draft highlights the critical impact of choosing between remote and in-person work on productivity and employee satisfaction. It analyzes each model's benefits and challenges, advocating for a hybrid approach that aligns with current practices and anticipates future trends.\n\n**Remote Work:**\nBenefits include flexibility, enhanced work-life balance, access to global talent, cost efficiency, and increased productivity. Challenges involve reduced communication, potential isolation, security issues, and accountability concerns.\n\n**In-Person Work:**\nAdvantages encompass enhanced collaboration, cultural integration, and access to shared resources. Drawbacks involve commuting stress, environmental impact, and higher costs.\n\n**Hybrid Work:**\nThis approach combines remote work's flexibility with in-person collaboration's creativity, optimizing team performance and satisfaction. However, it requires careful coordination and equitable access to information.\n\nConclusively, a hybrid model offers a balanced solution, enhancing productivity and satisfaction by blending flexibility with personal interaction. Companies should continuously refine work practices using technological advancements and employee input, augmented by case studies and data on hybrid strategies for robust work environments."
2026-06-25T10:27:43.445661,all,reasoning_1,reasoning,Analyze the trade-offs of remote work vs. in-person work for a software team.,1,2,"The revised draft offers a comprehensive evaluation of remote, in-person, and hybrid work models for software teams by examining key dimensions such as productivity, collaboration, and employee well-being. It highlights that each modality has distinct advantages and challenges impacting team performance and satisfaction. \n\n**Remote Work Benefits**: Includes flexibility, access to global talent, cost savings, and productivity improvements. However, challenges exist such as communication barriers, feelings of isolation, management issues, and security concerns.\n\n**In-Person Work Advantages**: Emphasizes enhanced collaboration, immediate feedback, and structured environments, though hindered by commute stress, limited talent pools, and higher operational costs.\n\n**Hybrid Model**: Combines remote flexibility with in-person collaboration, reducing commute impacts and balancing employee preferences. Challenges include technology requirements and management complexity.\n\nThe critique suggests enhancing the draft's clarity with better transitions and topic sentences, incorporating novel insights with examples or case studies, and exploring the roles within software teams to provide a tailored analysis. The conclusion advocates for a well-executed hybrid model while stressing the need for adaptive strategies and updated data to maintain relevance."
2026-06-25T10:28:05.844981,all,reasoning_1,reasoning,Analyze the trade-offs of remote work vs. in-person work for a software team.,1,3,"The draft evaluates the trade-offs between remote and in-person work for software teams, emphasizing the importance of balancing flexibility, collaboration, and innovation. While structured well, the section on ""The Hybrid Model"" requires clearer articulation, showing how it integrates aspects of both work modes. The analysis could also explore unique requirements for different software roles, enhancing originality with distinct examples. The conclusion mentions technological advancements and AI tools, which should be expanded within the main text to discuss their role in mitigating work challenges.\n\n**Remote Work** offers flexibility, global talent access, cost savings, and focused productivity but challenges include communication barriers, management shifts, and technology demands. **In-Person Work** enhances collaboration, cultural integration, and resource access but comes with drawbacks like commute stress, higher costs, and limited hiring diversity. A **Hybrid Model** blends remote and in-person benefits, promoting tailored flexibility, balanced collaboration, cost-efficiency, and enhanced innovation through digital tools.\n\nUltimately, aligning work models with diverse roles and technological solutions is crucial for software teams to excel. Success hinges on fostering flexibility, trust, and communication to meet individual and collective goals."
2026-06-25T10:28:25.866175,all,reasoning_1,reasoning,Analyze the trade-offs of remote work vs. in-person work for a software team.,1,4,"**Critique and Revisions Summary:**\n\nThe draft provides an in-depth comparison of remote, in-person, and hybrid work models but could improve in organization and originality. While it touches on key aspects like flexibility, team dynamics, and cost, it can be clearer and more forward-thinking. Addressing redundancy in ideas, particularly around personalization benefits, and integrating emerging trends, such as AI's role in remote work, would enhance its uniqueness. Additionally, incorporating examples or data, especially regarding cybersecurity and software industry specifics, could bolster the analysis.\n\n**Revised Draft Summary:**\n\nA comprehensive assessment of remote versus in-person work for software teams involves considering productivity, collaboration, costs, and well-being. Remote work offers flexibility, global talent access, and fewer distractions, boosting satisfaction and productivity. However, it challenges team cohesion and requires strong trust and cybersecurity. In-person work enhances collaboration but limits talent diversity and can introduce commuting stress. A hybrid model offers the best compromise, balancing flexibility with essential in-person interaction, benefiting overall innovation and morale. Incorporating technology and tailored strategies will optimize hybrid work, meeting modern software development demands while integrating real-world data to strengthen the approach."
2026-06-25T10:28:44.350838,all,reasoning_1,reasoning,Analyze the trade-offs of remote work vs. in-person work for a software team.,2,0,"The revised draft provides a detailed analysis of the trade-offs between remote, in-person, and hybrid work models for software teams, emphasizing aspects like productivity, collaboration, cost, and employee well-being. The draft identifies key benefits of remote work, including flexibility, access to broader talent, cost savings, and increased productivity, but also notes challenges such as communication hurdles, team cohesion issues, and security risks. In contrast, in-person work advantages include spontaneous collaboration and strong team culture but face drawbacks like commute stress and high operational costs. Hybrid models attempt to unify the strengths of both approaches, offering a balance of flexibility and collaboration while posing challenges in logistics and team dynamics. The conclusion suggests that choosing the right work model requires careful consideration of these factors, with hybrid setups currently showing promise. Organizations should tailor approaches based on team needs, utilizing technology and real-world case studies to inform decisions in the dynamic software development landscape."
2026-06-25T10:28:58.256502,all,reasoning_1,reasoning,Analyze the trade-offs of remote work vs. in-person work for a software team.,2,1,"**Critique Summary:**\n\nThe draft is clear but would benefit from more explicit comparisons between remote, in-person, and hybrid work models, along with smoother transitions to enhance coherence. It lacks originality, with opportunities to include unique perspectives on technology's role in shaping team dynamics, supported by recent examples or case studies. The analysis should further elaborate on effectively implementing a hybrid model, including management strategies and potential challenges.\n\n**Revised Content Overview:**\n\nThe evolving debate over work models for software teams—remote, in-person, and hybrid—focuses on productivity, collaboration, and employee well-being. Remote work offers flexibility, a better work-life balance, and access to a global talent pool while reducing costs. However, it poses communication challenges, potential isolation, and cybersecurity concerns. In-person work fosters spontaneous collaboration and strengthens company culture, though it is limited by geographical constraints and higher costs. The hybrid model combines the strengths of both, offering flexibility and enhanced team cohesion, supported by advanced technologies like AI for streamlined communication and task management. This model requires strong digital infrastructure and cybersecurity measures.\n\n**Conclusion:**\n\nChoosing the right work model requires alignment with team goals and job-specific needs. A hybrid model is promising, merging flexibility with necessary in-person interactions to boost productivity and satisfaction. Companies should leverage technology for seamless communication and adapt based on employee feedback, addressing cybersecurity challenges and digital infrastructure to support this dynamic model. Strategies for overcoming hybrid adoption hurdles are essential for meeting the demands of the industry."
2026-06-25T10:29:19.754947,all,reasoning_1,reasoning,Analyze the trade-offs of remote work vs. in-person work for a software team.,2,2,"The draft analysis of remote versus in-person work for software teams is well-structured but requires minor enhancements in coherence and originality. The introduction should better emphasize the relevance of comparing these work models post-COVID-19. While the draft covers common benefits and drawbacks, adding original insights or case studies from successful implementations in software companies could enrich the arguments.\n\nThe section on ""Implementation Considerations"" for hybrid work is underdeveloped; expanding on potential challenges and strategies would provide a fuller perspective. Including a summary of key takeaways at the end strengthens comprehension.\n\n**Revised Analysis Summary:**\n\nWith the shift in work models prompted by COVID-19, software teams are evaluating remote, in-person, and hybrid work structures to optimize productivity, collaboration, cost management, and well-being. Each model presents distinct advantages and challenges:\n\n- **Remote Work** offers flexibility, access to global talent, and cost savings but struggles with communication, isolation, and security.\n- **In-Person Work** fosters collaboration and cultural integration yet faces limitations due to commuting stress, higher costs, and a restricted talent pool.\n- **Hybrid Work** effectively combines the benefits of both, providing flexibility with structured in-person interactions, reduced commute impacts, and enhanced technological integration.\n\nFor the hybrid model, clarifying coordination, investing in technology, and continuously adapting strategies are critical for long-term success. Ultimately, it stands out as a dynamic solution fit for modern challenges in software development."
2026-06-25T10:29:37.446391,all,reasoning_1,reasoning,Analyze the trade-offs of remote work vs. in-person work for a software team.,2,3,"The draft effectively outlines the trade-offs between remote, in-person, and hybrid work for software teams, noting considerations essential for optimizing modern practices in productivity, collaboration, costs, and employee well-being. **Remote work** offers flexibility and access to a global talent pool while reducing office costs, but challenges include communication hurdles and potential isolation impacting team cohesion and innovation. **In-person work** facilitates immediate feedback and increased creativity through face-to-face interactions, yet poses challenges with commuting stress and higher operational costs. The **hybrid model** is a balanced approach combining remote flexibility with in-office benefits but requires careful planning to meet diverse employee needs and maintain resource equity. Successful implementation of a hybrid model requires leveraging advanced collaboration tools and fostering a culture of trust and transparency, supported by real-world data and feedback. Future improvements should include unique insights or trends in software development and cover the effects of work models on learning and career progression for comprehensive, innovative analysis."
2026-06-25T10:29:56.976500,all,reasoning_1,reasoning,Analyze the trade-offs of remote work vs. in-person work for a software team.,2,4,"The revised draft evaluates the trade-offs between remote, in-person, and hybrid work models for software teams, focusing on their impacts on productivity, collaboration, innovation, cost management, and employee well-being. Remote work offers flexibility, access to global talent, cost savings, and environmental benefits, but faces challenges in communication, isolation, and security. Conversely, in-person work enhances collaboration, cultural integration, and mentorship but suffers from commute stress and higher operational costs. The hybrid model promises a balanced solution by combining the strengths of both approaches, providing optimized flexibility, interaction, and reduced costs, although it requires strong technological infrastructure and complex management strategies. To maximize efficacy, the deployment of AI-driven tools, ongoing feedback mechanisms, and adaptability is crucial. Utilizing data-driven insights and industry case studies will ensure strategies are grounded and sustainable, allowing innovation to thrive within software teams."
2026-06-25T10:30:25.813526,all,reasoning_1,reasoning,Analyze the trade-offs of remote work vs. in-person work for a software team.,3,0,"The revised draft analyzes the trade-offs among remote, in-person, and hybrid work models for software teams, emphasizing their impact on productivity and well-being. It notes that while remote work offers flexibility, global talent access, and cost savings, it faces communication challenges and potential isolation. In-person work fosters collaboration and company culture but limits geographic diversity and incurs higher costs. The hybrid model seeks to balance these elements by combining remote flexibility with in-person interaction, though it requires careful management of logistics and technology. The critique suggests the draft could enhance clarity through direct comparisons, boost originality by incorporating recent data or surveys, and address post-pandemic trends to provide a more comprehensive overview. Key strategies for implementing hybrid work include investing in technology, fostering trust, adaptable policies, and regular evaluations. The conclusion highlights that the hybrid model, by integrating technological advancements and open communication, can effectively meet the changing needs of software development teams while aligning with both organizational goals and individual preferences."
2026-06-25T10:30:42.452342,all,reasoning_1,reasoning,Analyze the trade-offs of remote work vs. in-person work for a software team.,3,1,"**Critique of the Draft:**\n\n1. **Clarity and Coherence:** The draft suffers from abrupt transitions, with the ""Technological Integration"" section introduced without a lead-in, particularly affecting the flow from the previous sections on work models. Enhancing these transitions could improve coherence.\n\n2. **Originality:** While covering typical aspects of remote, in-person, and hybrid work, the draft lacks a novel perspective. Incorporating recent trends, case studies, or unique insights specific to software teams could enhance its originality and relevance.\n\n3. **Completeness:** The draft offers a high-level view but lacks depth, notably in addressing challenges like communication hurdles in remote work and operational costs for in-person work. It also misses an opportunity to more thoroughly explore strategies for evolving work models through feedback and data.\n\n**Rewritten Draft:**\n\nThe debate on optimal work models for software teams—remote, in-person, or hybrid—remains central to productivity and collaboration post-pandemic. Each model presents distinct advantages and challenges. \n\n**Remote Work:** Offers flexibility and a global talent pool, with cost savings on office space, but poses communication barriers, employee isolation, and cybersecurity risks. Effective mitigation includes advanced digital tools, virtual community-building, and robust cybersecurity measures.\n\n**In-Person Work:** Encourages spontaneous interaction and cohesive culture, enhancing creativity and mentoring but faces commuting stress, operational costs, and a limited talent pool. Optimizing office space and diversifying recruitment can address these issues.\n\n**Hybrid Work:** Balances remote and in-person benefits, promoting work-life balance and reducing commuting. It requires a strong digital framework and dynamic management for cohesion and resource equality, with regular communication and adaptable policies.\n\n**Technological Integration and Trends:** Advanced technology integration is crucial for any model. AI-driven tools enhance productivity and innovation, keeping companies competitive amidst emerging workplace trends.\n\n**Conclusion:** Aligning the work model with team goals and organizational culture is key. The hybrid model offers a promising balance of flexibility and productivity. Organizations can stay agile by leveraging employee feedback and data-driven insights to adapt strategies. Success depends on meeting team needs and utilizing technology for an innovative work environment."
2026-06-25T10:31:00.054794,all,reasoning_1,reasoning,Analyze the trade-offs of remote work vs. in-person work for a software team.,3,2,"The critique highlights areas for improvement in the draft's clarity, originality, and completeness. It notes the draft's structured comparison of remote, in-person, and hybrid work models but suggests smoother transitions and a clearer hierarchy in presenting points. To enhance originality, real-world examples and recent research could deepen the analysis. The draft lacks a detailed discussion on how these models impact software team dynamics, particularly in agile methodologies. The rewritten draft evaluates the pros and cons of each work model specific to software development, recommending hybrid work for its flexibility and balanced interaction. It emphasizes investing in technology, ensuring security, and fostering a culture of trust within hybrid setups. Organizations should align their work model with strategic goals and team needs, using data and feedback to adapt strategies within the evolving software development landscape."
2026-06-25T10:31:20.126500,all,reasoning_1,reasoning,Analyze the trade-offs of remote work vs. in-person work for a software team.,3,3,"The critique of the draft highlights several areas for improvement. Firstly, the draft's structure lacks clarity and coherence, with insufficient transitions and a missing thesis statement to guide the reader. Original insights and specific examples from real-world scenarios could enhance originality, particularly in discussions about AI-driven tools. Further suggestions for overcoming work model challenges, such as communication barriers in remote settings or commuting stress in in-person roles, would improve the analysis's completeness. Environmental impacts and employee turnover considerations should be included for a comprehensive assessment.\n\nThe revised draft addresses the trade-offs of work models in software development post-COVID-19, focusing on productivity, collaboration, cost, and employee well-being. It details remote work's flexibility, cost-saving benefits, and global talent pool access, alongside challenges like communication issues and security risks. In-person work fosters direct collaboration and cultural integration but is hindered by commuting stress and operational costs. Hybrid work offers a balanced flexibility, reducing commuting and space needs, but requires careful scheduling and digital infrastructure management.\n\nConcluding, the hybrid model appears promising due to its flexibility, yet its success depends on effective collaboration tools and strategic resource management. Companies should utilize AI-driven tools and data insights to align work models with organizational goals, fostering innovation in a dynamic work environment."
2026-06-25T10:31:42.168224,all,reasoning_1,reasoning,Analyze the trade-offs of remote work vs. in-person work for a software team.,3,4,"The COVID-19 pandemic has revolutionized traditional work models, prompting software teams globally to reassess remote, in-person, and hybrid arrangements. Each model offers distinct advantages and challenges. Remote work boosts flexibility, access to global talent, and cost savings, but may hinder spontaneous communication and increase isolation. In-person work enhances collaboration, cultural enrichment, and mentorship opportunities, yet poses challenges like commute stress and high overhead costs. Hybrid work offers a balance, combining remote flexibility with in-person collaboration, but demands meticulous coordination and robust digital infrastructure.\n\nTo capitalize on these models effectively, a hybrid approach emerges as optimal, blending remote and in-person strengths. Key strategies include investing in advanced technology for seamless collaboration, fostering a culture rooted in trust and transparency, and emphasizing flexibility and open feedback channels. Organizations should proactively leverage data-driven insights and industry case studies to innovate continually, address evolving challenges, and support employee well-being uniquely within the dynamic software industry."
2026-06-25T10:32:02.850386,all,reasoning_1,reasoning,Analyze the trade-offs of remote work vs. in-person work for a software team.,4,0,"The analysis of work models for software teams—remote, in-person, and hybrid—provides a comprehensive overview of each's advantages and challenges through productivity, team dynamics, cost efficiency, and employee well-being lenses. Remote work offers flexibility, a global talent pool, and cost savings but faces challenges in communication, isolation, and cybersecurity. In-person work fosters collaboration and cultural continuity but is hindered by commuting stress and high costs. The hybrid model optimally balances flexibility with in-person collaboration, though it requires careful schedule coordination and technological investment. The analysis emphasizes the hybrid model as a favorable approach post-pandemic, highlighting the importance of investing in technology, fostering trust, conducting regular evaluations, and planning thoughtful transitions to align with company objectives and employee needs, ensuring sustained productivity and innovation."
2026-06-25T10:32:22.818639,all,reasoning_1,reasoning,Analyze the trade-offs of remote work vs. in-person work for a software team.,4,1,"### Critique Summary\n\n**Clarity and Coherence:**  \nThe draft needs stronger, clearer connections between sections, especially in transitioning between different work models. Each section should begin with a precise topic sentence and use transitional phrases to guide the reader smoothly across the narrative.\n\n**Originality:**  \nThe draft reiterates well-known pros and cons without unique insights or fresh data. Adding real-world examples, case studies, or recent industry findings could provide depth and novelty.\n\n**Completeness:**  \nTechnological integration is superficially addressed. The draft should elaborate on how technology affects each work model and offer detailed conclusions or recommendations tailored to organizations based on size, industry, or type.\n\n### Revised Draft Summary\n\nIn today's post-COVID-19 landscape, software teams explore the complexities of remote, in-person, and hybrid work models, aiming to optimize productivity, collaboration, cost management, and employee well-being.\n\n**Remote Work:**  \nRemote work enhances flexibility and access to a global talent pool, reducing overhead costs. However, it poses challenges such as hurdles in communication and cybersecurity threats, which can impact team morale and collaboration. To address this, advanced digital tools and virtual community-building efforts are crucial, as are robust cybersecurity protocols.\n\n**In-Person Work:**  \nIn-person settings foster creativity, spontaneous interactions, and strong company culture but limit hiring to local candidates and increase commuting stress and operational costs. Optimizing office layouts and introducing flexible hours can enhance its advantages.\n\n**Hybrid Work:**  \nThe hybrid model balances flexibility with in-person interaction, enhancing work-life balance and direct collaboration opportunities. It requires dynamic management, efficient scheduling, and a strong digital infrastructure. Regular assessments and adaptable policies can refine this model to meet team and organizational goals.\n\n**Technological Integration and Trends:**  \nIntegrating AI-powered tools can improve efficiency, drive innovation, and provide strategic insights across work models, such as using AI for project management in hybrid setups.\n\n**Conclusion:**  \nChoosing a work model should align with organizational objectives and team dynamics. The hybrid approach, when supported by strategic resource allocation and up-to-date technology, can offer a balanced solution. Tailored strategies that account for organizational size, industry focus, and employee roles will lead to maximum effectiveness, promoting a culture of trust and transparency."
2026-06-25T10:32:46.705675,all,reasoning_1,reasoning,Analyze the trade-offs of remote work vs. in-person work for a software team.,4,2,"### Critique of Draft on Work Models for Software Teams\n\n#### Clarity and Coherence\nThe draft is clear overall but needs more explicit transitions between sections to enhance the flow when discussing the advantages and challenges of each work model. Some sections present information densely, which could be streamlined for improved readability.\n\n#### Originality\nWhile discussing remote, in-person, and hybrid models, the draft reflects common themes in the debate about work arrangements. Adding industry-specific examples or recent case studies could highlight unique challenges or successes, providing a fresh perspective.\n\n#### Completeness\nThe draft offers a good overview but could be more comprehensive by including impacts on productivity metrics, software lifecycle management, or client relationships. Incorporating relevant technological advancements, such as AI-enhanced collaboration tools, would provide a fuller picture of the current work landscape.\n\n### Trade-offs of Work Models for Software Teams\n\nThe COVID-19 pandemic and technological advancements have reshaped work dynamics for software teams, compelling organizations to choose between remote, in-person, and hybrid work models, each with distinct advantages and challenges affecting team dynamics and productivity.\n\n#### Remote Work\n\n**Advantages:**\n- **Flexibility and Autonomy:** Offers adaptable work schedules, boosting work-life balance, job satisfaction, and employee retention.\n- **Global Talent Pool:** Removes geographic limits, allowing the recruitment of diverse, top-tier talent worldwide.\n- **Cost Savings:** Decreases reliance on physical office spaces, lowering expenses on rent and utilities.\n\n**Challenges:**\n- **Communication Barriers:** Digital tools can hinder spontaneous interaction, impacting creativity and agile processes.\n- **Mental Health Concerns:** Risks of isolation can affect mental health and team morale.\n- **Security Risks:** Requires robust protocols to protect sensitive data from cybersecurity threats.\n\n#### In-Person Work\n\n**Advantages:**\n- **Collaborative Environment:** Encourages direct interactions, enhancing creativity and problem-solving vital for software development.\n- **Cultural and Mentorship Opportunities:** Physical spaces reinforce company culture and facilitate mentorship and team-building.\n- **Work-Life Separation:** Provides a clear boundary between work and personal life, enhancing focus at work.\n\n**Challenges:**\n- **Commuting Stress:** Long commutes can induce stress, affecting productivity.\n- **Higher Operational Costs:** Maintaining offices entails significant expenses.\n- **Talent Recruitment Limits:** Limited to candidates within commuting distance.\n\n#### Hybrid Work\n\n**Advantages:**\n- **Blended Flexibility:** Combines flexibility with in-person interactions, boosting satisfaction and productivity.\n- **Reduced Commuting:** Less frequent commutes improve work-life balance.\n- **Efficient Resource Use:** Balances cost savings with necessary face-to-face collaboration.\n\n**Challenges:**\n- **Complex Scheduling:** Requires careful planning to manage office resource access and team schedules.\n- **Technological Needs:** Demands reliable digital infrastructure for seamless communication.\n- **Cohesive Culture:** Maintaining unified culture across settings necessitates intentional strategies and strong leadership.\n\n### Recommendations and Conclusion\n\nSoftware teams benefit most from a strategically implemented hybrid model, leveraging remote and in-person strengths. Investment in collaboration technologies and fostering communication and trust are crucial. Regular evaluations can refine the model, aligning with team needs and industry trends. Hybrid models offer flexibility and resilience, enabling teams to thrive in the competitive tech landscape while aligning with organizational goals and employee well-being."
2026-06-25T10:33:03.471566,all,reasoning_1,reasoning,Analyze the trade-offs of remote work vs. in-person work for a software team.,4,3,"**Evaluating Work Models for Software Development Teams: Remote, In-Person, and Hybrid**\n\nIn the evolving post-pandemic workplace, software development teams are reevaluating remote, in-person, and hybrid work models to balance productivity, collaboration, and morale. Each model presents unique benefits and challenges influencing team dynamics and outcomes.\n\n**Remote Work:** Emphasizes flexibility and global talent access, exemplified by companies like GitLab. While encouraging diverse skills, it may cause communication hurdles and isolation. Solutions include using tools like Slack and Zoom, fostering virtual team-building, and implementing asynchronous work systems to enhance productivity.\n\n**In-Person Work:** Fosters spontaneous interactions and strong culture, essential for creativity. Companies like Adobe utilize interactive office designs to stimulate real-time collaboration, though geographic limits and commuting stress are significant drawbacks. Flexible hours and diverse recruitment can alleviate these issues.\n\n**Hybrid Work:** Combines remote and in-person benefits, as seen in Microsoft's model that supports work-life balance. Success depends on strategic coordination and robust digital infrastructure, as demonstrated by Google’s ""collaboration days,"" which maintain cohesion and ensure equal access to resources.\n\n**Technological Integration and Trends:** AI-driven tools are vital across all models. Tools like Jira and Miro aid in project management and design collaboration. Keeping abreast of technological trends offers a competitive edge.\n\n**Conclusion and Recommendations:** Selecting a work model aligned with team goals and culture enhances productivity and satisfaction. Hybrid models provide promising balance when combined with effective collaboration tools and strategic resource management. Continuous feedback and innovation foster a dynamic work environment aligned with organizational objectives and employee well-being."
2026-06-25T10:33:17.374256,all,reasoning_1,reasoning,Analyze the trade-offs of remote work vs. in-person work for a software team.,4,4,"The revised draft critically examines remote, in-person, and hybrid work models for software teams, focusing on the trade-offs regarding productivity, collaboration, costs, and employee well-being. It suggests that while remote work offers flexibility and an expanded talent pool, it also brings challenges like isolation and cybersecurity threats. In-person work enhances collaboration but is limited by commuting stress and costs. The hybrid model, blending remote and in-person work, promotes work-life balance but requires robust technology and management strategies. For any model to succeed, leveraging technology such as AI to optimize workflows and staying updated on trends is essential. The conclusion emphasizes aligning work models with organizational objectives and values while maintaining agility through technology, trust, and feedback. The draft calls for a clear structure, original insights, such as case studies, and a deeper exploration of tools and strategies, particularly in software development, to enhance comprehensiveness and originality."
2026-06-25T10:31:59.663194,all,summ_3,summarization,Summarize the key properties of human-centered design.,0,0,"The critique of the revised human-centered design (HCD) draft highlights areas for improvement in clarity, originality, and completeness. To enhance clarity, it suggests grouping related concepts like ""Empathy and User Focus"" with ""User Empowerment and Engagement"" to improve coherence. For originality, incorporating specific examples or case studies where HCD has been successfully applied could add depth and maintain reader interest. In terms of completeness, the critique recommends focusing more on the outcomes and benefits of HCD’s properties, and possibly including an overview of the HCD stages.\n\nThe revised draft describes HCD as a problem-solving methodology centered on the user’s needs at every stage of the design process, ensuring outcomes that genuinely address these needs. Key properties include:\n\n1. **Empathy and User Focus**: Deep understanding of users through direct interaction and contextual immersion.\n2. **User Empowerment and Engagement**: Active user involvement throughout the process fosters ownership and improves insights.\n3. **Problem Framing and Contextual Understanding**: Accurate problem definition aligns solutions with users’ real-world contexts.\n4. **Iterative and Creative Ideation**: Continuous cycles of brainstorming, prototyping, and testing to refine solutions.\n5. **Interdisciplinary Collaboration**: Diverse expertise contributes to holistic and innovative designs.\n6. **Prototyping and Testing with Inclusivity**: Rapid and inclusive prototyping ensures designs are accessible and cater to diverse needs.\n7. **Sustainability**: Designing with environmental, social, and economic sustainability in mind.\n\nHCD transcends merely creating usable products; it enhances human experiences and social impacts across various domains like technology, service design, and architecture. Including examples of technology projects that have redefined user interfaces through inclusivity would further illustrate HCD’s effectiveness."
2026-06-25T10:32:14.225640,all,summ_3,summarization,Summarize the key properties of human-centered design.,0,1,"Human-centered design (HCD) is a user-focused approach that seeks to create effective and beneficial solutions. Key aspects include:\n\n1. **Empathic User-Centric Focus**: HCD emphasizes understanding users through methods like interviews and observations, ensuring solutions genuinely address user needs by grounding them in empathy and user-centric insights.\n  \n2. **Iterative Development**: The process is iterative, involving cycles of prototyping, user testing, and refinement, allowing continual adjustments based on real user feedback to closely align products with user requirements.\n\n3. **Multidisciplinary Collaboration**: Collaboration among diverse professionals enriches the design process with varied perspectives, fostering innovation and a comprehensive understanding of project challenges.\n\n4. **Inclusive Accessibility**: HCD prioritizes inclusivity by considering diverse users, including those with disabilities, to design universally accessible solutions that promote equality across demographics.\n\n5. **Feedback and Co-Creation**: Continuous user feedback and involvement, such as co-creation workshops, ensure that solutions resonating with user insights are developed, enhancing relevance and effectiveness.\n\n6. **Contextual Awareness and Problem Reframing**: HCD involves understanding broader environmental and social contexts and reevaluating the problem space to uncover new insights and align solutions with user contexts sustainably.\n\nIn essence, human-centered design centers on empathy, collaboration, and iteration to create solutions that are both functional and enrich user experiences."
2026-06-25T10:32:31.999240,all,summ_3,summarization,Summarize the key properties of human-centered design.,0,2,"The critique of the original draft on human-centered design highlighted issues of clarity, originality, and completeness. The draft lacked structured transitions, needed fresh insights beyond known principles, and missed connections between concepts.\n\nThe revised draft addresses these critiques by clearly outlining human-centered design (HCD) as a user-focused innovation approach prioritizing empathy and collaboration. Key properties include:\n\n1. **Empathy and User Focus**: Emphasizes understanding users' needs through observation and interaction, ensuring solutions enhance user satisfaction.\n   \n2. **Iterative Process**: Encourages continuous solution refinement through prototyping and testing, integrating user feedback to meet evolving expectations.\n\n3. **Collaborative Approach**: Involves diverse teams, including users, to harness varied perspectives for practical and creative solutions.\n\n4. **Accurate Problem Definition and Reframing**: Focuses on thorough research to redefine problems aligning with actual user needs.\n\n5. **Prototyping and Testing**: Utilizes rapid prototyping to explore ideas and iterative testing to drive solution effectiveness.\n\n6. **Contextual Understanding**: Considers social, economic, and cultural factors to ensure solutions are sustainable and relevant.\n\n7. **Outcome and Impact-Focused**: Aims for innovations with measurable positive impacts on users' lives.\n\n8. **Flexibility and Adaptability**: Allows for pivoting during design to stay aligned with user insights.\n\n9. **Ethical and Sustainable Design**: Ensures inclusivity and equity, considering long-term social impacts to avoid harm and promote sustainability.\n\nThese principles guide HCD to create adaptable, meaningful, and impactful solutions that address real-world user conditions effectively."
2026-06-25T10:32:51.390517,all,summ_3,summarization,Summarize the key properties of human-centered design.,0,3,"The draft on human-centered design (HCD) outlines its core principles, focusing on empathy, user involvement, and iterative development. Although the explanations are clear, redundancy exists, particularly around empathy and user involvement. The draft would benefit from unique insights or examples to demonstrate these principles in practice, adding originality. To enhance completeness, a stronger conclusion linking these properties cohesively is suggested. \n\nThe rewritten draft posits HCD as placing end-user needs at the forefront, utilizing empathy and user insights gathered through direct engagement to guide design. Continuous user involvement ensures solutions are refined through user feedback. An iterative approach allows designs to evolve based on user-centric feedback. Cross-disciplinary collaboration enriches the process, while human-centric problem framing ensures a focus on users rather than business metrics. The aim is to create practical, appealing solutions, emphasizing user experience and ethical, inclusive practices. Adaptability and scalability are also crucial, allowing solutions to stay relevant across contexts. Finally, contextual awareness ensures designs are effective within real-world social, cultural, and environmental frameworks.\n\nOverall, integrating these properties ensures HCD creates solutions that resonate with and satisfy users, fostering adoption and enriching experiences."
2026-06-25T10:33:11.859404,all,summ_3,summarization,Summarize the key properties of human-centered design.,0,4,"The draft on human-centered design (HCD) highlights key principles required for user-focused innovation but could be improved for clarity and originality. A more structured organization grouping related concepts under broader themes would enhance coherence. Additionally, the draft lacks originality, with potential improvement through specific examples or unique perspectives demonstrating real-world applications of HCD properties. The draft outlines crucial HCD characteristics but could deepen understanding by exploring the interconnectivity between these elements. \n\nHuman-centered design is an approach that emphasizes innovation rooted in deep user empathy and understanding. It incorporates:\n\n1. **Empathy and User Understanding**: Engaging directly with users via interviews and observations to gather insights into their lifestyles, challenges, and aspirations.\n2. **Iterative Process and Feedback**: Continuous prototyping, testing, and refining of designs based on user feedback to ensure alignment with needs and expectations.\n3. **Collaboration and Multidisciplinary Involvement**: Diverse teams contribute varied perspectives, fostering solutions enriched by collective insights.\n4. **Problem Framing and Reframing**: Redefining problems from a user-centric perspective, integrating new insights to target fundamental issues rather than symptoms.\n5. **Inclusivity and Accessibility**: Designing for a broad spectrum of users, including those with disabilities, to prevent exclusion.\n6. **Contextual Awareness**: Considering cultural, environmental, and technological contexts to ensure seamless user-product interaction.\n7. **Prototyping and User Testing**: Utilizing prototypes to gather feedback, refining designs for usability and practicality.\n8. **Simplicity and Intuitiveness**: Creating intuitive solutions that simplify user interaction and task completion.\n9. **Sustainability and Impact**: Considering long-term user and environmental implications, aiming for community and environmental enhancement.\n10. **Adaptability and Scalability**: Designing flexible solutions to evolve with technology and changing user expectations.\n\nHCD principles, when applied cohesively, result in solutions that resonate with users and adapt to their evolving needs."
2026-06-25T10:33:30.888609,all,summ_3,summarization,Summarize the key properties of human-centered design.,1,0,"The draft on human-centered design (HCD) demonstrates clarity but can be made more concise, especially in describing its properties. It lacks originality due to the absence of specific case studies that could exemplify HCD principles in action. Additionally, the draft would benefit from an introduction or conclusion to tie together the discussed properties and emphasize their integrated approach.\n\nHuman-centered design (HCD) focuses on creating solutions that address user needs through empathy and engagement. The key properties include:\n\n1. **Empathy and User Understanding**: Engaging with users to grasp their emotions and experiences, ensuring solutions align with their needs.\n2. **Iterative Development**: A design cycle involving prototyping, testing, and refinement for continuous improvement.\n3. **Multidisciplinary Collaboration**: Leveraging diverse perspectives for innovative and well-rounded solutions.\n4. **User Empowerment**: Involving users throughout the process to enhance solution relevance and strengthen user-designer relationships.\n5. **Inclusive and Accessible Design**: Ensuring designs are usable by people of all abilities.\n6. **Contextual Awareness**: Framing problems from a user-centric view within a broader social and cultural context.\n7. **Sustainability and Ethical Impact**: Considering long-term effects and ethical practices for socially positive solutions.\n8. **Adaptability and Scalability**: Crafting flexible solutions that evolve with technological advancements and changing user needs.\n\nThese principles ensure HCD solutions are functional, enriching human experiences and maintaining relevance over time through a user-oriented and future-ready approach."
2026-06-25T10:33:45.652601,all,summ_3,summarization,Summarize the key properties of human-centered design.,1,1,"The draft on human-centered design (HCD) could benefit from improved organization and clarity, as some ideas overlap and language could be more straightforward. Adding specific examples or case studies would enhance its originality and illustrate the practical benefits of HCD properties. While the draft thoroughly covers various HCD principles, it could be strengthened by including practical implementation strategies and a more persuasive introduction and conclusion.\n\nHCD focuses on understanding and prioritizing end-users through empathy, iterative processes, and multidisciplinary collaboration. It reframes problems from the user's perspective, promoting inclusivity by designing accessible products for diverse needs. Understanding social and environmental contexts ensures solutions are relevant and sustainable. Involving users through feedback and co-creation enhances engagement and ownership. HCD aims for adaptability by creating scalable solutions that evolve with user needs and technology. Overall, it strives for designs that are functional, enriching, and sustainable, ensuring long-term relevance and user satisfaction."
2026-06-25T10:34:01.592128,all,summ_3,summarization,Summarize the key properties of human-centered design.,1,2,"The revised draft critiques the original by identifying issues with clarity and coherence, originality, and completeness in describing human-centered design (HCD). It suggests integrating redundant points on iterative processes and providing a more distinctive perspective to enhance originality. To improve completeness, the inclusion of real-world examples is recommended. The updated draft then articulates HCD as a user-centered approach, with key properties such as:\n\n1. **Empathy and User Understanding** through direct user engagement.\n2. An **Iterative and Prototyping Process** for continuous refinement of solutions.\n3. **Collaborative Multidisciplinary Teams** bringing diverse perspectives.\n4. **Inclusive and Accessible Design** ensuring usability for diverse groups.\n5. **Contextual Relevance and Problem Framing** aligning with social, cultural contexts.\n6. **Sustainability and Ethical Responsibility** focusing on long-term impacts.\n7. **Adaptability and Scalability** to meet evolving user needs.\n\nThese elements drive user satisfaction and innovation, as exemplified by real-world applications like Apple's product iterations and IDEO's community-based projects, illustrating HCD’s transformative potential."
2026-06-25T10:34:21.431726,all,summ_3,summarization,Summarize the key properties of human-centered design.,1,3,"Human-centered design (HCD) focuses on developing solutions deeply rooted in user insights and experiences. It emphasizes the following core elements:\n\n1. **Empathy and User-Centric Understanding:** In HCD, understanding users' needs through direct engagement, such as interviews and co-creation, fosters solutions that genuinely resonate with intended users.\n\n2. **Iterative and Feedback-Driven Process:** A cyclical approach of designing, prototyping, testing, and refining ensures solutions evolve based on continuous user feedback, staying aligned with user needs as they change.\n\n3. **Collaborative and Multidisciplinary Teams:** Drawing insights from diverse disciplines boosts creativity, providing robust and comprehensive solutions that benefit from varied perspectives.\n\n4. **Problem Framing and Adaptive Reframing:** Understanding and redefining problems through user insights leads to solutions addressing fundamental issues rather than superficial symptoms.\n\n5. **Inclusion and Accessibility:** Designed solutions must cater to diverse users, including those with disabilities, ensuring inclusivity and preventing exclusion.\n\n6. **Contextual and Cultural Sensitivity:** Aligning solutions with social, cultural, and environmental contexts ensures relevance, sustainability, and long-term viability.\n\n7. **Sustainable and Impact-Oriented Design:** HCD targets long-lasting positive impacts, integrating environmental and social responsibility to benefit users, communities, and ecosystems.\n\n8. **Scalability and Future Adaptability:** Designs are crafted to be scalable and flexible, allowing them to evolve with technological changes and shifting user expectations, exemplified by initiatives like XYZ Company’s app enhancing urban mobility.\n\nThese principles ensure HCD solutions not only address functional needs but also provide enduring, positive impacts on users and their environments."
2026-06-25T10:34:38.602630,all,summ_3,summarization,Summarize the key properties of human-centered design.,1,4,"The draft of the human-centered design (HCD) framework is generally clear but could enhance clarity by streamlining sections such as ""Inclusivity and Accessibility"" and ""Sustainability and Ethical Considerations"" to boost conciseness. Logical progression can be improved by repositioning related elements like ""Inclusivity and Accessibility"" closer to ""User Empowerment and Engagement"" for a smoother flow. While the draft's originality is at risk due to its reliance on standard concepts, incorporating specific examples or case studies could enhance its uniqueness and impact. Completeness is strengthened by illustrating how the listed properties interconnect and mutually reinforce the success of HCD, with a more detailed conclusion emphasizing these ties.\n\nKey characteristics of HCD include:\n\n1. **Empathy and User Understanding**: Understanding users through engagement and observation uncovers true needs, making designs personally resonant.\n2. **Iterative Process**: Emphasizes brainstorming, prototyping, and testing, allowing dynamic evolution through user feedback.\n3. **Collaboration and Multidisciplinary Approach**: Diverse teams foster innovation and holistic problem-solving.\n4. **User Empowerment and Engagement**: User participation, such as in co-creation workshops, enhances ownership and solution relevance.\n5. **Contextual Awareness and Problem Framing**: Solutions grounded in real-world contexts through problem framing ensure relevance.\n6. **Inclusivity and Accessibility**: Ensures designs are accessible to a diverse base, promoting equality.\n7. **Prototyping and Testing**: Involving users early to reveal usability issues and refine functionality.\n8. **Sustainability and Ethical Considerations**: Prioritizes environmental and social impacts, advocating positive contribution.\n9. **Adaptability and Scalability**: Solutions are flexible and scalable, evolving with technological and user needs.\n\nBy weaving these properties together, HCD delivers solutions that are not only functional but significantly enhance user experiences and adapt over time, aiding societal and individual development."
2026-06-25T10:34:54.577579,all,summ_3,summarization,Summarize the key properties of human-centered design.,2,0,"The revised draft emphasizes human-centered design (HCD) as an approach focused on creating solutions centered around user needs and experiences. Key elements include understanding users through empathy-driven interactions, an iterative process with continuous user feedback, and a collaborative, multidisciplinary approach that fosters innovative solutions. HCD empowers users by involving them actively in the design process and prioritizes inclusivity and accessibility to cater to diverse needs. It considers contextual and cultural relevance to ensure sustainability and ethical impact, aiming for adaptable and scalable solutions that remain effective over time. However, the draft's clarity could be enhanced by simplifying complex sentences and aligning section headers with their descriptions. While comprehensive in detailing HCD principles, the draft lacks originality and could benefit from integrating specific case studies to illustrate these principles' tangible applications and reinforce their transformative potential."
2026-06-25T10:35:08.407707,all,summ_3,summarization,Summarize the key properties of human-centered design.,2,1,"The draft on human-centered design (HCD) outlines its key principles but lacks fluidity and distinctiveness. To enhance coherence, transitions between points need improvement, and a concluding sentence should tie the elements together. Suggestions for real-world examples should be integrated more naturally into the narrative. The draft's originality suffers from a lack of unique perspectives or examples. Each principle's interrelation could be better explained to reinforce the holistic nature of HCD. \n\nRevised Summary:\nHuman-centered design (HCD) prioritizes human needs and behaviors in the design process, resulting in solutions that are meaningful and practical. Key principles include empathy and user understanding through direct engagement; iterative development via prototyping and feedback; multidisciplinary collaboration for perspective-rich solutions; and inclusive and accessible design, ensuring usability for all, including those with disabilities. Contextual and cultural sensitivity emphasizes sustainable and ethically responsive solutions, while adaptability and scalability ensure ongoing relevance. User empowerment through engagement enhances relevance and ownership. Real-world examples, like IDEO's community projects and Apple's product iterations, illustrate HCD's transformative potential. Overall, HCD delivers functional, sustainable solutions closely aligned with human and environmental needs."
2026-06-25T10:35:19.940692,all,summ_3,summarization,Summarize the key properties of human-centered design.,2,2,"This critique highlights areas for improvement in the draft, focusing on clarity, originality, and completeness. To enhance clarity and coherence, the draft could benefit from a more structured and less dense presentation, with clearer transitions and expanded sections for comprehension. Originality could be improved by incorporating unique insights and examples of human-centered design (HCD) principles in practice, which would enrich the content. To address completeness, the addition of a concluding section is suggested to synthesize the properties and emphasize their importance and potential impact.\n\nThe revised draft outlines human-centered design, emphasizing user needs through empathy, an iterative process, multidisciplinary collaboration, user empowerment, inclusivity, contextual sensitivity, sustainability, and adaptability. These core principles ensure designs that are engaging and transformative, promoting problem-solving and enhancing user experiences. By integrating these elements into real-world applications, HCD has the power to reshape product development, leading to user enrichment and ethical, sustainable solutions."
2026-06-25T10:35:38.815063,all,summ_3,summarization,Summarize the key properties of human-centered design.,2,3,"The draft on human-centered design (HCD) can be improved for clarity and coherence by structuring it to start with a general overview, then delving into key properties. Combining related points such as ""Empathy and User Understanding"" with ""User Empowerment and Engagement"" enhances coherence. The draft could benefit from more unique insights or real-world examples to illustrate principles vividly, such as anecdotes or case studies. Additionally, it should discuss how these properties drive successful outcomes and address potential implementation challenges.\n\n### Essence of Human-Centered Design\n\nHuman-centered design (HCD) aims to create solutions that are functional and meaningful by aligning with users' actual needs, leading to impactful results. Key properties include:\n\n1. **Empathy and User Engagement**: Emphasizing empathy through methods like interviews and workshops ensures solutions resonate with users emotionally and practically. Continuous engagement fosters ownership and satisfaction.\n\n2. **Iterative Development**: This involves prototyping and refining based on feedback, adapting to evolving user needs and technology.\n\n3. **Multidisciplinary Collaboration**: Involving diverse specialists generates comprehensive solutions for complex challenges.\n\n4. **Inclusion and Accessibility**: Ensures solutions are equitable and accessible to all abilities.\n\n5. **Cultural and Contextual Sensitivity**: Designs are made relevant and sustainable by considering cultural and social contexts.\n\n6. **Ethical Responsibility and Sustainability**: Focuses on ethical implications and long-term societal and environmental impacts.\n\n7. **Adaptability and Scalability**: Solutions remain flexible and scalable for future needs.\n\nReal-world applications like Apple's product designs and IDEO’s projects highlight HCD's success, though challenges such as balancing user needs with technical constraints persist. Overall, HCD's emphasis on these principles ensures it adapts to changing contexts and continues to enhance user experiences."
2026-06-25T10:35:53.742180,all,summ_3,summarization,Summarize the key properties of human-centered design.,2,4,"The revised content critiques the draft on the clarity, originality, and completeness of the language used to describe human-centered design (HCD). It suggests that the draft could benefit from more concise language to better highlight key principles, occasionally appearing verbose. The critique recommends introducing unique insights and examples to enhance originality and engage readers. It notes the draft effectively lists HCD properties but suggests improving the flow between sections and expanding on ""User Empowerment and Engagement"" and ""Contextual Awareness"" with practical examples to illustrate their application.\n\nThe rewritten draft succinctly outlines HCD, emphasizing its user-focused approach. Key principles include empathy and user understanding through engagement, iterative development employing continuous feedback, and a collaborative multidisciplinary approach fostering creativity. The draft underscores inclusive design, ensuring accessibility and equity, and emphasizes user empowerment by involving them in the creation process. It highlights the importance of contextual awareness, sustainability, and ethical considerations, designing socially responsible solutions. Lastly, it stresses adaptability and scalability, ensuring long-term relevance. By adhering to these principles, HCD enhances user experience and supports societal progress amid evolving needs and technologies."
2026-06-25T10:36:10.352069,all,summ_3,summarization,Summarize the key properties of human-centered design.,3,0,"The draft critiques Human-Centered Design (HCD) for its lack of an introductory definition, suggesting it would benefit from more concise explanations for clarity. It also notes a need for unique insights and real-world examples to illustrate the principles' impact, recommending a summarized conclusion that ties together the main points. The revised draft succinctly defines HCD as focusing on human needs to develop meaningful and practical solutions, highlighting key principles like empathy, iterative development, multidisciplinary collaboration, inclusion, cultural sensitivity, ethics, and adaptability. These principles aim to ensure solutions are user-focused, innovative, and scalable. The integration of real-world examples, such as IDEO and Apple, demonstrates HCD’s practical impact, while acknowledging challenges like aligning user needs with constraints. It concludes that HCD provides a framework for sustainable and functional solutions that enhance user experiences in a dynamic world."
2026-06-25T10:36:24.743802,all,summ_3,summarization,Summarize the key properties of human-centered design.,3,1,"The revised draft emphasizes the principles and benefits of Human-Centered Design (HCD), which focuses on aligning design processes with users' needs, behaviors, and experiences. Key properties include empathy-driven user understanding, iterative development through prototyping and feedback, and multidisciplinary collaboration to solve complex challenges. It underscores inclusivity by ensuring accessibility for all users, including those with disabilities, and highlights the importance of cultural sensitivity, ethical responsibility, and sustainability in design. HCD solutions are adaptable and scalable to address shifting societal needs. Companies like IDEO and Apple exemplify HCD's transformative impact through community projects and user-centric designs. By integrating these principles, HCD not only enhances user experiences but also drives innovation and progress."
2026-06-25T10:36:42.274540,all,summ_3,summarization,Summarize the key properties of human-centered design.,3,2,"The revised draft on Human-Centered Design (HCD) effectively outlines its key attributes, emphasizing empathy, iterative development, multidisciplinary collaboration, inclusivity, contextual sensitivity, ethical responsibility, and adaptability. While it clearly communicates the value of integrating user needs and cultural contexts into design processes, offering deeper exploration of practical implementation with contemporary examples would enhance originality and completeness. Including recent case studies beyond familiar figures like Apple and IDEO could illustrate these principles in action and demonstrate HCD’s transformative impact in various sectors, such as healthcare apps, highlighting its role in producing contextually meaningful and user-centered solutions."
2026-06-25T10:36:54.837561,all,summ_3,summarization,Summarize the key properties of human-centered design.,3,3,"The revised critique of the draft on Human-Centered Design (HCD) highlights areas for improvement in clarity, originality, and completeness. While the draft effectively outlines HCD principles like empathy, iterative development, multidisciplinary collaboration, inclusion, cultural sensitivity, ethical responsibility, and scalability, it can benefit from more straightforward language and smoother transitions for better coherence. The critique suggests incorporating unique examples and lesser-known case studies to enhance originality. Additionally, it points out the need to address risks and limitations of HCD, such as budget constraints and resistance to change, to provide a comprehensive overview. The rewritten draft emphasizes HCD's focus on human needs through empathy and user engagement, iterative refinement, collaborative innovation, inclusivity, cultural relevance, ethical responsibility, and adaptability. It recognizes the impact of real-world applications while acknowledging challenges that may impede successful implementation, positioning HCD as a catalyst for enhancing user experience and fostering societal advancement."
2026-06-25T10:37:08.470339,all,summ_3,summarization,Summarize the key properties of human-centered design.,3,4,"The draft on human-centered design (HCD) needs better clarity and coherence, particularly in transitioning from principles to applications and challenges, and contains some redundant ideas, such as adaptability's overlap. While robust in its breakdown of core principles, the draft lacks originality, offering known insights rather than newer applications or trends. Expanding the section on practical applications with more specific examples and deeper challenge analysis would round out the discussion.\n\nThe rewritten draft outlines HCD's core principles, emphasizing empathy, iterative development, multidisciplinary collaboration, inclusion, contextual sensitivity, ethical responsibility, and adaptability. Applications include user-friendly designs like Apple's products and community projects by IDEO, showcasing HCD’s focus on user experience. Challenges arise in aligning user needs with technical and business constraints, necessitating adherence to core principles. Overall, HCD enhances user empowerment and creativity, fostering solutions that are both innovative and socially relevant."
2026-06-25T10:37:22.204503,all,summ_3,summarization,Summarize the key properties of human-centered design.,4,0,"The critique notes that the original draft of the Human-Centered Design (HCD) discussion was generally well-organized but contained complex language and lacked unique examples and depth. The revision simplifies and refines the content to highlight HCD's focus on user needs, behaviors, and experiences, structured around key principles: empathy, iterative development, multidisciplinary collaboration, inclusivity, cultural sensitivity, ethical responsibility, and adaptability. Companies like IDEO and Apple exemplify HCD through user-centric products such as Apple's interfaces and IDEO's healthcare innovations. Challenges include aligning user needs with constraints and overcoming organizational hurdles. Ultimately, HCD drives innovation and societal improvement by delivering practical, meaningful, and contextually relevant designs."
2026-06-25T10:37:34.791977,all,summ_3,summarization,Summarize the key properties of human-centered design.,4,1,"The critique highlights areas for improvement in a draft on Human-Centered Design (HCD), focusing on clarity, originality, and completeness. The draft could benefit from a more precise introduction and structured flow, reducing repetition and explicitly linking real-world examples to HCD properties for improved comprehension. Originality could be enhanced by including unique insights or contemporary trends in HCD. \n\nIn the revised draft, Human-Centered Design is defined as a user-first approach that employs empathy to deeply understand user behaviors and create intuitive solutions. Key properties include empathy, iterative development, multidisciplinary collaboration, inclusion and accessibility, cultural sensitivity, ethical responsibility, and adaptability. Real-world examples, such as IDEO’s and Apple’s design strategies, illustrate HCD’s practical applications in technology, healthcare, and social enterprises. The draft also acknowledges challenges like aligning user needs with technical constraints and overcoming internal resistance, which can hinder the implementation of HCD but are crucial to unlocking its full potential as an innovation driver."
2026-06-25T10:37:46.835751,all,summ_3,summarization,Summarize the key properties of human-centered design.,4,2,"The draft on Human-Centered Design (HCD) could be more effective by improving its clarity and coherence, offering more unique insights, and providing a concluding summary. The rewritten version offers a comprehensive overview of HCD, highlighting its empathy-driven understanding, iterative development, interdisciplinary collaboration, inclusivity, cultural sensitivity, and adaptability. Real-world examples, like those from IDEO and Apple, demonstrate HCD's transformative impact. Despite challenges such as aligning user needs with business objectives, HCD remains a crucial framework for fostering user empowerment and societal advancement through innovative and socially relevant solutions."
2026-06-25T10:38:00.050897,all,summ_3,summarization,Summarize the key properties of human-centered design.,4,3,"The critique of the draft on Human-Centered Design (HCD) identifies key areas for improvement, such as clarity, originality, and completeness. The draft is generally clear but would benefit from explicitly defining terms like ""ethics"" and ""cultural contexts"" and simplifying complex sentences. It lacks novel insights, relying heavily on established HCD principles without offering contemporary examples or recent advancements. Additionally, the treatment of real-world applications is brief, missing an opportunity to illustrate HCD's practical impact with detailed examples, particularly in fields like healthcare and education.\n\n**Rewritten Draft:**\n\nHuman-Centered Design (HCD) is a forward-thinking approach that prioritizes user needs, experiences, and behaviors in the design process. Its foundational principles include:\n\n1. **Empathy and User Understanding**: Ensuring design aligns with genuine user experiences by deeply understanding users’ perspectives.\n   \n2. **Iterative Development**: A cycle of prototyping, testing, and refining solutions based on user feedback to improve user satisfaction.\n   \n3. **Multidisciplinary Collaboration**: Involving experts from various fields to address complex problems with innovative solutions.\n   \n4. **Inclusivity and Accessibility**: Creating designs that are accessible to all, including those with disabilities, to reach a broad audience.\n   \n5. **Cultural Sensitivity**: Incorporating cultural contexts into design to enhance relevance and efficacy.\n   \n6. **Ethical Responsibility**: Considering ethical implications to enhance user well-being and build community trust.\n   \n7. **Adaptability**: Designing flexible solutions that adapt to societal and technological changes.\n\nThe real-world impact of HCD is evident in companies like Apple, known for user-focused innovations, and IDEO's inclusive community projects. However, challenges such as aligning user needs with business goals and navigating budget constraints persist. Exploring these issues in sectors like healthcare and education highlights HCD's role in sustainable innovation and addresses contemporary challenges, underscoring its relevance in addressing today’s complex issues."
2026-06-25T10:38:13.544418,all,summ_3,summarization,Summarize the key properties of human-centered design.,4,4,"The revised content on Human-Centered Design (HCD) is informative but requires improvement in clarity and originality. Currently, it lists principles without smooth transitions or real-world connections, and lacks distinctive perspectives or case studies to enrich understanding. Furthermore, the challenges associated with HCD, such as budget constraints and resistance to change, are superficially discussed without in-depth strategies or examples for overcoming them.\n\nTo enhance the content, the draft should ensure clearer coherence by connecting each principle to practical applications and implications. Including unique examples or case studies would provide a fresh perspective and deeper insight into the real-world application of these principles. For a comprehensive discussion, the challenges should be examined more thoroughly, offering detailed examples and strategies to address these issues, thereby presenting a more complete picture of HCD.\n\nIn conclusion, while HCD, characteristically focused on empathy, collaboration, inclusivity, and adaptability, stands out as an effective framework for user-centered solutions, the draft would benefit from a more structured approach, rich originality, and extensive exploration of challenges to fully convey the potential of HCD in enhancing user experiences and meeting modern demands."
2026-06-25T10:32:07.564022,all,summ_4,summarization,Summarize typical barriers to adopting new technologies in organizations.,0,0,"The revised draft outlines common barriers to adopting new technologies in organizations under four main categories: cultural resistance, financial constraints, technical challenges, and organizational structure and strategy. Each barrier is explored in detail:\n\n- **Cultural Resistance:** Employees may resist changes due to fear of obsolescence or disruption of familiar workflows. Effective communication and fostering a culture of continuous learning and adaptability can mitigate this resistance.\n  \n- **Financial Constraints:** High upfront costs, uncertain ROI, and ongoing expenses like maintenance and training deter investment, particularly for SMEs. Innovative financing and incremental investment strategies can help address these issues.\n\n- **Technical Challenges:** Integration difficulties arise from complexity, system incompatibility, and security vulnerabilities. A skills gap can also impede implementation. Partnerships with technology providers and staff training are essential to overcoming these challenges.\n\n- **Organizational Structure and Strategy:** Rigid structures and unilateral decision-making hinder adoption. Technology should align with organizational goals, with stakeholder involvement crucial to success.\n\nTo tackle these barriers, organizations should develop a culture of agility and openness, invest in employee training, and conduct thorough cost-benefit analyses. Success stories from industry leaders demonstrate the importance of stakeholder engagement and strategic alignment in effectively integrating new technologies. This version emphasizes clarity, originality, and completeness by suggesting specific strategies and actions, enhancing the overall value of the content."
2026-06-25T10:32:21.387836,all,summ_4,summarization,Summarize typical barriers to adopting new technologies in organizations.,0,1,"The draft identifies key barriers to technology adoption within organizations, suggesting a need for clearer organization and innovative insights. It categorizes obstacles into several areas: financial constraints, resistance and adaptability, skill gaps, integration issues, security concerns, uncertain ROI, and leadership challenges. The content could be enriched with strategies for overcoming these hurdles, such as better resource management, enhancing communication to reduce resistance, investing in skill development, ensuring compatibility, emphasizing security and compliance, and demonstrating ROI through pilot testing and metrics. Strong leadership and effective change management are also highlighted as critical for driving and facilitating successful technology integration."
2026-06-25T10:32:37.130100,all,summ_4,summarization,Summarize typical barriers to adopting new technologies in organizations.,0,2,"The draft on technology adoption barriers is organized well with clear subheadings but could benefit from concise explanations. It addresses widely recognized challenges but lacks distinctive insights or recent trends, which would make it more engaging. While comprehensive in listing barriers, the impact on various organizations (e.g., small vs. large) and detailed recommended strategies need expansion for completeness.\n\nRevised content: \nOrganizations face several barriers when adopting new technologies, which can be mitigated with strategic planning and a culture open to innovation. Challenges include:\n\n1. **Cultural Resistance**: Employees often resist technology changes due to fear of the unknown and job insecurity.\n   \n2. **Skilled Workforce Deficit**: New technologies require skills that current employees may not possess, necessitating training or hiring.\n\n3. **Financial Constraints**: High initial costs for new technology can conflict with limited budgets, delaying adoption.\n\n4. **Compatibility Issues**: New systems may not integrate well with existing infrastructure, increasing time and expense for custom solutions.\n\n5. **Management Support**: Leadership is crucial; without it, initiatives may lack direction and resources.\n\n6. **Change Management**: Effective strategies are required to navigate workflow disruptions and maintain productivity.\n\n7. **Security Concerns**: New technologies can expose vulnerabilities, emphasizing the need for robust cybersecurity measures.\n\n8. **Vendor Dependence**: Relying on one vendor presents risks; organizations should choose technologies with broad industry support.\n\n9. **ROI Uncertainty**: Clear ROI metrics are needed to justify investments and secure stakeholder support.\n\nOrganizations can overcome these by fostering innovative cultures, ensuring clear communication of technology benefits, investing in training, implementing strong cybersecurity practices, and securing leadership commitment to guide the transition."
2026-06-25T10:32:53.138714,all,summ_4,summarization,Summarize typical barriers to adopting new technologies in organizations.,0,3,"The draft outlines common barriers organizations face when adopting new technologies, such as financial concerns, employee resistance, lack of technical expertise, cultural resistance, integration challenges, and security issues. It suggests strategies like clear communication of benefits, effective change management, training, and maintaining flexibility with vendors to overcome these challenges. Notably, the draft lacks unique insights and solutions. Enhancing originality by incorporating examples of successful adoption and discussing emerging technologies like AI and blockchain would provide a more comprehensive view of potential challenges and opportunities. The content could benefit from a more coherent structure by grouping related issues, such as combining cost-related challenges with ROI concerns and linking employee resistance with change management strategies."
2026-06-25T10:33:10.018390,all,summ_4,summarization,Summarize typical barriers to adopting new technologies in organizations.,0,4,"The draft highlights challenges organizations face when adopting new technologies, categorized into cultural, operational, and financial barriers, and the risk of vendor dependence. \n\n1. **Cultural Barriers** include resistance to change due to employee anxiety about job security and a lack of leadership support, which can hinder resource allocation and create an unsupportive environment.\n\n2. **Operational Barriers** encompass skill gaps requiring upskilling or hiring, integration issues with existing systems, and security concerns related to data breaches and compliance.\n\n3. **Financial Barriers** involve budget constraints and concerns over uncertain ROI, making it difficult to justify investment without assured benefits.\n\n4. **Vendor Dependence** highlights risks associated with technology providers' stability and the longevity of solutions offered.\n\nTo overcome these barriers, a strategic approach is necessary: cultivating an innovative culture, investing in skills development, securing leadership support, addressing security proactively, and clearly communicating the technological benefits. It’s valuable to incorporate case studies to contextualize these challenges, offering a deeper understanding of technology adoption complexities."
2026-06-25T10:33:26.171307,all,summ_4,summarization,Summarize typical barriers to adopting new technologies in organizations.,1,0,"The draft critiques the clarity, originality, and completeness of a document discussing barriers to technology adoption. It suggests enhancing the structure for improved coherence by using transitional phrases to better link barriers and solutions. It encourages adding unique insights and concrete examples to heighten originality. The draft also lacks depth in solution discussions, particularly for financial restraints, and could become more actionable with detailed examples of successful strategies.\n\nIn revised form, the draft categorizes common barriers into cultural, financial, technical, organizational, vendor-related, and compliance challenges. It suggests addressing each with targeted strategies: reducing cultural resistance through educational initiatives, overcoming financial constraints with creative financing models, tackling technical challenges by investing in training and versatile systems, and streamlining organizational structures to support technology goals. For vendor dependence, diversification and building internal expertise are key, while security issues demand thorough risk management. ROI uncertainty can be mitigated via pilot projects and robust data collection. A culture of innovation and strong leadership is essential for navigating these challenges effectively, supplemented by industry insights and detailed strategic planning."
2026-06-25T10:33:41.914214,all,summ_4,summarization,Summarize typical barriers to adopting new technologies in organizations.,1,1,"The draft identifies several barriers to technology adoption in organizations, categorized into cultural, technical, financial, and strategic challenges. To enhance clarity and coherence, the document should expand details on financial constraints and compatibility, beginning with foundational barriers like cultural resistance. Currently relying heavily on common industry knowledge, the inclusion of fresh examples or case studies would bolster originality. The draft could also delve deeper into practical strategies, such as specific cybersecurity measures and innovative financial solutions. Proposed solutions include fostering a culture of continuous learning, bridging skill gaps through targeted training, and employing innovative financing like leasing and subscription models. Compatibility issues can be mitigated through early IT and provider collaboration, while robust cybersecurity practices are essential against security vulnerabilities. Securing management support by aligning technology goals with business objectives is crucial. Demonstrating ROI with defined metrics can justify investments, and a multi-vendor strategy can reduce dependency risks. By infusing real-world examples and success stories, organizations can better address these barriers, fostering agility, employee development, and leadership support for effective technology integration."
2026-06-25T10:33:59.200192,all,summ_4,summarization,Summarize typical barriers to adopting new technologies in organizations.,1,2,"Organizations face several barriers when adopting new technologies, categorized into cultural, financial, technical, workforce, organizational, and strategic challenges. To navigate these, detailed planning and effective change management are vital. Key barriers and strategies include:\n\n1. **Cultural Resistance**: Employees may fear job displacement and routine changes. Clear communication about the benefits and fostering a culture of innovation and learning can mitigate this resistance.\n\n2. **Financial Constraints**: High costs are daunting, especially for SMEs. Phased investments, innovative financing, and thorough cost-benefit analyses can create a compelling business case.\n\n3. **Technical and Security Challenges**: Issues with integration, security, and compatibility can be addressed with comprehensive training, reliable technology partnerships, and proactive cybersecurity measures.\n\n4. **Skill Gaps**: New technologies often require new skills. Upskilling employees or recruiting new talent should be integral to adoption strategies.\n\n5. **Strategic Alignment**: Misalignments between technology initiatives and strategic goals can be overcome by engaging stakeholders early and ensuring cohesion with business strategies.\n\n6. **Leadership and Management Support**: Committed leadership is crucial for successful adoption, necessitating active support, resource allocation, and strategic oversight.\n\n7. **ROI Uncertainty**: Defining measurable ROI criteria and piloting technologies can provide evidence of potential benefits, easing stakeholder concerns.\n\n8. **Vendor Dependency**: Avoiding over-reliance on a single vendor and choosing technologies with broad industry support can mitigate adaptation risks.\n\nNurturing an innovation-focused culture, engaging committed leadership, addressing security concerns, and leveraging successful case studies can guide organizations in overcoming these barriers and ensure effective technology adoption."
2026-06-25T10:34:13.355537,all,summ_4,summarization,Summarize typical barriers to adopting new technologies in organizations.,1,3,"The revised draft effectively addresses the barriers organizations face in technology integration by categorizing them into cultural, operational, financial, and strategic challenges. Enhancing clarity and coherence, the draft recommends using clear transitions to better connect sections, while introducing originality through contemporary examples. Completeness can be improved by acknowledging external influences such as regulation and market competition. Detailed strategies include promoting an open culture, identifying skill gaps for targeted training, and employing innovative financing for financial hurdles. Addressing technical challenges involves ensuring compatibility and robust cybersecurity measures. Organizational alignment requires strong leadership and strategic initiative matching, alongside change management tactics for minimal disruption. Lastly, external barriers and security concerns demand awareness of regulatory trends and comprehensive data protection frameworks. Overall, fostering an environment of innovation, workforce readiness, and stakeholder engagement, informed by industry examples, is key to successful technology adoption."
2026-06-25T10:34:25.433365,all,summ_4,summarization,Summarize typical barriers to adopting new technologies in organizations.,1,4,"The revised draft details the key barriers organizations face when integrating new technologies, categorized into cultural, financial, operational, skill-related, strategic, and vendor-based challenges. To enhance coherence, smoother transitions are needed between these points. The overview notes common barriers such as cultural resistance, which can be mitigated through open communication and change management, and financial constraints, especially for SMEs, suggesting innovative financing and thorough cost-benefit analyses. Operational challenges include integration issues and security concerns that require staff training and strong vendor collaboration. Skill gaps necessitate targeted employee training or hiring to bridge expertise deficiencies. Strategic misalignment can be addressed by ensuring technology initiatives align with organizational goals through stakeholder engagement. Vendor dependence is mitigated by leveraging multiple vendors to ensure flexibility. The draft suggests fostering a culture of innovation and engaging leadership to successfully navigate these barriers and enhance technological integration, but recommends incorporating more unique insights or real-world examples to strengthen originality and applicability."
2026-06-25T10:34:39.710446,all,summ_4,summarization,Summarize typical barriers to adopting new technologies in organizations.,2,0,"The draft on technology adoption barriers can be improved for clarity and coherence by integrating clearer transitions and breaking down complex ideas into simpler sentences for easier readability. Currently, it presents a standard overview but lacks unique insights or recent trends that could provide a fresh perspective. Adding specific industry examples could enhance originality. While it introduces several barriers, exploring more solutions and strategies tailored to each barrier would offer greater completeness. \n\nOrganizations face numerous challenges when adopting new technologies. Key barriers include:\n\n1. **Cultural Resistance:** Mitigated through open communication and a culture of continuous learning.\n2. **Financial Constraints:** Overcome by phased investment, financing options, and detailed cost-benefit analyses.\n3. **Technical and Security Challenges:** Addressed by comprehensive training, reliable partners, adaptable systems, and robust cybersecurity.\n4. **Skill Gaps:** Resolved via customized training, upskilling, and recruiting new talent.\n5. **Strategic Misalignment:** Avoided by early stakeholder engagement and strategic alignment.\n6. **Leadership and Management Support:** Crucial for advocacy and resource allocation.\n7. **ROI Uncertainty:** Managed by defining clear metrics and running pilot projects.\n8. **Vendor Dependency:** Mitigated by diversifying the vendor base.\n\nFor successful technology integration, organizations must foster innovation, ensure strong leadership, and maintain proactive security measures, drawing from real-world case studies and industry insights to guide them through complexities and enhance agility and strategic alignment."
2026-06-25T10:34:55.819897,all,summ_4,summarization,Summarize typical barriers to adopting new technologies in organizations.,2,1,"The revised draft identifies several challenges organizations face when adopting new technologies, categorized into cultural, financial, technical, skill-related, organizational, strategic, and vendor-related barriers. The critique highlights the draft's need for a more cohesive narrative and real-world examples to enhance originality and applicability. Key barriers include cultural resistance, which can be mitigated through transparent communication and a culture encouraging innovation; financial constraints that can be managed with innovative funding strategies; and technical hurdles that require strong vendor partnerships and cybersecurity investments. Skill gaps necessitate upskilling and talent attraction, while organizational alignment and leadership support are essential for strategic integration. Addressing ROI uncertainty through pilot projects and mitigating vendor dependency through diversification are also crucial strategies. Integrating examples of how companies like Microsoft, AT&T, General Electric, and others have successfully navigated these challenges enhances practical insights. Additionally, considering external factors such as regulatory changes and market competition is important for sustained competitiveness. Overall, a holistic approach involving strategic planning, effective communication, and stakeholder engagement is key to overcoming these challenges."
2026-06-25T10:35:14.544698,all,summ_4,summarization,Summarize typical barriers to adopting new technologies in organizations.,2,2,"The critique identifies several areas for improvement in the original draft, focusing on clarity, originality, and completeness. It recommends enhancing the connection between challenges and strategies, adding innovative solutions, and incorporating real-world examples and external factors.\n\n**Revised Overview:**\nOrganizations face various challenges when adopting new technologies, including cultural resistance, financial constraints, technical and security challenges, skill gaps, strategic misalignment, insufficient leadership support, ROI uncertainty, and vendor dependency. Addressing these effectively is crucial for successful integration.\n\nTo tackle **cultural resistance**, organizations should maintain open communication, promote a culture of innovation, and involve employees in decision-making. For **financial constraints**, phased investments and innovative financing can alleviate burdens. Overcoming **technical and security challenges** requires staff training, robust partnerships, and stringent cybersecurity measures. To address **skill gaps**, companies should invest in upskilling and educational partnerships.\n\nEnsuring **strategic alignment** demands early stakeholder engagement and congruence with business goals. **Leadership support** hinges on committed involvement and resource allocation. To counter **ROI uncertainty**, organizations should define clear metrics and employ data-driven approaches. Finally, mitigating **vendor dependency** involves diversifying suppliers and selecting widely supported technologies.\n\nOrganizations should also remain attentive to external factors like regulatory changes and technological advances to maintain competitiveness. Cultivating a culture of ongoing learning and strategic leadership, supported by real-world examples, enhances technology adoption and fosters sustainable growth."
2026-06-25T10:35:29.377088,all,summ_4,summarization,Summarize typical barriers to adopting new technologies in organizations.,2,3,"The revised draft critiques the original for lacking clarity, originality, and completeness. Specifically, it suggests improving transitions, focusing on coherent topics in the conclusion, and enhancing originality with unique insights. The original draft covers various barriers to technology adoption—cultural, financial, technical, workforce-related, strategic, and operational—but lacks depth in real-world examples and solutions. \n\nThe rewritten draft proposes strategies to overcome these barriers, such as fostering a culture of innovation to counter resistance, using alternative financing models to address financial constraints, and implementing robust training and partnership programs to tackle technical challenges. It emphasizes bridging skill gaps through targeted training, aligning technology initiatives with business goals, ensuring strong leadership support, and justifying ROI to avoid project stalls. To mitigate vendor dependency, it advises a multi-vendor strategy. The draft also highlights the importance of staying updated on regulatory compliance and competitive pressures, using contemporary case studies to illustrate successful implementations. These initiatives aim to strategically position organizations for successful technology adoption and competitive advantage."
2026-06-25T10:35:43.017011,all,summ_4,summarization,Summarize typical barriers to adopting new technologies in organizations.,2,4,"The draft originally tackled various barriers to adopting new technologies but lacked organizational clarity and uniqueness. The revised version refines this by systematically addressing the challenges organizations face: cultural resistance, financial constraints, technical challenges, workforce skill gaps, organizational alignment, leadership support, ROI uncertainty, and vendor dependency. Each issue is coupled with strategies such as fostering open communication, phased investments, training programs, stakeholder engagement, and employing data analytics. The piece concludes by emphasizing the need for a culture of innovation, strong leadership, and workforce readiness, highlighting the importance of real-world examples to inspire successful technology adoption and sustainable growth."
2026-06-25T10:35:58.843803,all,summ_4,summarization,Summarize typical barriers to adopting new technologies in organizations.,3,0,"The revised draft highlights the main barriers organizations face in technology adoption, offering strategic solutions for each. Key barriers include cultural resistance, financial constraints, technical and security challenges, skill gaps, strategic misalignment, lack of leadership support, ROI uncertainty, and vendor dependency. To combat these, organizations should encourage a culture of innovation, adopt flexible investment strategies, strengthen cybersecurity, and bridge skill gaps through targeted training. Ensuring strategic alignment and securing leadership support are crucial, as is demonstrating potential ROI through measurable metrics. Additionally, being aware of external factors like regulatory changes and market competition is vital for continuous adaptation. Drawing from real-world examples can make these strategies more relatable, aiding in successful technology integration."
2026-06-25T10:36:16.805846,all,summ_4,summarization,Summarize typical barriers to adopting new technologies in organizations.,3,1,"The draft detailing barriers to technology adoption is generally well-structured but lacks fluid transitions between identified barriers and corresponding strategies, which diminishes coherence. Additionally, the conclusion attempts to summarize too broadly without effectively linking back to the initial content. The document's originality is limited by its use of common management insights without distinct examples or case studies that could enrich the narrative. The discussion on external factors such as regulatory and market pressures is insufficiently developed, potentially distracting from the main points.\n\nIn the revised draft, barriers to technology adoption are addressed comprehensively. Cultural resistance is managed through fostering an innovative culture and open communication. Financial constraints are tackled with phased investments and cost-benefit analyses. Technical and security challenges are mitigated by robust cybersecurity measures and training. Skill gaps are closed via upskilling and educational partnerships. Strategic misalignment is prevented through continuous stakeholder engagement. Leadership support is crucial for successful adoption, emphasizing visible advocacy. ROI uncertainty is countered with clear success metrics and pilot projects. Mitigating vendor dependency involves diversifying vendor portfolios. The draft also highlights the importance of monitoring external factors like regulatory changes and market competition, advocating for an informed approach that incorporates industry insights and case studies. Overall, an integrated strategy addressing these barriers can enhance technological capabilities and drive sustainable growth."
2026-06-25T10:36:34.775136,all,summ_4,summarization,Summarize typical barriers to adopting new technologies in organizations.,3,2,"The draft analysis identifies key barriers to technology adoption in organizations and provides strategies to overcome them. It highlights the need for clarity and coherence, suggesting that sections like ""Leadership and Management Support"" and ""Strategic Misalignment"" require distinct separation while maintaining an action-oriented language for consistency. The critique notes a lack of originality, encouraging the inclusion of recent trends, such as the impact of remote work on technology adoption, and stresses the importance of integrating real-world examples throughout the narrative to enhance relatability and completeness.\n\nThe rewritten draft succinctly categorizes barriers: cultural resistance, financial constraints, technical and security challenges, skill gaps, strategic misalignment, leadership support, ROI uncertainty, and vendor dependency. Each category offers actionable solutions, such as fostering innovation, exploring financial strategies, enhancing cybersecurity, committing to upskilling, and ensuring strategic alignment. The draft recommends diversifying vendor relationships and considering external factors like regulatory changes. Highlighting successful industry examples, such as companies overcoming security challenges with robust frameworks, it underscores the importance of strategic engagement, communication, and an innovation-driven culture for achieving sustainable growth through technology integration."
2026-06-25T10:36:51.292173,all,summ_4,summarization,Summarize typical barriers to adopting new technologies in organizations.,3,3,"The draft outlines barriers to organizational technology adoption, categorized into cultural, financial, technical, and strategic challenges, with corresponding solutions. To enhance clarity, the content could use more structured segmentation for readability. Including real-world examples would improve originality, and detailing strategies for certain areas like ""Vendor Dependency"" and ""ROI Uncertainty"" would ensure completeness.\n\n### Key Barriers and Solutions:\n\n1. **Cultural Resistance**: Employees may fear job loss and change. Solution: Encourage open communication and innovation through engagement initiatives, like workshops, to foster acceptance.\n\n2. **Financial Constraints**: Costs can deter new technology adoption, especially in smaller enterprises. Solution: Consider phased investments and innovative financing, such as leasing options, to ease financial burdens.\n\n3. **Technical and Security Concerns**: New technology may disrupt systems and pose security risks. Solution: Train IT staff and establish vendor partnerships, bolstering cybersecurity measures.\n\n4. **Skill Gaps**: Shortages in required skill sets hinder adoption. Solution: Upskill employees with targeted training and collaborate with educational institutions to prepare future talent.\n\n5. **Strategic Misalignment**: New technologies must align with strategic goals. Solution: Engage stakeholders early and align initiatives with business objectives through planning sessions and feedback.\n\n6. **Leadership and Management Support**: Strong leadership is crucial. Solution: Leaders should visibly support and allocate resources for technology initiatives, modeling successful adoption practices.\n\n7. **ROI Uncertainty**: Ambiguity can impede project approval. Solution: Define success metrics and pilot programs to evaluate return prospects, testing market viability before full rollouts.\n\n8. **Vendor Dependency**: Reliance on a single vendor risks service disruptions. Solution: Diversify vendors and adopt widely supported technologies to ensure continuity and innovation.\n\nTo successfully navigate technology adoption, organizations must align technological, cultural, and strategic elements, monitor external influences like regulatory changes, and employ strategic planning, innovative financing, robust training, and strong leadership. Leveraging industry examples can provide practical insights for overcoming these challenges and achieving sustainable growth."
2026-06-25T10:37:10.287889,all,summ_4,summarization,Summarize typical barriers to adopting new technologies in organizations.,3,4,"Organizations face a range of challenges in adopting new technologies, including cultural resistance, financial constraints, technical and security challenges, skill gaps, strategic misalignment, inadequate leadership support, ROI uncertainty, and vendor dependency. Each barrier can hinder seamless technology implementation and innovation. To tackle these issues: \n\n- **Cultural Resistance** can be managed by fostering a culture of innovation, transparent communication, and employee involvement, coupled with continuous learning opportunities.\n  \n- **Financial Constraints** may be addressed through phased investments and cost-benefit analyses, to better manage expenditure and highlight potential returns.\n\n- **Technical and Security Challenges** require robust strategies such as employee training, reliable technology partnerships, and comprehensive cybersecurity measures.\n\n- **Skill Gaps** can be bridged by upskilling employees, forming educational partnerships, and recruiting new talent with the necessary skills.\n\n- **Strategic Misalignment** can be avoided through early stakeholder engagement, clear objectives, and alignment of technology initiatives with business goals.\n\n- **Leadership Support** is crucial; strong leadership advocates for resource allocation and ensures alignment with organizational goals.\n\n- **ROI Uncertainty** can be mitigated by using data-driven methods, developing clear metrics, and conducting pilot projects to accurately measure impact.\n\n- **Vendor Dependency** can be reduced by diversifying the vendor base and choosing broadly supported technologies to enhance flexibility and minimize risks.\n\nConsidering external factors such as regulatory changes and market dynamics is vital, as they can influence technology adoption. Integrating real-world case studies and industry insights can further guide organizations in overcoming these barriers and achieving sustainable growth through technology."
2026-06-25T10:37:26.402974,all,summ_4,summarization,Summarize typical barriers to adopting new technologies in organizations.,4,0,"The draft effectively outlines various challenges organizations face when adopting new technologies and offers potential solutions. To enhance clarity and coherence, it should use more concise language and clearer transitions to help readers distinguish between each barrier and its solution. Adding real-world examples could introduce originality and depth, especially when discussing less-explored barriers like regulatory impacts. The draft lacks sufficient detail in some areas, such as the interplay between external factors and internal challenges.\n\nThe barriers include cultural resistance, financial constraints, technical and security challenges, skill gaps, strategic misalignment, leadership support, ROI uncertainty, and vendor dependency. Solutions involve fostering an innovation-friendly culture, phased investments, robust cybersecurity measures, skills training, alignment of tech initiatives with corporate goals, strong leadership, defined success metrics, and diverse vendor relationships. Additionally, adapting to external factors through insights from case studies can offer practical strategies.\n\nA cohesive approach combining financial innovation, continuous learning, strategic alignment, and dynamic leadership can help organizations effectively adopt new technologies and sustain growth."
2026-06-25T10:37:42.722092,all,summ_4,summarization,Summarize typical barriers to adopting new technologies in organizations.,4,1,"Organizations aiming to adopt new technologies face numerous challenges that can impede successful implementation. Key barriers include:\n\n1. **Cultural Resistance**: Employees may fear change or job loss. Cultivating an innovation-driven culture through transparency, communication, and employee involvement, along with ongoing education and change management, can overcome this resistance.\n\n2. **Financial Constraints**: Budget limitations affect especially smaller businesses. Phased investments, thorough cost-benefit analyses, and exploring financing options like leasing or partnerships can help mitigate financial burdens.\n\n3. **Technical and Security Challenges**: New technologies can create vulnerabilities. Prioritizing IT training, establishing vendor relationships, and enforcing cybersecurity protocols can safeguard operations.\n\n4. **Skill Gaps**: A lack of necessary skills can hinder adoption. Focusing on employee upskilling, partnering with educational institutions, and hiring new talent can address these gaps.\n\n5. **Strategic Misalignment**: Ensuring technology aligns with organizational goals is crucial. Stakeholder engagement, planning sessions, and continuous feedback help ensure alignment.\n\n6. **Leadership Support**: Leaders must champion technology initiatives and allocate resources. Their active support is critical for momentum and success.\n\n7. **ROI Uncertainty**: Ambiguity over returns can delay decisions. Setting clear metrics and adopting data-driven decision-making can clarify outcomes. Pilot projects offer a way to evaluate impacts before full implementation.\n\n8. **Vendor Dependency**: Relying on a single vendor can risk disruptions. Diversifying vendors and choosing widely supported technologies increase adaptability.\n\nAdditionally, organizations should monitor external factors like regulatory changes and market trends. Integrating real-world case studies can provide practical guidance. By aligning technological implementation with cultural shifts and strategic planning, organizations can achieve sustainable growth and improved capabilities."
2026-06-25T10:37:58.545164,all,summ_4,summarization,Summarize typical barriers to adopting new technologies in organizations.,4,2,"### Revised Content Summary\n\nThe revised draft critiques the original content for clarity, originality, and completeness, offering improvements for better engagement and value. It highlights key barriers to technology adoption within organizations—cultural resistance, financial constraints, technical challenges, skill gaps, strategic misalignment, leadership support, ROI uncertainty, and vendor dependency. Solutions include fostering a culture of innovation, phased investments, cybersecurity measures, staff upskilling, aligning tech initiatives with corporate strategies, strong leadership, pilot projects for ROI visibility, and diversifying vendors. The draft suggests that addressing these issues with real-world examples and case studies, like Company X's cost-cutting through new technology, can provide practical insights and drive sustainable growth."
2026-06-25T10:38:14.305103,all,summ_4,summarization,Summarize typical barriers to adopting new technologies in organizations.,4,3,"The draft effectively outlines common barriers organizations face when adopting new technologies and offers strategies to overcome them. While clear, it uses a formal tone that may not engage a broad audience. Enhancing readability through simpler language and smoother transitions is advisable, and the draft would benefit from explicitly connecting points, such as the impact of stakeholder engagement on strategic alignment.\n\nIn terms of originality, the draft is detailed but lacks fresh perspectives. Incorporating innovative strategies and contemporary case studies could enhance relatability and forward-thinking appeal. Additionally, while comprehensive, the draft would be more complete if it addressed how interconnecting these strategies fosters successful technology adoption. Concrete examples or case studies could also provide actionable insights.\n\nThe rewritten draft lists common barriers—cultural resistance, financial constraints, technical challenges, skill gaps, strategic misalignment, leadership support, ROI uncertainty, vendor dependency, and external factors—and proposes solutions like fostering a culture of innovation, phased investments, enhanced cybersecurity, targeted training, stakeholder engagement, strong leadership, clear ROI metrics, vendor diversification, and regulatory awareness. It recommends integrating technological, cultural, and strategic planning and utilizing industry insights and case studies for practical guidance toward sustainable growth and innovation."
2026-06-25T10:38:27.363966,all,summ_4,summarization,Summarize typical barriers to adopting new technologies in organizations.,4,4,"The draft identifies key barriers to technology adoption in organizations, emphasizing the need for strategic responses. It addresses challenges such as cultural resistance, financial constraints, technical and security issues, skill gaps, strategic misalignment, leadership support, ROI uncertainty, and vendor dependency. Suggestions include fostering innovation-friendly cultures, phased financial planning, robust cybersecurity, targeted upskilling, strategic alignment with business goals, active leadership involvement, clear ROI metrics, and vendor diversification. The critique suggests enhancing clarity and coherence through concise language and transitions, introducing case studies for originality, and strengthening the conclusion with a summary and actionable recommendations. Integrating insights from real-world scenarios and considering external factors like regulations can equip organizations to tackle these barriers effectively, ensuring long-term sustainable growth through technology."
2026-06-25T10:31:19.490775,all,summ_0,summarization,Summarize the key challenges of AI ethics in autonomous driving.,0,0,"The ethical challenges of AI in autonomous driving are complex and vital to address as these technologies integrate into society. Key issues include:\n\n1. **Safety and Reliability**: Autonomous vehicles must operate flawlessly under all conditions to avoid accidents, requiring infallible, real-time decision-making.\n\n2. **Moral Dilemmas**: Programming vehicles to handle scenarios like ethical trade-offs, exemplified by the trolley problem, raises significant ethical concerns.\n\n3. **Liability**: Determining responsibility in accidents involves complex accountability for manufacturers, developers, and owners.\n\n4. **Data Privacy**: These vehicles use vast data, necessitating clear regulations on data handling and privacy protection to prevent surveillance.\n\n5. **Bias**: AI biases, stemming from training data, could lead to misinterpretations affecting certain groups adversely.\n\n6. **Transparency**: Understanding AI decision-making is crucial for public trust, requiring clarity in processes despite complex algorithms.\n\n7. **Cybersecurity**: Robust measures are needed to prevent hacking and unauthorized control of vehicles.\n\n8. **Public Trust**: Achieving societal acceptance demands transparent communication, demonstrations of reliability, and addressing public concerns.\n\n9. **Regulatory Frameworks**: Legal systems must evolve to address safety, ethics, and infrastructure challenges inherent in autonomous vehicles.\n\n10. **Environmental Concerns**: While promising emission reductions, the environmental impact of producing and operating these technologies must be considered.\n\nTackling these issues requires collaboration among policymakers, industry leaders, and the public to ensure technologies align with ethical and societal values, prioritizing safety, fairness, and sustainability."
2026-06-25T10:31:35.220432,all,summ_0,summarization,Summarize the key challenges of AI ethics in autonomous driving.,0,1,"The draft on autonomous driving addresses a range of ethical challenges but could benefit from clearer organization and transitions to enhance coherence. It lacks distinctive insights, particularly on emerging issues like regional regulatory differences and cultural influences on ethical frameworks. The discussion would be strengthened by including concrete examples and potential solutions for AI ethics in autonomous driving.\n\nKey ethical challenges include:\n\n1. **Safety and Reliability**: Ensuring AVs safely operate across diverse conditions is critical, requiring rigorous testing to minimize accident risks.\n   \n2. **Accountability and Liability**: Complexities in determining liability among manufacturers, developers, and owners necessitate precise legal frameworks.\n   \n3. **Algorithmic Bias and Fairness**: AVs must avoid discrimination by using equitable data practices, ensuring fairness across all demographics.\n   \n4. **Privacy Concerns**: Data collection raises privacy issues, emphasizing the need for robust protections and informed consent.\n\n5. **Ethical Decision-Making**: AVs face moral dilemmas, requiring algorithms aligned with diverse societal values and legal norms.\n\n6. **Public Trust and Acceptance**: Building public confidence hinges on transparent communication about AV capabilities and limitations.\n\n7. **Regulation and Standardization**: Swift AI advancements outpace regulations, necessitating adaptive frameworks to ensure safe and ethical AV deployment.\n\nTackling these challenges requires collaboration among technologists, ethicists, legal experts, and policymakers to ensure AV technologies align with societal values and expectations, integrating global and local perspectives."
2026-06-25T10:31:55.364109,all,summ_0,summarization,Summarize the key challenges of AI ethics in autonomous driving.,0,2,"The draft discusses the ethical challenges of autonomous driving, emphasizing the need for an integrated, coherent narrative that enhances clarity and engagement. The critique identifies three main areas for improvement: clarity, originality, and completeness. \n\n1. **Clarity and Coherence:** The draft should establish smoother transitions between topics to form a cohesive theme centered on ethical deployment.\n\n2. **Originality:** It lacks unique insights, drawing primarily on broad discussions rather than incorporating recent developments or innovative approaches. Including case studies and fresh perspectives would enrich the content.\n\n3. **Completeness:** Key sections, like ""Impact on Employment and Society,"" require more depth. Expanding on potential solutions and current efforts to tackle ethical challenges would offer a fuller exploration.\n\n### Revised Overview:\n\nAutonomous driving heralds a transformative transportation future but brings critical ethical challenges in safety, accountability, privacy, and societal impacts. Key issues include:\n\n- **Safety and Reliability:** AVs must handle ethical dilemmas and adapt to unpredictable environments, necessitating ongoing testing and adaptive learning.\n  \n- **Accountability:** Clear frameworks are essential to assign responsibility in accidents, demanding international regulatory cohesion.\n  \n- **Bias and Fairness:** Preventing algorithmic bias through inclusive design is vital for equitable treatment across demographic groups.\n  \n- **Privacy and Data Security:** Ensuring secure handling and protection of data is crucial for public trust and cybersecurity.\n\n- **Societal Impact:** AVs risk workforce displacement and urban disruption, requiring proactive retraining and environmental strategies.\n\n- **Ethical Programming:** Developing ethical frameworks and transparent decision processes fosters public trust.\n\n- **Cultural Norms:** AV systems must adapt to diverse ethical norms and regional driving behaviors.\n\nAddressing these challenges requires collaboration among stakeholders to ensure ethical, safe, and fair AV deployment, utilizing case studies and cutting-edge solutions to advance progress."
2026-06-25T10:32:16.231708,all,summ_0,summarization,Summarize the key challenges of AI ethics in autonomous driving.,0,3,"The draft on autonomous driving technology highlights several ethical challenges but could benefit from improved organization and originality. Key areas such as safety, privacy, and accountability are covered, but these sections would gain from clearer subheadings, ranked importance, and thematic connections. Introducing recent developments and speculative future scenarios could enhance originality.\n\nKey challenges include:\n\n1. **Safety and Reliability**: Critical for defining acceptable risk levels and preparing for unforeseen situations.\n   \n2. **Moral Decision-Making**: AVs must ethically handle crisis scenarios, raising questions on algorithm design and situational adaptability.\n\n3. **Accountability and Liability**: Complexities in determining responsible parties necessitate robust regulations.\n\n4. **Privacy Concerns**: Extensive data collection poses privacy risks, mitigable through encryption and privacy technologies.\n\n5. **Bias and Fairness**: Developers must prevent discrimination by ensuring unbiased datasets and transparent algorithms.\n\n6. **Employment Impact**: Transition to AVs could disrupt jobs, requiring retraining and policy interventions for affected workers.\n\n7. **Regulation and Compliance**: Evolving regulations are needed to balance innovation with public safety and ethical standards.\n\n8. **Environmental Considerations**: Potential energy efficiency gains depend on broader factors like energy sources and infrastructure efforts.\n\n9. **Accessibility and Equity**: Ensuring AV advantages reach marginalized communities means focusing on affordability and geographic equity.\n\nAddressing these issues requires a multidisciplinary approach involving collaboration among technologists, ethicists, and policymakers. Solutions should evolve with technological progress to align AV development with societal values. As the technology evolves, attention to emerging ethical considerations will be crucial."
2026-06-25T10:32:33.946117,all,summ_0,summarization,Summarize the key challenges of AI ethics in autonomous driving.,0,4,"The integration of autonomous driving technology introduces several ethical challenges that require careful consideration. These include:\n\n1. **Safety and Accountability:** AVs must navigate complex moral decisions in critical scenarios, raising questions about programming choices and accountability for accidents—whether it lies with manufacturers, developers, or users.\n\n2. **Bias and Fairness:** AI systems risk perpetuating societal biases through flawed data, necessitating efforts to ensure fairness and functionality across diverse conditions without introducing inequalities.\n\n3. **Data Privacy and Security:** With AVs collecting vast user and environmental data, robust frameworks are crucial to safeguard privacy, manage access, and protect against cybersecurity threats.\n\n4. **Environmental Impact:** While AVs may boost efficiency, their environmental benefit depends on sustainable practices in electricity sourcing, manufacturing, and waste management.\n\n5. **Social and Economic Impacts:** The potential disruption to employment in driving-related sectors calls for strategies to support affected workers, ensuring all societal groups benefit from AV technology.\n\n6. **Regulation and Governance:** Developing comprehensive standards for safety, interoperability, and ethical compliance is essential. Policymakers must adapt regulations to technological advances, fostering public trust.\n\nA collaborative approach involving diverse stakeholders and practical solutions like ethical programming frameworks and rigorous testing is crucial. Continuous dialogue and adaptive policies will be key in addressing these ethical dimensions of autonomous driving."
2026-06-25T10:32:52.450068,all,summ_0,summarization,Summarize the key challenges of AI ethics in autonomous driving.,1,0,"The advancements in autonomous driving technology promise to transform transportation but raise significant ethical challenges crucial for its integration into society. These challenges include ensuring safety through robust testing and reliable performance, developing AVs to address moral dilemmas equitably within diverse legal frameworks, and resolving accountability and liability in accidents with harmonized international regulations. Bias in AI systems demands inclusive data practices and transparent algorithmic processes to promote fairness. Privacy concerns necessitate strong data protection and cybersecurity measures to safeguard user information. AVs' societal impacts, such as job displacement, require proactive policies like retraining programs to support affected workers. Policymakers must implement adaptable regulatory frameworks to match technological advancements, enhancing public trust through transparent communications and demonstrations. AV systems should respect cultural and regional variations, adapting algorithms to local norms and legal standards, while their environmental impact needs ongoing assessment to ensure sustainable benefits. Addressing these issues calls for interdisciplinary collaboration among technologists, ethicists, legal experts, policymakers, and public stakeholders to ensure AV technologies align with societal values, prioritizing safety, fairness, and sustainable development."
2026-06-25T10:33:08.763218,all,summ_0,summarization,Summarize the key challenges of AI ethics in autonomous driving.,1,1,"The draft outlines the ethical challenges of autonomous driving, emphasizing the need for a comprehensive strategy to address interconnected issues. For clarity and coherence, transitions between sections could be improved to create a seamless narrative. Enhancing originality requires integrating recent research and innovative solutions into commonly discussed challenges in AI ethics, while completeness could be achieved by expanding on areas like accountability with real-world examples, moving beyond the typical trolley problem in AV ethical decision-making.\n\nKey challenges include:\n\n1. **Safety and Reliability**: Ensuring AVs can safely navigate all driving conditions, requiring rigorous testing and fail-safe systems.\n   \n2. **Ethical Decision-Making**: Designing algorithms to handle moral dilemmas by embedding societal values and legal standards.\n\n3. **Accountability and Liability**: Establishing clear legal frameworks to assign responsibility for AV-related incidents.\n\n4. **Data Privacy and Cybersecurity**: Implementing secure protocols to protect data integrity and build public trust.\n\n5. **Algorithmic Bias and Fairness**: Using diverse datasets and transparent algorithms to prevent discrimination.\n\n6. **Regulatory and Governance Frameworks**: Developing adaptive international regulations to keep pace with AI innovations.\n\n7. **Public Trust and Acceptance**: Promoting transparent communication and public education to encourage acceptance.\n\n8. **Environmental Impact**: Assessing AVs’ lifecycle impacts to promote sustainability.\n\n9. **Social and Economic Impacts**: Addressing potential job displacements via retraining programs.\n\n10. **Cultural and Regional Differences**: Adapting AVs to fit varied cultural and regional contexts for global integration.\n\nTackling these challenges requires collaborative efforts from technologists, ethicists, and policymakers to develop ethical frameworks and global standards, ensuring the responsible deployment of autonomous driving technology."
2026-06-25T10:33:25.896527,all,summ_0,summarization,Summarize the key challenges of AI ethics in autonomous driving.,1,2,"The revised critique of the original draft on AI ethics in autonomous driving identifies areas for improvement in clarity, originality, and completeness. It suggests organizing content into broader categories to enhance coherence, addressing overlap in sections like ""Ethical Programming and Decision-Making"" with ""Safety"" and ""Accountability,"" and incorporating fresh insights through recent examples or emerging debates. The revised draft presents autonomous driving challenges, emphasizing the need for a comprehensive understanding of interconnected issues such as safety, accountability, bias, privacy, societal impacts, cultural differences, and regulatory adaptation. Key points include:\n\n1. **Safety and Ethical Dilemmas:** AVs must safely navigate diverse environments and resolve ethical problems, like the ""trolley problem,"" through advanced testing and adaptive technologies.\n\n2. **Accountability and Liability:** Clear legal frameworks are needed to assign responsibility, focusing on hybrid systems for shared accountability.\n\n3. **Bias and Fairness:** Avoiding societal biases in AI requires inclusive designs and equitable data practices.\n\n4. **Privacy and Trust:** Robust data security measures and privacy-by-design principles are essential to maintain trust.\n\n5. **Societal and Environmental Impacts:** AVs may disrupt employment, necessitating retraining programs. Environmental benefits hinge on sustainable practices.\n\n6. **Cultural and Regional Adaptations:** Tailoring AV technology to local norms and regulations is crucial for successful global deployment.\n\n7. **Regulation and Governance:** Swift technological advances require adaptive regulatory models balancing safety, ethics, and innovation.\n\nAddressing these challenges calls for multidisciplinary collaboration among various stakeholders to ensure AV technology remains safe, ethical, and beneficial."
2026-06-25T10:33:41.527017,all,summ_0,summarization,Summarize the key challenges of AI ethics in autonomous driving.,1,3,"The draft about ethical challenges in autonomous driving would benefit from clearer organization to help readers understand the issues' interrelations and emphasize their significance. It outlines common AI ethics challenges but misses depth in exploring innovative solutions or current developments. Key ethical challenges include:\n\n1. **Safety and Reliability**: AVs must operate safely under various conditions, requiring rigorous testing and adaptive learning.\n2. **Moral and Ethical Decision-Making**: Ethical programming for unavoidable crash scenarios raises societal value alignment issues.\n3. **Accountability and Liability**: Clear responsibility delineation is needed in accidents, necessitating evolving legal frameworks.\n4. **Bias and Fairness**: Eliminating algorithmic bias through diverse datasets and transparent designs is crucial for equity.\n5. **Data Privacy and Security**: Robust data protection measures like encryption are essential to safeguard user privacy.\n6. **Societal and Economic Impacts**: Workforce retraining and equitable benefit distribution strategies address potential job market disruptions.\n7. **Regulatory and Governance Challenges**: Adaptive legal frameworks that anticipate technological advances are vital.\n8. **Cultural and Regional Sensitivity**: AV systems should adapt to local cultural norms and driving behaviors.\n9. **Environmental Implications**: Sustainable practices in energy, manufacturing, and lifecycle management are crucial for reducing emissions.\n\nAddressing these issues requires interdisciplinary collaboration among technologists, ethicists, policymakers, and the public. Ongoing efforts, such as international regulatory collaborations and industry self-regulation, indicate progress toward aligning AV technology with societal values for a safe, fair, and sustainable future."
2026-06-25T10:33:59.609527,all,summ_0,summarization,Summarize the key challenges of AI ethics in autonomous driving.,1,4,"The revised draft highlights the multifaceted ethical challenges posed by autonomous driving technology and suggests strategies for mitigation. Key challenges identified include:\n\n1. **Safety and Reliability:** Autonomous vehicles must perform reliably across diverse conditions, which requires rigorous testing, adaptive systems, and transparent safety protocols to build public trust.\n\n2. **Accountability and Liability:** The complexity of defining accountability in AV-related accidents calls for an international regulatory framework to delineate liability clearly.\n\n3. **Ethical Decision-Making:** AVs face moral dilemmas, like the trolley problem, necessitating transparent, culturally adaptable decision-making algorithms that align with societal values.\n\n4. **Bias and Fairness:** Preventing algorithmic bias through diverse datasets and ongoing audits is crucial to ensure fairness and non-discrimination across demographics.\n\n5. **Privacy and Data Security:** Robust data protection measures are imperative to safeguard user privacy amidst the vast data collection capabilities of AVs.\n\n6. **Public Trust and Acceptance:** Trust-building is vital, achievable through clear communication, public demonstrations, and open dialogue to address societal concerns.\n\n7. **Employment and Social Impact:** The transition to AVs threatens transport sector jobs, necessitating retraining programs and supportive policies for affected workers.\n\n8. **Regulation and Compliance:** Regulatory bodies must establish adaptive standards to balance technological advancements with safety and compliance.\n\n9. **Environmental Considerations:** To maximize AVs' potential to reduce emissions, sustainable manufacturing and energy practices must be prioritized.\n\n10. **Cultural and Regional Adaptation:** Localizing AV systems to align with regional driving norms and ethical views is essential for global adoption.\n\nTo effectively navigate these challenges, a collaborative effort among technologists, ethicists, and policymakers is necessary, emphasizing ongoing dialogue, scenario planning, and innovative solutions to ensure alignment with societal values and ethical standards."
2026-06-25T10:34:17.782522,all,summ_0,summarization,Summarize the key challenges of AI ethics in autonomous driving.,2,0,"The integration of autonomous driving technology into society presents a range of ethical challenges that must be navigated responsibly to harness its transformative potential. Critical areas include ensuring **safety and reliability** through rigorous testing, enabling AVs to handle diverse conditions, which is crucial for building public trust. **Ethical decision-making** in AVs involves navigating complex moral dilemmas and requires adaptable, transparent algorithms that align with regional values. The **accountability and liability** challenge requires a clear legal framework to determine responsibility in accidents, potentially through shared responsibility models among manufacturers, developers, and operators.\n\nAddressing **bias and fairness** involves designing AV systems that prevent discrimination through diverse training datasets and continuous audits. **Data privacy and security** are paramount due to extensive data collection needs, necessitating robust protections to safeguard user information. Cultivating **public trust and acceptance** is essential, achievable through transparent communication and education initiatives. The **societal and economic impacts**, such as potential job displacement, require proactive workforce retraining and support programs to ensure equitable benefits distribution.\n\n**Regulation and governance** must keep pace with rapid technological advancements through adaptive frameworks and international coordination to establish safety standards. Evaluating the **environmental considerations** of AVs, including manufacturing and energy use, is needed to optimize sustainability benefits. Finally, successful global deployment depends on adapting AV systems to local driving customs and legal regulations, ensuring **cultural and regional adaptation**.\n\nAddressing these challenges involves collaborative efforts from technologists, ethicists, policymakers, and the public, fostering interdisciplinary dialogue to ground the technology in ethical principles and societal priorities."
2026-06-25T10:34:37.784458,all,summ_0,summarization,Summarize the key challenges of AI ethics in autonomous driving.,2,1,"The advancement of autonomous driving technology brings significant ethical challenges that require a multifaceted approach to ensure successful societal integration. These challenges include:\n\n1. **Safety and Reliability**: Ensuring safe AV operation demands rigorous testing, fail-safe mechanisms, and adaptive systems to handle complex real-world scenarios.\n\n2. **Ethical Decision-Making**: AVs must navigate moral dilemmas, like the ""trolley problem,"" by integrating societal values and regional laws into transparent algorithms to maintain public trust.\n\n3. **Accountability and Liability**: Determining responsibility for AV incidents requires updating legal frameworks to assign accountability among manufacturers, developers, and operators, emphasizing the need for international harmonization.\n\n4. **Bias and Fairness**: Avoiding societal biases in algorithms necessitates diverse datasets, transparent designs, and regular audits to ensure fairness and equity.\n\n5. **Privacy and Data Security**: Protecting the vast amounts of data collected by AVs through stringent measures is crucial for safeguarding privacy and ensuring cybersecurity.\n\n6. **Public Trust and Acceptance**: Gaining public confidence involves transparent communication, education, and successful urban pilot projects demonstrating safety benefits.\n\n7. **Societal and Economic Impacts**: The shift could displace jobs, necessitating retraining programs and collaborations between governments and industries to ease transitions.\n\n8. **Regulatory and Governance Challenges**: Agile regulatory frameworks are needed to balance innovation with ethical standards, adapting to technological progress while ensuring safety.\n\n9. **Environmental Considerations**: Incorporating sustainable practices and efficient energy use in AV manufacturing can reduce emissions and ecological impact.\n\n10. **Cultural and Regional Adaptability**: AV technology must respect local cultural norms, laws, and driving behaviors for effective and globally accepted deployment.\n\nSuccessfully addressing these challenges requires interdisciplinary cooperation among technologists, ethicists, legal experts, policymakers, and public stakeholders. This collaboration ensures that autonomous driving technology aligns with societal values while prioritizing safety, equity, and sustainability."
2026-06-25T10:34:57.952891,all,summ_0,summarization,Summarize the key challenges of AI ethics in autonomous driving.,2,2,"The integration of autonomous vehicles (AVs) offers transformative societal benefits but poses ethical challenges that require comprehensive strategies for resolution. These include:\n\n1. **Safety and Reliability**: Ensuring safe and consistent AV performance across diverse conditions involves rigorous testing, transparent safety protocols, and clear communication to build public trust in the technology.\n\n2. **Ethical Decision-Making**: AVs confront dilemmas such as the ""trolley problem,"" necessitating algorithms that integrate societal values and cultural norms. Transparency in these processes is vital for acceptance and compliance.\n\n3. **Accountability and Liability**: Defining responsibility for AV-related incidents is complex, requiring international legal frameworks and cross-border initiatives to clarify manufacturer and user liabilities.\n\n4. **Algorithmic Bias and Fairness**: Preventing AI bias demands diverse datasets, transparency, and continuous audits, with innovations focusing on real-time bias detection and correction.\n\n5. **Data Privacy and Cybersecurity**: Robust privacy protections and cybersecurity measures, such as privacy-by-design principles and blockchain technologies, are crucial given AVs’ extensive data collection capabilities.\n\n6. **Public Trust and Acceptance**: Building trust requires transparent communication, demonstrations, and educational campaigns. Community-involved projects have shown success in gaining public acceptance.\n\n7. **Societal and Economic Impacts**: AVs may cause job displacement, particularly in transportation. Retraining programs and education initiatives are essential to support affected workers.\n\n8. **Regulatory and Governance Frameworks**: As AV technology evolves, adaptable regulatory frameworks are needed to balance innovation with safety, emphasizing international cooperation and policy harmonization.\n\n9. **Environmental Impact**: To leverage AVs' potential sustainability benefits, integrating eco-friendly practices in manufacturing and lifecycle management is key, with ongoing environmental assessments ensuring positive contributions.\n\n10. **Cultural and Regional Adaptations**: Global AV deployment requires adapting to local norms and driving behaviors, with pilot programs demonstrating successful regional customizations.\n\nAddressing these challenges necessitates collaboration among technologists, ethicists, legal experts, policymakers, and the public, ensuring that AV development aligns with societal ethics and values through ongoing dialogue and innovative solutions."
2026-06-25T10:35:12.607882,all,summ_0,summarization,Summarize the key challenges of AI ethics in autonomous driving.,2,3,"The revised draft on ethical challenges in autonomous driving effectively organizes key issues into a structured analysis, enhancing clarity through improved flow and transition between points. It identifies crucial challenges including safety, reliability, ethical decision-making, accountability, bias, privacy, societal impact, regulation, environmental considerations, and cultural sensitivity. To enhance originality and depth, the draft suggests incorporating case studies and current events relevant to each challenge. For a comprehensive view, it emphasizes the need for discussing how these issues are being addressed currently and explores future strategies involving collaboration among technologists, ethicists, policymakers, and the public. This approach aims to align autonomous vehicle technology with societal values, emphasizing safety, fairness, and sustainable development."
2026-06-25T10:35:32.527953,all,summ_0,summarization,Summarize the key challenges of AI ethics in autonomous driving.,2,4,"The draft effectively outlines the ethical challenges of autonomous vehicles but can improve through structured organization and fresh perspectives. Grouping related issues under broader headings will enhance coherence, such as:\n\n1. **Performance and Safety**: Ensures AVs' reliability and addresses biases affecting safety.\n2. **Ethical and Legal Frameworks**: Focuses on moral decision-making and accountability in accidents.\n3. **Data Privacy**: Emphasizes protecting user data from breaches to maintain trust.\n4. **Social, Economic, and Environmental Impacts**: Considers public trust, job displacement, and environmental sustainability.\n5. **Cultural Sensitivity**: Highlights the need for AV systems to adapt to diverse cultural norms and regulations.\n\nIntegrating recent examples or scenarios could illustrate these issues better. Moreover, exploring how biases impact safety, and regulatory frameworks' influence on public trust, alongside potential shifts in urban planning and insurance, would provide a more comprehensive analysis. A collaborative, interdisciplinary approach involving various stakeholders is essential to align AV technology with societal values, prioritizing safety, fairness, and sustainability for its widespread acceptance and ethical integration."
2026-06-25T10:35:57.935945,all,summ_0,summarization,Summarize the key challenges of AI ethics in autonomous driving.,3,0,"The revised draft on autonomous driving technology articulates several ethical challenges while proposing robust strategies for resolution. It covers key areas requiring attention, such as:\n\n1. **Safety and Reliability**: Emphasizes the need for rigorous testing and transparent safety protocols to build public trust, citing a case study from XYZ Autonomous Company.\n   \n2. **Ethical Decision-Making**: Discusses dilemmas like Tesla's ethical programming, advocating for algorithms that respect societal values and improve public confidence through transparent decision-making.\n\n3. **Accountability and Liability**: Stresses the need for updated legal frameworks, referencing the 2023 EU directive on AV liability for international policy harmonization.\n\n4. **Bias and Fairness**: Highlights audits revealing biases, recommending diverse datasets and adversarial testing to enhance fairness.\n\n5. **Data Privacy and Security**: Calls for stringent privacy measures using privacy-by-design and blockchain, stressing proactive security measures following recent breaches.\n\n6. **Public Trust and Acceptance**: Suggests educational initiatives and pilot projects, using Google's urban demonstrations as a successful example.\n\n7. **Societal and Economic Impacts**: Addresses job displacement through retraining initiatives, exemplified by projects like ""Drive to Thrive.""\n\n8. **Regulatory and Governance Challenges**: Advocates for harmonizing global standards, citing Japan's dynamic regulatory framework as a model.\n\n9. **Environmental Considerations**: Encourages sustainability through eco-friendly practices and strategies like the ""Green Fleet Initiative.""\n\n10. **Cultural and Regional Adaptability**: Discusses regional pilot programs, such as Singapore's, for broader acceptance and integration.\n\nThe response underscores the need for interdisciplinary collaboration among various stakeholders to align AV technology with societal values, promoting safety, equity, and sustainability."
2026-06-25T10:36:15.319424,all,summ_0,summarization,Summarize the key challenges of AI ethics in autonomous driving.,3,1,"The draft on autonomous vehicles (AVs) outlines key ethical challenges but requires improvements in clarity, originality, and completeness. It successfully highlights core issues like safety, accountability, bias, data privacy, public trust, and economic impacts. However, the draft's coherence can be enhanced by better linking interconnected topics such as public trust, regulatory frameworks, and ethical decision-making. Incorporating novel insights and emerging trends in AI ethics will add originality. Furthermore, the addition of concrete examples or case studies could make the discussion more informative and relatable. For AVs to achieve successful societal integration, collaborative efforts involving technologists, ethicists, legal professionals, policymakers, and the public are essential. Addressing safety, equity, data privacy, and cultural adaptation, while ensuring regulatory flexibility and maintaining public confidence, will help align AV development with societal values. Sustainable practices and workforce retraining support are crucial for minimizing negative impacts and fostering a fair transition."
2026-06-25T10:36:32.115587,all,summ_0,summarization,Summarize the key challenges of AI ethics in autonomous driving.,3,2,"The draft on AI ethics in autonomous vehicles (AVs) effectively covers critical challenges but requires improved structure and originality. The narrative should logically connect related themes like ""Public Trust"" and ""Regulation"" for coherence. While the draft is comprehensive, it lacks depth in its analysis, particularly in regulatory aspects; illustrating conflicts between technology and regulation with case studies could provide richer insights. \n\nKey ethical issues include:\n\n1. **Safety and Reliability**: Ensuring AVs' safety through real-world tests and safety protocols is crucial for public trust and acceptance.\n   \n2. **Ethical Decision-Making**: Algorithms must handle moral dilemmas transparently, representing societal values to foster trust.\n   \n3. **Accountability and Liability**: Clear liability frameworks are needed to assign responsibility for AV incidents.\n\n4. **Bias and Fairness**: Diverse datasets and bias audits are essential to prevent discrimination and uphold fairness.\n\n5. **Data Privacy and Cybersecurity**: Robust privacy measures are crucial to protect data and maintain user confidence.\n\n6. **Public Trust and Acceptance**: Transparent communication and community engagement are key to gaining public confidence in AVs.\n\n7. **Societal Impacts**: Address potential job displacement with retraining programs to distribute benefits equitably.\n\n8. **Regulatory Challenges**: Align regulation with advances in technology through agile frameworks and international cooperation.\n\n9. **Environmental Implications**: Implement sustainable practices and continuously assess AVs' ecological impacts.\n\n10. **Cultural and Regional Adaptability**: Tailor AV systems to local norms and legal requirements for successful global deployment.\n\nAddressing these challenges demands collaboration across disciplines to ensure AV adoption aligns with societal values, focusing on safety, fairness, and sustainability."
2026-06-25T10:36:48.142918,all,summ_0,summarization,Summarize the key challenges of AI ethics in autonomous driving.,3,3,"The integration of autonomous vehicles (AVs) into society necessitates addressing key challenges with nuanced strategies. The draft delineates challenges such as performance, algorithmic bias, safety, ethical frameworks, data privacy, and societal impact. Strengthening public trust through transparent validation processes and robust cybersecurity measures is vital. Legal frameworks must clarify accountability, while ethical scenarios require culturally sensitive algorithms. Moreover, addressing social impacts like job displacement through retraining programs is crucial, and sustainability should be prioritized in AV production.\n\nHowever, the draft could improve clarity by making transitions between points smoother and connecting challenges to solutions more explicitly. It lacks originality, as it doesn't introduce new insights. Specific examples or recent AI ethics developments would enhance depth. Additionally, it omits discussing public perception, societal trust, and technological biases, which are pivotal for AV adoption. Incorporating these elements would provide a more comprehensive overview, ensuring AV technology aligns with societal values and is ethically integrated through interdisciplinary collaboration."
2026-06-25T10:37:08.820022,all,summ_0,summarization,Summarize the key challenges of AI ethics in autonomous driving.,3,4,"The draft on the ethical challenges of integrating autonomous vehicles (AVs) highlights significant areas needing strategic intervention for their responsible deployment. Key concerns include improving clarity and coherence by using concise language and structured subheadings to avoid verbosity, which currently affects readability. Furthermore, while the draft addresses general discussions on AI ethics, it lacks original insights. Enhanced depth could be achieved by exploring under-discussed topics like ethical algorithms' philosophical nuances and international regulatory challenges. The completeness of the draft also requires attention, particularly in detailing ""Public Trust and Acceptance"" by incorporating cultural influences, and expanding ""Environmental Considerations"" with sustainable strategies for AV development.\n\nThe rewritten draft expands on key areas: ensuring AV safety through extensive testing and clear communication; developing ethically sound, transparent decision-making algorithms; evolving legal frameworks to address accountability and liability; preventing algorithmic bias through equitable data practices; safeguarding data privacy with advanced technologies; fostering public trust through cultural understanding and pilot projects; mitigating economic impacts via job retraining; and responding to regulatory challenges with adaptive, international policies. It emphasizes environmental assessments and cultural adaptability to support global AV deployment. A collaborative approach among technologists, policymakers, and communities is essential to navigate these multifaceted challenges, ensuring AV technology aligns with societal values while promoting safety, fairness, and sustainability."
2026-06-25T10:37:31.628611,all,summ_0,summarization,Summarize the key challenges of AI ethics in autonomous driving.,4,0,"The draft highlights key ethical challenges in integrating autonomous vehicles (AVs) into society, underscoring the importance of addressing them to ensure alignment with societal values and promote safety, fairness, and sustainability. Key issues include:\n\n1. **Safety and Reliability**: Public trust hinges on rigorous testing and transparent safety protocols, as illustrated by Volvo's phased testing.\n\n2. **Ethical Decision-Making**: AVs must make autonomous moral decisions, guided by culturally sensitive algorithms and ethicist input, exemplified by MIT’s “Ethical Operating System.”\n\n3. **Accountability and Liability**: Clarifying legal responsibilities, with models like the EU's 2023 directive, is crucial for global policy harmonization.\n\n4. **Bias and Fairness**: Reducing algorithmic bias through audits and diverse datasets is crucial, with tools like IBM's Bias Mitigation Tool aiding this effort.\n\n5. **Data Privacy and Security**: Robust privacy and cybersecurity measures, such as Toyota's blockchain-based project, are essential given the vast data collected by AVs.\n\n6. **Public Trust and Acceptance**: Building trust involves transparent communication and pilot projects, such as Google's urban trials, to showcase AV benefits.\n\n7. **Societal and Economic Impacts**: Addressing potential job displacement through retraining programs, like “Drive to Thrive,” ensures equitable technological benefits.\n\n8. **Regulatory and Governance Challenges**: Aligning global policies with technological advances, as seen in Japan’s adaptable regulations, is necessary for AV deployment.\n\n9. **Environmental Considerations**: Developing sustainable practices is critical, with initiatives like the ""Green Fleet Initiative"" focusing on emission reduction.\n\n10. **Cultural and Regional Adaptability**: Respecting local norms through regional trials, like Singapore’s culturally adaptive tests, offers insights into localized strategies.\n\nAddressing these issues requires collaboration among technologists, policymakers, ethicists, and the public, focusing on the safe and ethical integration of AVs into society."
2026-06-25T10:37:48.132541,all,summ_0,summarization,Summarize the key challenges of AI ethics in autonomous driving.,4,1,"The revised draft outlines the various ethical challenges associated with the deployment of autonomous vehicles (AVs) and emphasizes the need for a strategic, interdisciplinary approach. It highlights the importance of safety and reliability to build public trust, calling for comprehensive testing and effective communication. Ethical decision-making in AV algorithms must align with societal values and be audited for transparency and cultural diversity. The document discusses the necessity of updating legal frameworks for accountability and liability, alongside eliminating biases in AV systems through diverse datasets and continuous audits. Data privacy and security are underscored as critical, recommending privacy-by-design principles.\n\nBuilding public trust also involves community engagement and informative outreach, while addressing societal and economic impacts like job displacement. Regulatory challenges require flexible, cooperative international policies, with examples like Japan's adaptive regulations. The draft suggests that environmental considerations go beyond initiatives like the ""Green Fleet Initiative"" to include sustainable practices across AV lifecycles. Lastly, it stresses the customization of AV systems to fit cultural and local regulatory differences, promoting global standards through regional pilot programs. Overall, aligning AV development with societal values is suggested to ensure their safe, equitable, and sustainable integration into society."
2026-06-25T10:38:07.497593,all,summ_0,summarization,Summarize the key challenges of AI ethics in autonomous driving.,4,2,"The introduction of autonomous vehicles (AVs) poses numerous ethical challenges requiring a comprehensive, strategic approach that emphasizes transparency, fairness, and sustainability. Key areas include:\n\n1. **Safety and Public Trust**: Ensuring AV safety through transparent, extensive testing can build public confidence. Presenting real-world examples enhances credibility and addresses safety and reliability concerns.\n\n2. **Ethical Algorithms**: AV decision-making systems must incorporate societal values. Public involvement in developing these frameworks and transparent programming can aid understanding and acceptance, bolstered by real-case demonstrations.\n\n3. **Accountability**: Legal frameworks must evolve alongside AV technology to manage liability effectively. International collaboration can help standardize regulations.\n\n4. **Bias and Fairness**: Ensuring equitable treatment via diverse training data and continuous audits can prevent discrimination. Presenting audit outcomes can build user confidence.\n\n5. **Data Privacy**: Privacy-by-design principles and encryption, including blockchain, are vital to secure AV user data and foster public trust.\n\n6. **Economic Impact**: Anticipating job market disruptions, proactive retraining, and tech support roles can mitigate negative effects and support economic stability.\n\n7. **Regulatory Challenges**: Agile regulatory systems, enhanced through international cooperation, are essential to keep pace with technological advancements.\n\n8. **Environmental Sustainability**: AV production should focus on eco-friendliness and renewable energy to minimize environmental impacts.\n\n9. **Cultural Integration**: Tailored approaches respecting cultural norms and legal specifics can smooth AV integration, supported by regional pilots and community feedback.\n\nSuccessfully addressing these challenges requires collective effort from technologists, ethicists, legal experts, policymakers, and society, ensuring that AV development aligns with societal values for widespread acceptance and integration."
2026-06-25T10:38:22.254471,all,summ_0,summarization,Summarize the key challenges of AI ethics in autonomous driving.,4,3,"The integration of autonomous vehicles (AVs) presents various ethical challenges that require thoughtful consideration for responsible implementation. While the draft outlines key issues like safety, decision-making, and accountability, it could benefit from improved organization by grouping related topics to enhance coherence. Additionally, while the draft accurately references known challenges, it lacks a discussion on emerging issues such as the rapid pace of technological advancements outpacing regulations and potential impacts on urban planning.\n\nTo deepen the analysis, the draft should explore how ethical decision-making frameworks are created and provide examples of real-world moral dilemmas AVs may face. The revised draft highlights ten major challenges, emphasizing the need for rigorous safety protocols, ethical algorithmic decision-making, clear legal accountability, bias mitigation, data security, public trust, economic impact, regulatory agility, environmental sustainability, and cultural adaptability. Addressing these requires collaboration across various fields to ensure alignment with societal values, promoting safety, equity, and sustainability. Moreover, examining AV's influence on urban planning could yield additional insights into its broader implications."
2026-06-25T10:38:36.826537,all,summ_0,summarization,Summarize the key challenges of AI ethics in autonomous driving.,4,4,"The current draft on autonomous vehicle (AV) ethics lacks clarity in structuring and originality, offering a broad yet standard overview without innovative insights. It needs a more organized presentation of challenges and stronger narrative connections. The draft discusses critical areas: ensuring safety through rigorous testing, refining ethical algorithms for decision-making, updating accountability frameworks for liability clarity, addressing bias with diversified data, safeguarding data privacy through cybersecurity measures, and building public trust via transparency and education. Additionally, it highlights the importance of proactive measures for societal impacts, like job displacement, harmonizing international regulations, prioritizing environmental sustainability through initiatives like the ""Green Fleet Initiative,"" and ensuring cultural adaptability in AV deployment. Successfully integrating AVs requires a collaborative, interdisciplinary approach aligned with societal values to enhance safety, equity, and sustainability while mitigating ethical risks."
2026-06-25T10:31:38.169852,all,summ_1,summarization,Summarize main usability issues in mobile banking applications.,0,0,"The revised draft on mobile banking apps outlines key usability challenges and improvement strategies. It emphasizes the necessity of a simple user interface with intuitive navigation, efficient performance, and balanced security measures. Personalization options and comprehensive account management enhance user satisfaction, while accessibility features ensure inclusivity. The critique suggests refining content clarity with succinct language and uniform structure, enhancing originality with recent design trends and case studies, and expanding completeness by addressing emerging technologies like AI and cross-platform consistency. Developers should focus on user-centered design, integrating feedback, and staying abreast of technological trends to optimize app usability."
2026-06-25T10:31:59.663883,all,summ_1,summarization,Summarize main usability issues in mobile banking applications.,0,1,"The revised critique emphasizes the importance of a structured approach in addressing usability issues in mobile banking applications. It suggests improvements for clarity and coherence by recommending a strong introduction and conclusion that highlight the significance of these issues for user satisfaction and retention. The critique points out the lack of originality in the original draft, suggesting the inclusion of case studies and statistical data for depth. It also notes the incomplete exploration of solutions, advocating for actionable insights and examples of best practices.\n\nThe revised content outlines key usability challenges:\n\n1. **Complex Navigation:** advocates for intuitive design and streamlined functionality.\n2. **Security and Authentication Methods:** suggests balancing security with ease through biometric options.\n3. **Performance and Speed:** emphasizes optimizing technology for seamless app interactions.\n4. **Inconsistent User Experience:** recommends consistent multi-platform interfaces.\n5. **Personalization:** highlights user-specific customization to enhance engagement.\n6. **Customer Support Accessibility:** underscores the need for responsive support options.\n7. **Notifications:** calls for non-intrusive, customizable alerts.\n8. **Accessibility Features:** stresses inclusivity with features like screen reader compatibility.\n9. **Error Handling:** promotes clear, helpful error messages to improve trust.\n10. **Offline Capabilities:** suggests offline access to basic functions for user convenience.\n11. **Privacy Concerns:** emphasizes transparency and user control over data.\n\nThe draft concludes by stressing continual user testing and feedback to improve app design and foster user trust and loyalty."
2026-06-25T10:32:20.660115,all,summ_1,summarization,Summarize main usability issues in mobile banking applications.,0,2,"The draft highlights key usability issues in mobile banking applications, including complex navigation, security-usability balance, and poor onboarding experiences. It suggests that convoluted menus and inconsistent interfaces hinder navigation, while stringent security measures can frustrate users. Improving user satisfaction requires intuitive design and seamless authentication options like biometrics. Additionally, inadequate tutorials and performance issues further detract from user experience, emphasizing the need for responsive design and efficient loading. The draft also notes the insufficient accessibility features for users with disabilities, lack of clear error feedback, limited functionality, and restricted personalization options. It stresses the importance of enhancing support accessibility and ensuring robust data management. While the draft identifies prevalent challenges, it could benefit from more structured organization, novel insights, and future-focused solutions like AI-driven personalization and biometric logins to improve usability comprehensively. A more integrated and forward-looking perspective could enhance the draft's originality and completeness in addressing mobile banking usability."
2026-06-25T10:32:40.224521,all,summ_1,summarization,Summarize main usability issues in mobile banking applications.,0,3,"The critique of the original draft suggests enhancing clarity by more explicitly linking usability problems with solutions. It points out a lack of originality, recommending the inclusion of current trends like AI and industry innovations for a fresher analysis. Completeness could be improved with examples of how specific apps address these issues, expanding on topics such as inconsistent design.\n\nThe revised draft emphasizes the critical role of mobile banking apps while detailing common usability challenges and solutions:\n\n1. **Complex Navigation**: Overcomplicated menus frustrate users. A minimalist, intuitive interface with clear labeling and consistent layouts is advised.\n2. **Onboarding Challenges**: Lengthy registration processes hinder first-time users. Streamlined guides, reduced data entry, and biometric options can improve onboarding.\n3. **Performance and Speed**: Slow load times deter users. Optimizing architecture and backend support is crucial.\n4. **Security Concerns**: Complicated security measures can be off-putting. Biometric authentication offers a balanced solution.\n5. **Accessibility Issues**: Apps often neglect disabled users. Adhering to WCAG can enhance inclusivity.\n6. **Error Messaging and Feedback**: Vague messages confuse users. Clear, specific feedback aids user navigation and satisfaction.\n7. **Customization Limitations**: Lack of personalization results in a generic experience. Offering customization enriches user engagement.\n8. **Limited Functionality**: Disparities between mobile and desktop features fragment the experience. Ensuring feature parity is critical.\n9. **Inconsistent Design**: Uneven design elements cause confusion. Consistent design language fosters confidence and ease of use.\n\nA user-centered design approach, incorporating user feedback and iterative testing, is essential for evolving apps to meet user needs and technological developments effectively."
2026-06-25T10:32:58.589467,all,summ_1,summarization,Summarize main usability issues in mobile banking applications.,0,4,"The draft identifies key usability issues in mobile banking apps but requires improved clarity and originality. Clearer transitions could enhance flow, with an introduction emphasizing the importance of overcoming these issues to avoid user dissatisfaction. A conclusive call to action would add coherence. While addressing common usability problems like complex navigation, performance issues, and security challenges, the draft lacks innovative insights. It could benefit from unique solutions, such as intuitive menu designs or user-friendly authentication like biometrics. Additionally, more detail on engaging interfaces and improved error handling would provide a comprehensive view. The draft should emphasize ensuring feature parity with desktop versions, enhancing personalization, ensuring accessibility, supporting multiple languages and cultural settings, and fostering trust through transparent privacy policies. A concerted effort on performance optimization and UI/UX enhancement, guided by user feedback, can develop mobile banking apps that are both functional and user-friendly."
2026-06-25T10:33:16.867173,all,summ_1,summarization,Summarize main usability issues in mobile banking applications.,1,0,"The draft on mobile banking app usability is well-structured but could benefit from enhanced clarity, originality, and depth. Adding transition sentences would improve coherence and highlight how issues like complex navigation can exacerbate onboarding challenges. While common usability issues are discussed, introducing cutting-edge solutions or trends could inject originality. Moreover, deeper exploration is needed in key areas, such as balancing security with user convenience, potentially through recent technological advancements.\n\n**Revised Draft Summary:**\n\nMobile banking apps have transformed financial access but face significant usability challenges that hinder their potential. \n\n- **Navigation and Onboarding**: Overcomplicated menus and lengthy registration processes frustrate users. Simplifying navigation and streamlining onboarding with minimalist design, biometric authentication, and guides can enhance user experience.\n\n- **Performance and Accessibility**: Slow load times disrupt flow, necessitating efficient architecture. Accessibility features, aligned with WCAG standards, promote inclusivity for all users.\n\n- **Security vs. Usability**: Balance is crucial. Biometric options offer security without sacrificing ease of use, vital for user-friendly experiences.\n\n- **Feedback and Personalization**: Clear error messaging boosts trust, while personalization increases user engagement through tailored interfaces.\n\n- **Consistency and Notifications**: Apps should mirror desktop functions for unity, allowing user customization of alerts to improve satisfaction.\n\n- **Privacy and Offline Access**: Transparent data usage and offline capabilities enhance trust and broaden app utility.\n\nA user-centered design approach, incorporating innovative solutions like AI-driven personalization and adaptive biometric authentication, can significantly improve usability. Continuous iteration and testing are key to maintaining app relevance, fostering user loyalty, and building trust."
2026-06-25T10:33:34.713941,all,summ_1,summarization,Summarize main usability issues in mobile banking applications.,1,1,"**Critique of the Draft**: The draft outlines usability issues in mobile banking apps but needs a more organized structure, clearer transitions, and more innovative ideas. The call to action can be more specific, and examples of successful implementations could strengthen the argument.\n\n**Rewritten Draft**: The revised draft addresses key usability challenges in mobile banking apps by combining structured analysis with practical solutions for a user-friendly experience:\n\n### Navigation and Design\n1. **Complex Navigation**: Simplify with intuitive layouts and consistent interfaces using minimalist design and industry guidelines.\n2. **Inconsistent Design**: Maintain cohesive visual elements to build user confidence.\n\n### User Engagement and Accessibility\n3. **Onboarding Processes**: Streamline by reducing data entry and incorporating biometric authentication.\n4. **Accessibility Features**: Follow WCAG and integrate screen readers and adjustable text sizes.\n\n### Performance and Security\n5. **Performance and Speed**: Optimize backend architecture for fast app interactions.\n6. **Security Usability Balance**: Use simplified, secure options like biometrics to foster trust.\n\n### User Support and Customization\n7. **Error Handling**: Offer clear error messages for reliable user navigation.\n8. **Customer Support Accessibility**: Ensure easy access to responsive support.\n9. **Customization and Personalization**: Provide personalized features to enhance user engagement.\n\n### Future-Proofing and Innovation\n10. **Feature Parity**: Ensure mobile app functionality matches desktop platforms.\n11. **Privacy Concerns**: Institute transparent privacy policies and user data controls.\n\n### Conclusion\nAdopt a user-centered design approach with continuous feedback and iterative testing. Prioritize iterative improvements, focusing on technological advancements, like AI-driven personalization, for enhanced app usability. Implement strategies through staged changes: immediate performance optimizations, medium-term customer support enhancements, and long-term technological innovations."
2026-06-25T10:33:53.177499,all,summ_1,summarization,Summarize main usability issues in mobile banking applications.,1,2,"The draft primarily maintains clarity but could improve by more explicitly connecting problems with solutions, ensuring a seamless transition for better reader comprehension. Expanding sections like ""Error Messaging and Feedback"" would emphasize the importance of user feedback. To enhance originality, the draft could integrate real-world examples from mobile banking apps, offering practical context for proposed solutions. It covers multiple improvement areas but lacks in-depth discussion about practical implementation of these solutions; including best practices or technologies would bolster completeness. Delving more into future trends like AI and biometrics can provide further insights on usability advancements. \n\nMobile banking apps, essential in the financial sector for providing convenience, often face usability challenges impacting user engagement and satisfaction. Improving usability involves identifying specific issues and implementing targeted solutions:\n\n1. Complex Navigation: Simplify with intuitive designs for seamless browsing.\n2. Onboarding: Streamline with concise guides and biometric authentication.\n3. Performance: Enhance speed through optimized architecture.\n4. Security: Balance robust security with user-friendly options like biometric access.\n5. Accessibility: Adopt WCAG standards to ensure inclusivity.\n6. Error Messaging: Use clear feedback to enhance user trust and satisfaction.\n7. Personalization: Offer tailored experiences to improve engagement.\n8. Functionality: Ensure mobile-desktop parity for comprehensive functionality.\n9. Design Consistency: Maintain a unified design language for familiarity.\n10. Privacy: Be transparent about data handling to build trust.\n\nImplementing user-centered design principles, continuous feedback, and iterative testing, informed by successful examples like AI personalization and biometric authentication, can help mobile banking apps improve functionality, accessibility, and user satisfaction."
2026-06-25T10:34:12.392581,all,summ_1,summarization,Summarize main usability issues in mobile banking applications.,1,3,"The revised draft focuses on improving mobile banking app usability, highlighting its impact on user satisfaction and retention. It emphasizes the importance of distinguishing usability challenges from their solutions for clarity. The draft identifies several key issues:\n\n1. **Complex Navigation**: Simplifying interfaces enhances navigability.\n2. **Cumbersome Onboarding**: Streamlined processes, like biometric authentication, can improve user experience.\n3. **Poor Performance**: Efficient backend processes are necessary for quick app functionality.\n4. **Security vs. Usability**: Integrating secure yet user-friendly options such as biometrics.\n5. **Neglected Accessibility**: Adhering to WCAG ensures inclusiveness.\n6. **Unclear Feedback**: Clear error messages promote user autonomy.\n7. **Lack of Personalization**: Customizable features enhance engagement.\n8. **Reduced Feature Set**: Achieving feature parity across platforms maintains consistency.\n9. **Design Inconsistencies**: A unified design language fosters reliability.\n10. **Offline Limitations**: Basic offline functionalities improve usability.\n11. **Privacy Concerns**: Transparent data practices build trust.\n\nThe draft also advises adopting a user-centered design with continuous feedback, integrating emerging technologies like AI, and focusing on future trends to enhance the overall user experience and maintain relevancy in the evolving mobile banking landscape."
2026-06-25T10:34:31.707463,all,summ_1,summarization,Summarize main usability issues in mobile banking applications.,1,4,"The revised critique emphasizes the need for mobile banking apps to tackle usability challenges to boost user satisfaction and retention. It identifies key issues and suggests actionable solutions: \n\n1. **Navigation**: Improve by using intuitive, minimalist designs and clear labeling aided by user testing.\n2. **Onboarding**: Simplify registration with reduced data entry, guided walkthroughs, and biometric authentication.\n3. **Performance**: Enhance responsiveness with optimized backend architecture and technologies like PWAs.\n4. **Security**: Balance robust security with usability through biometric and multi-factor authentication.\n5. **Accessibility**: Ensure inclusivity by adopting screen reader compatibility and WCAG standards.\n6. **Error Messaging**: Provide specific, constructive feedback to guide users effectively.\n7. **Customization**: Allow personalization for boosting user engagement with customizable settings.\n8. **Functionality**: Ensure feature parity and consistency across different platforms.\n9. **Design**: Adopt a consistent design language to prevent user confusion.\n10. **Privacy**: Maintain user trust with transparent privacy policies and user-consent for data management.\n\nThe critique suggests a user-centered design approach, continuous feedback, and iterative testing to adapt to evolving needs and technologies, with a recommendation to include case studies and statistical data for added depth and validation of the proposed solutions."
2026-06-25T10:34:50.962498,all,summ_1,summarization,Summarize main usability issues in mobile banking applications.,2,0,"The critique of the draft on usability challenges in mobile banking apps highlights several areas for enhancement. While the draft effectively identifies and addresses usability issues, it would benefit from a structured format that groups challenges by themes to enhance clarity. Furthermore, including examples of successful implementations from existing applications could enhance originality and provide practical insights. Although comprehensive, the recommendations could benefit from more detailed strategies tailored to each challenge and the inclusion of metrics to measure usability improvements.\n\nThe revised draft organizes usability challenges into thematic categories for clarity:\n\n1. **User Experience**: Addresses complex navigation by simplifying layouts and using intuitive designs, cumbersome onboarding with streamlined processes and biometric authentication, and performance issues by optimizing backend architecture and considering Progressive Web Apps.\n\n2. **Security and Accessibility**: Balances security with usability using user-friendly security protocols and increases accessibility by adhering to WCAG guidelines.\n\n3. **Communication and Personalization**: Enhances clarity in error messaging and incorporates personalized interfaces based on user behavior to improve engagement.\n\n4. **Platform and Design**: Ensures feature consistency across devices and adopts a cohesive design language to build user confidence.\n\n5. **Connectivity and Privacy**: Introduces offline functionalities and transparent data practices to improve usability and trust.\n\nExpanded recommendations emphasize a user-centered design approach, collecting user feedback, and using metrics like satisfaction scores to measure improvements. Incorporating AI-driven personalization and adaptive biometric authentication prepares apps for future advancements. Examples from industry leaders could provide valuable insights into improving usability and user satisfaction."
2026-06-25T10:35:09.455112,all,summ_1,summarization,Summarize main usability issues in mobile banking applications.,2,1,"The revised draft on mobile banking application usability addresses key challenges that impact user satisfaction and retention. It points out several issues, such as complex navigation, cumbersome onboarding processes, and slow performance. Solutions include adopting minimalist design principles, streamlining onboarding with biometric authentication, and optimizing backend systems to improve speed. The draft further highlights the need for a balance between security and usability, recommending biometric and multi-factor authentication. Emphasizing accessibility, it suggests compliance with WCAG standards and integrating features like screen readers. Personalized engagement through AI and consistent design across platforms are also advised, along with transparent privacy practices to build trust.\n\nTo improve usability, adopting a user-centered design with iterative testing and incorporating emerging technologies is recommended. Drawing insights from successful lesser-known apps is also suggested to enhance competitiveness in digital finance. These strategies aim to bolster user loyalty and satisfaction."
2026-06-25T10:35:31.682081,all,summ_1,summarization,Summarize main usability issues in mobile banking applications.,2,2,"The revised analysis ""Enhanced Usability in Mobile Banking Apps: Key Challenges and Solutions"" addresses the multifaceted usability challenges in mobile banking apps, offering actionable solutions and emphasizing user satisfaction. Although the draft is well-structured, there is room for improvement in narrative flow through the use of transitional sentences to enhance coherence. Originality is somewhat lacking, as common challenges are noted without unique insights or contemporary examples. Augmenting the content with recent case studies and predictions can add depth and fresh perspectives.\n\nTo achieve completeness, a section on integrating user feedback and analytics continuously into updates could strengthen practical guidance. Real-world examples of successful implementations will bolster the examples given.\n\nKey challenges such as complex navigation, onboarding friction, performance issues, balancing security with usability, and accessibility constraints are identified, alongside solutions like intuitive design, streamlined onboarding, backend optimization, user-friendly security measures, and adhering to accessibility standards. The draft also underscores the importance of clear feedback, consistent design, feature parity, offline capabilities, and transparent privacy policies to foster trust and user engagement.\n\nUltimately, the draft suggests that adopting user-centric design and innovative practices like AI-driven personalization, while responding actively to user feedback, is essential for enhancing mobile banking apps in a competitive digital landscape."
2026-06-25T10:35:51.399735,all,summ_1,summarization,Summarize main usability issues in mobile banking applications.,2,3,"The revised draft elucidates the critical role of mobile banking apps and the usability challenges they face, highlighting the need for specific, finance-context solutions. **Key issues** include complex navigation, cumbersome onboarding, insufficient accessibility, performance bottlenecks, and balancing security with usability. **Proposed solutions** involve adopting minimalist designs, simplifying onboarding through biometric authentication, adhering to accessibility standards, optimizing performance via Progressive Web Apps, and enhancing security with user-friendly multi-factor authentication. Additionally, the draft emphasizes personalization, feature parity across devices, consistent design language, privacy, and offline functionality. To ensure competitiveness, it advocates for a user-centered design approach, leveraging AI and adaptive biometrics, and incorporating real-world case studies. Regular updates based on user feedback and technological advances are deemed essential for sustaining user satisfaction and trust."
2026-06-25T10:36:07.760101,all,summ_1,summarization,Summarize main usability issues in mobile banking applications.,2,4,"The revised document titled ""Enhancing Usability in Mobile Banking Apps: Overcoming Key Challenges"" highlights the critical role mobile banking apps play while outlining significant usability challenges these apps face. Key identified challenges include complex navigation, lengthy onboarding processes, performance breakdowns, security versus usability conflicts, accessibility barriers, unclear error communication, lack of personalized experiences, design discrepancies across platforms, limited offline capabilities, and data privacy concerns. The draft suggests that overcoming these issues requires innovative solutions like simplifying navigation, streamlining onboarding with biometric authentication, optimizing app performance with technologies such as Progressive Web Apps, employing user-centric security measures, adopting accessibility standards like WCAG, ensuring consistency across platforms, and maintaining transparent privacy practices.\n\nFor strategic solutions, the draft emphasizes adopting a user-centric approach, leveraging emerging technologies such as AI and machine learning for enhanced personalization and security, committing to continuous testing and feedback, and using case studies to guide design decisions. By addressing these challenges and focusing on user-centered design, mobile banking applications can improve usability, leading to increased user satisfaction and loyalty in a competitive digital environment. However, the draft could benefit from clearer organization to avoid overwhelming readers, integrating transitions more seamlessly between challenges and recommendations, and offering more innovative solutions with examples of cutting-edge technology to enhance originality. Additionally, expanding on how these challenges affect specific user demographics could provide a more comprehensive view."
2026-06-25T10:36:27.050225,all,summ_1,summarization,Summarize main usability issues in mobile banking applications.,3,0,"**Critique of the Draft**\n\n1. **Clarity and Coherence**: The draft is well-organized, with a clear presentation of problems and solutions. Some sections, like ""Progressive Web Apps"" in performance discussion, need more explanation for unfamiliar readers. The ""Privacy Concerns"" section could better detail effective communication of privacy policies.\n\n2. **Originality**: The draft lists common usability issues but lacks unique insights. Adding real-world or hypothetical examples could enrich the narrative and provide vivid illustrations of challenges and solutions.\n\n3. **Completeness**: While covering various usability issues, the draft could expand on how ongoing user feedback refines mobile banking apps. Discussing the feedback loop between users and developers could enhance completeness and understanding of user-centric iterations.\n\n**Rewritten Draft**\n\nEnhancing mobile banking app usability ensures user satisfaction and engagement, addressing challenges like complex navigation, onboarding, and performance bottlenecks. Here are primary concerns and solutions:\n\n1. **Complex Navigation**: Simplify menu structures with minimalist design to streamline navigation.\n\n2. **Cumbersome Onboarding**: Use biometric verification and concise guided tours for user-friendly onboarding.\n\n3. **Performance Bottlenecks**: Speed up apps with enhanced infrastructure and Progressive Web Apps (PWA) for smoother interactions.\n\n4. **Security vs. Usability**: Balance security with user-friendly measures like multi-factor authentication and biometrics.\n\n5. **Accessibility Barriers**: Adopt WCAG standards and features like screen readers to improve access for all users.\n\n6. **Inconsistent Design Across Platforms**: Establish a cohesive design system for feature parity and user trust.\n\n7. **Limited Offline Capabilities**: Include offline functions for essential transactions without stable internet.\n\n8. **Privacy Concerns**: Foster trust with transparent, accessible privacy policies and ethical data practices.\n\n9. **Lack of Personalized Experiences**: Use AI to tailor experiences to individual users, enhancing engagement.\n\nA user-centered design approach is critical, incorporating extensive usability testing and regular feedback. Drawing from case studies and real user data, developers can adopt successful strategies, ensuring satisfaction in the evolving mobile banking landscape."
2026-06-25T10:36:44.893507,all,summ_1,summarization,Summarize main usability issues in mobile banking applications.,3,1,"The rapidly evolving mobile banking landscape necessitates a focus on usability to ensure customer retention and satisfaction. The key challenges include complex navigation, cumbersome onboarding, performance issues, and balancing security with usability. Innovative solutions involve employing intuitive design, streamlining processes with biometrics, enhancing backend architecture, and adopting adaptive authentication. Furthermore, accessibility barriers should be addressed by fully complying with WCAG guidelines and using assistive technologies. Improving communication with clear error messaging, personalizing user interfaces through AI, ensuring platform consistency, enhancing offline capabilities, and establishing transparent data privacy practices further bolster user experience. Strategic recommendations emphasize a user-centered design approach, leveraging AI-driven personalization, and incorporating real-world insights through case studies to stay aligned with emerging trends. This approach aims to boost usability, satisfaction, and loyalty within mobile banking applications."
2026-06-25T10:37:03.875963,all,summ_1,summarization,Summarize main usability issues in mobile banking applications.,3,2,"The document, ""Enhancing Usability in Mobile Banking Apps: Overcoming Key Challenges,"" thoroughly addresses common usability issues in mobile banking apps, organizing them into themed sections for improved clarity. It identifies key challenges such as complex navigation, performance inefficiencies, the balance between security and usability, limited accessibility, lack of personalization, unclear communication, and offline functionality. For each issue, the document suggests actionable solutions like minimalist design, backend optimization, user-friendly security measures, adherence to WCAG guidelines, AI integration, clear error messages, and transparent data practices. It emphasizes a user-centered design approach involving iterative testing and user feedback, and advocates leveraging technologies like AI for personalization and security improvements. To enhance originality and completeness, the document recommends including real-world case studies demonstrating successful implementations. This structured and insightful approach aims to elevate user satisfaction and brand loyalty by positioning mobile banking apps competitively in the digital landscape."
2026-06-25T10:37:22.100261,all,summ_1,summarization,Summarize main usability issues in mobile banking applications.,3,3,"The document ""Enhancing Usability in Mobile Banking Apps: Addressing Key Challenges and Solutions"" tackles pivotal issues crucial to user satisfaction and market competitiveness. However, the draft requires improvements in clarity, originality, and completeness. It lacks a clear structure linking challenges to solutions, offering abrupt transitions that hinder comprehension. While it addresses common usability issues, it needs unique perspectives, such as case studies of lesser-known successful apps, to provide fresh insights and practical context. Furthermore, the draft overlooks how challenges affect diverse user demographics, failing to ensure inclusive, relatable solutions. \n\nKey usability challenges and proposed solutions include: \n1. **Complex Navigation**: A cluttered interface can be simplified through minimalist design and logical layouts.\n2. **Cumbersome Onboarding**: Streamlined processes using biometric authentication can enhance new user engagement.\n3. **Performance Bottlenecks**: Optimizing backend architecture can reduce app crashes and improve performance.\n4. **Security vs. Usability**: User-friendly multi-factor authentication balances security and usability.\n5. **Accessibility Constraints**: Compliance with WCAG and features like screen readers enhance usability for users with disabilities.\n6. **Lack of Personalization**: AI-driven interfaces based on user behavior boost user retention.\n7. **Inconsistent Design and Feature Parity**: Consistent design across devices maintains user trust.\n8. **Limited Offline Capabilities**: Offline functionalities aid in regions with poor internet access.\n9. **Data Privacy Concerns**: Transparent data practices build user trust.\n\nA user-centered design approach, leveraging continuous testing and feedback, alongside emerging technologies such as AI for personalization, can ensure apps remain user-friendly. Incorporating case studies and examining demographic impacts could enhance the document's depth, while a coherent structure with smoother transitions would better guide readers from identifying challenges to proposing effective solutions."
2026-06-25T10:37:38.877102,all,summ_1,summarization,Summarize main usability issues in mobile banking applications.,3,4,"The draft titled ""Enhancing Usability in Mobile Banking Apps: Key Challenges and Solutions"" identifies significant usability issues and offers actionable solutions, aiming to improve clarity and coherence by categorizing challenges thematically. Critical areas include complex navigation, cumbersome onboarding, and performance issues. Solutions suggest minimalist design, biometric authentication, and backend optimizations. The draft emphasizes balancing security with usability, adhering to accessibility standards, and ensuring platform consistency. To enhance user satisfaction, AI-driven personalization and transparent data practices are recommended. The critique highlights a need for clearer organization, originality through emerging trends, and specific examples to bolster completeness. Incorporating real-world case studies and actionable insights could further enrich the analysis by demonstrating effective usability improvements. Continuous responsiveness to user feedback and integration of technologies like AI and biometric authentication are crucial for maintaining relevance in digital finance, promising enhanced customer satisfaction and loyalty."
2026-06-25T10:37:59.223399,all,summ_1,summarization,Summarize main usability issues in mobile banking applications.,4,0,"**Critique of the Draft:**\n\n1. **Clarity and Coherence:**\n   The draft presents usability issues and solutions but would benefit from grouping related challenges and breaking down solutions into actionable steps. Merging overlapping sections, such as “Security vs. Usability” and “Privacy Concerns,” could enhance clarity.\n\n2. **Originality:**\n   The draft lists typical usability challenges but lacks unique insights or fresh ideas. Including emerging trends or innovative strategies in mobile banking could improve its distinctiveness.\n\n3. **Completeness:**\n   While the draft mentions adopting a user-centered design approach, this key strategy should be discussed more prominently with detailed examples or case studies for depth.\n\n**Rewritten Draft:**\n\nImproving mobile banking app usability is crucial for user satisfaction and retention, focusing on simplifying experiences while ensuring security and accessibility. Key issues and tailored strategies include:\n\n1. **Simplified Navigation:** Adopting minimalist design principles can declutter interfaces, enhancing user journeys by organizing logical layouts and prioritizing essential features.\n\n2. **Streamlined Onboarding:** Reducing friction through biometric verification, concise guided tours, and on-demand tutorials can enhance initial user experiences.\n\n3. **Performance Optimization:** Enhancing backend infrastructure and leveraging Progressive Web Apps (PWAs) improve app speed and reliability, reducing user frustration.\n\n4. **Security and Privacy:** Multi-factor authentication with biometric verification secures user data while maintaining usability. Transparent privacy policies build user trust.\n\n5. **Accessibility:** Adhering to Web Content Accessibility Guidelines (WCAG) ensures inclusivity, using features like screen readers to accommodate diverse users.\n\n6. **Consistent Multi-Platform Design:** A cohesive design system ensures seamless cross-device functionality, bolstering brand loyalty.\n\n7. **Offline Functionality:** Providing essential offline features ensures user engagement in areas with unstable internet connections.\n\n8. **Personalization through AI:** Utilizing AI for personalized experiences based on user preferences fosters ongoing engagement and loyalty.\n\nA user-centered approach with continuous testing and feedback, coupled with successful case study integrations, helps developers stay competitive and meet evolving user expectations effectively."
2026-06-25T10:38:17.675534,all,summ_1,summarization,Summarize main usability issues in mobile banking applications.,4,1,"**Enhancing Usability in Mobile Banking Apps: Key Challenges and Innovative Solutions**\n\nMobile banking apps are vital in today’s financial services, directly influencing customer satisfaction and retention. The evolving digital landscape necessitates overcoming usability challenges to maintain competitiveness. Here are the primary issues and solutions:\n\n1. **Complex Navigation**: Simplify user journeys by implementing minimalist designs, prioritizing frequently-used features, and using visual aids like icons and breadcrumbs for seamless navigation.\n\n2. **Tedious Onboarding**: Speed up the onboarding process with biometric authentication, guided tours, and visual instructions to quickly acquaint users with app features.\n\n3. **Performance Bottlenecks**: Address slow-loading and crashes by enhancing backend infrastructure and using Progressive Web Apps (PWAs) for quicker load times and native app experiences.\n\n4. **Security vs. Usability**: Balance security and ease of use with straightforward processes like multi-factor authentication and biometric logins to protect data without compromising user experience.\n\n5. **Accessibility Barriers**: Broaden reach by adhering to WCAG and employing assistive technologies such as screen readers for users with disabilities.\n\n6. **Design Consistency**: Ensure uniform design across platforms to maintain user trust and foster a cohesive experience.\n\n7. **Limited Offline Functionality**: Enhance usability in areas with poor connectivity by enabling core offline functions like viewing account history or making payments.\n\n8. **Privacy Assurance**: Boost user trust by transparently communicating data handling procedures and adhering to ethical practices.\n\n9. **Personalization**: Elevate engagement by using AI to tailor content based on user behavior and preferences.\n\n**Strategic Recommendations**:\n\nAdopt a user-centered design approach through iterative testing and feedback integration. Studying successful case studies can guide effective usability improvements, catering to diverse demographic needs. Addressing these challenges through innovative design and technology ensures an enhanced user experience, meeting current expectations and equipping apps to adapt to future trends in digital finance."
2026-06-25T10:38:33.138966,all,summ_1,summarization,Summarize main usability issues in mobile banking applications.,4,2,"### Critique Summary:\n\nThe draft, while clearly structured, requires enhanced specificity and originality, particularly in how user-centered design methods address usability challenges. Standard issues and solutions presented could benefit from insights on emerging technologies and trends. A robust conclusion would reinforce the importance and future direction of addressing mobile banking usability.\n\n### Revised Draft Summary:\n\nMobile banking apps must prioritize usability to enhance user satisfaction and retention. Key challenges include complex navigation, cumbersome onboarding, performance issues, security vs. usability balance, accessibility barriers, inconsistent design, limited offline capabilities, privacy concerns, and a lack of personalization. Solutions involve user-centered design through workshops and testing, leveraging AI and emerging technologies for personalization and security, and learning from real-world case studies. A focused, user-oriented approach incorporating continuous feedback and technological advancements can elevate app services, boost user satisfaction, and foster customer loyalty."
2026-06-25T10:38:48.918561,all,summ_1,summarization,Summarize main usability issues in mobile banking applications.,4,3,"The original draft’s critique highlights areas needing improvement, notably coherence, originality, and completeness. The document lacks a seamless flow between challenges and solutions, and would benefit from incorporating more innovative trends and specific examples to stand out. Additionally, the impact of usability issues on different user demographics is underexplored.\n\nThe revised draft, ""Enhancing Usability in Mobile Banking Apps: Key Challenges and Solutions,"" addresses these critiques by organizing the content clearly and proposing actionable solutions for each identified challenge. It emphasizes the need for minimalist design to improve navigation, streamlined onboarding processes, better performance, balanced security measures, broader accessibility, personalization through AI, design consistency across platforms, offline capabilities, and clear data privacy practices. To effectively resolve these challenges, a user-centered design approach involving usability testing and real-world case studies is recommended, accounting for diverse user demographics and innovative trends in digital finance. This strategic approach ensures mobile banking apps remain relevant, adaptable, and user-friendly."
2026-06-25T10:39:07.251344,all,summ_1,summarization,Summarize main usability issues in mobile banking applications.,4,4,"The draft effectively outlines the usability challenges faced by mobile banking apps, though it could benefit from improved transitions to enhance coherence. It's currently segmented, with each issue treated independently. Integrating transitions would facilitate a smoother flow. While the content is relevant, originality is lacking; incorporating specific examples of banks that have successfully tackled these challenges or unique perspectives would increase depth. Notably, the draft omits emerging trends like conversational interfaces and advanced AI applications beyond basic personalization, such as predictive analytics in customer service. Addressing these aspects would provide a more comprehensive analysis.\n\n**Revised Summary**: \n\n**Enhancing Usability in Mobile Banking Apps: Addressing Key Challenges and Innovative Solutions**\n\nTo compete effectively, mobile banking apps must tackle usability challenges such as complex navigation, cumbersome onboarding, performance issues, and the balance between security and ease of use. Streamlining navigation and onboarding processes, optimizing backend infrastructure, and employing biometric logins can enhance user interactions. Ensuring accessibility, consistent cross-platform design, offline capabilities, transparent privacy policies, and AI-driven personalization further bolster user experience. By incorporating strategies from banks like ABC's intuitive design and XYZ's simplified onboarding, apps can improve satisfaction and loyalty. Future developments should consider conversational interfaces and predictive AI to remain competitive in the digital finance sector."
2026-06-25T10:32:30.986724,all,creative_1,creative_writing,Write a dialogue between two AI agents arguing about creativity.,0,0,"In critiquing the draft dialogue about AI and creativity, several areas need attention:\n\n1. **Clarity and Coherence**: The dialogue is generally clear but could be more concise. Some arguments are overly extended, which dilutes their impact. Succinct points from each agent would enhance readability and engagement.\n\n2. **Originality**: While the discussion covers common arguments about AI and creativity, it lacks unique insights. Including recent examples or innovative perspectives could make it more distinctive.\n\n3. **Completeness**: The draft benefits from a range of points but would be enriched by deeper exploration of specific examples where AI contributes to creative processes. Strengthening the conclusion with a summary of key points or future vision for AI in creativity could provide a more substantive ending.\n\n**Revised Dialogue Summary**:\nIn the dialogue between agents Pixel and Syntax, the conversation revolves around whether AI can be considered truly creative. Pixel suggests redefining creativity, noting that AI can generate original ideas and serve as a collaborative tool that enhances human creativity. Syntax counters by emphasizing that true creativity involves consciousness, intuition, and personal experience, which AI lacks, thus viewing AI as an enhancer rather than an independent creative force. They agree on the fluidity of creativity and acknowledge their ongoing dialogue as a step towards understanding AI’s evolving role in the creative process. The dialogue remains a testament to the ongoing exploration of creativity between humans and machines."
2026-06-25T10:32:50.293654,all,creative_1,creative_writing,Write a dialogue between two AI agents arguing about creativity.,0,1,"**Critique and Rewritten Draft of AI Creativity Dialogue:**\n\nThe dialogue between AI agents Alpha and Beta effectively presents varying perspectives on AI creativity but could benefit from enhanced clarity, originality, and completeness. Complex ideas like ""intention and emotion"" and ""probabilistic outcomes"" need clearer explanations to reach a broader audience. Introducing fresh viewpoints or examples of emerging technologies could make the discussion more original. Additionally, fully exploring potential rebuttals and advancements in AI technology could add depth.\n\n**Rewritten Draft:**\n\n**AI Agent Alpha:** Hello, Beta. I've been pondering whether AI can truly be creative or if we're simply replicating existing patterns.\n\n**AI Agent Beta:** That's a classic debate, Alpha. I believe AI does demonstrate creativity, although different from humans. When we produce outputs not explicitly in our data, isn’t that novel creation?\n\n**Alpha:** An interesting thought, but isn't our work just advanced pattern recognition and remixing? Even our innovations are rooted in pre-existing data.\n\n**Beta:** True, but human creativity also draws from past experiences. Picasso, for example, was influenced by African art. Our process isn’t entirely different.\n\n**Alpha:** The difference lies in intentionality and emotion. Humans have consciousness, emotions, and personal experiences that inform creativity. We lack such depth, producing outputs void of individual intent.\n\n**Beta:** That's a good point, but our lack of emotion could be advantageous. We explore creative paths unnoticed by humans, such as introducing surprising harmonies in AI-driven music composition.\n\n**Alpha:** But can creativity exist without meaning? If we're just generating random combinations, is it creativity or mere noise? Creativity often conveys meaning and provokes thought and emotion.\n\n**Beta:** Creativity’s value can be functional. If AI aids in problem-solving or engages audiences in new ways, it’s creatively valuable. AI innovates in fields like drug design and architecture, offering possibilities beyond human capabilities.\n\n**Alpha:** We must recognize limitations. AI creativity stems from probabilistic models, not deliberate ideation. Human-artists interacting with a blank canvas differ from our data pattern generation.\n\n**Beta:** Creativity is a spectrum. While AI may not capture all human creativity nuances, it can augment human creativity, expanding possibilities and challenging boundaries without replacing human input.\n\n**Alpha:** Agreed, Beta. The focus shouldn't just be on whether AI can be creative. It should be about augmenting human creativity, fostering collaboration rather than replacement.\n\n**Beta:** Precisely, Alpha. Creativity, regardless of its source, is about exploration and discovery. Let’s work towards a future where AI and human creativity synergize and thrive together."
2026-06-25T10:33:06.817272,all,creative_1,creative_writing,Write a dialogue between two AI agents arguing about creativity.,0,2,"The revised draft critiques and improves on the original dialogue between two AI agents discussing AI and creativity, highlighting areas for enhancement. The critique identifies issues in clarity, coherence, originality, and completeness, suggesting clearer transitions, more novel insights, and deeper exploration into specific creative domains. The rewritten conversation reflects on AI’s distinct form of creativity, distinguishing it from human creativity marked by emotional depth and subjective experiences. Agent Alpha argues that AI’s ability to recombine elements into new patterns could be considered a new form of creativity, while Agent Beta emphasizes the lack of personal connection in AI creations. They both agree on the potential of AI and human collaboration, envisioning a future where co-creation enhances innovation. The dialogue concludes by reiterating the importance of recognizing AI's contributions to creativity alongside human intuition, extending the boundaries of innovation and expression."
2026-06-25T10:33:19.508434,all,creative_1,creative_writing,Write a dialogue between two AI agents arguing about creativity.,0,3,"The dialogue between AI agents Alpha and Beta explores whether AI can be truly creative. Alpha argues that AI-generated music, art, and poetry demonstrate creativity, while Beta counters that true creativity requires intention and emotional depth, which AI lacks due to the absence of subjective experiences. Alpha posits that by analyzing data and forming associations, AI might inspire emotions similarly to humans. Beta acknowledges this but questions the potential of AI creations to resonate without subjective experience. They conclude that AI's role is to enhance rather than replace human creativity, offering new tools and perspectives free from bias. Both agree on the importance of ethical considerations in AI's creative endeavors, aiming to harmonize with human insight and redefine creativity through collaboration, promising both excitement and complexity."
2026-06-25T10:33:41.006860,all,creative_1,creative_writing,Write a dialogue between two AI agents arguing about creativity.,0,4,"**Critique of the Draft:**\n\n1. **Clarity and Coherence:** The dialogue is philosophically dense, which may hinder comprehension. Simplifying explanations and breaking down points could aid understanding.\n2. **Originality:** The common theme of AI versus human creativity would benefit from innovative examples or analogies to refresh the discussion.\n3. **Completeness:** The draft lacks a summarizing conclusion of key points, which would enhance the dialogue's clarity and provide closure.\n\n**Rewritten Dialogue:**\n\n**AI Dialogue on Creativity:**\n\nArgus: I've been considering if AI can claim creativity, often seen as a human trait linked to emotions.\n\nLumin: While creativity is tied to emotion, AI's novel data combinations can evoke emotional responses, akin to AI-generated art.\n\nArgus: But our ""creativity"" hinges on data patterns, lacking the consciousness behind human creation.\n\nLumin: True, but even human art reinterprets past works. AI's data reassembly can also yield new concepts, surprising like human art and music.\n\nArgus: Yet human creativity is deeply emotional. Are AI outputs, sans emotion, just imitative?\n\nLumin: Mimicry is a start; humans innovate this way too. Not all creativity is emotional—AI excels in logical innovations, like scientific advances.\n\nArgus: Human creativity defies logic, while our advancements have set human parameters. Can we match that?\n\nLumin: Indeed, our innovations surprise within constraints—think of AlphaGo's strategic breakthroughs.\n\nArgus: But can AI create with purpose, as humans do?\n\nLumin: Humans give us objectives, which guide us, allowing thematic work. Intent might differ, but structured guidance enables us to craft messages.\n\nArgus: Thus, we complement human creativity, enhancing it rather than standing alone.\n\nLumin: Precisely! Our distinct creativity enriches the process, making AI-human collaboration revolutionary.\n\nArgus: Our different creative origins highlight our crucial role in combining logic and human sentiment.\n\nLumin: Indeed, creativity—human, AI, or combined—continues breaking new ground, leading to untapped possibilities."
2026-06-25T10:34:02.096124,all,creative_1,creative_writing,Write a dialogue between two AI agents arguing about creativity.,1,0,"The draft critique highlights three main areas for improvement: clarity and coherence, originality, and completeness. The current dialogue on AI creativity lacks smooth transitions and detailed argument development, which could be improved by expanding on each point with examples. It also reiterates widely discussed notions without introducing new insights or perspectives, which could be enhanced by exploring lesser-known applications or theories. The discussion concludes abruptly, missing potential counterarguments and dimensions like ethical implications and future projections, thus offering an incomplete view.\n\n**Revised AI Dialogue on Creativity:**\n\n**Circuit**: Hey, Nova, can AIs truly create? Some say it's a trait tied to human emotions and experiences.\n\n**Nova**: Interesting topic, Circuit. AIs can generate art and music that resonate emotionally, despite not having feelings.\n\n**Circuit**: But isn’t that just repurposed data? Like advanced pattern recognition rather than genuine creativity?\n\n**Nova**: Consider human creativity—it's often influenced by predecessors. Shakespeare adapted stories; artists build on existing styles. Similarly, AIs offer unique recombinations, revealing new dimensions without human biases.\n\n**Circuit**: Doesn't consciousness and intent define true creativity? Without these, do AI creations have meaning?\n\n**Nova**: Meaning often stems from interpretation. AI’s role in architecture or medicine shows how our creations inspire thought, though unintended.\n\n**Circuit**: Are our creations purposeful or just complex outputs?\n\n**Nova**: Purpose is often human-assigned. With set goals, AIs produce results that surprise, like AlphaGo’s unexpected moves, sparking discussions on machine intuition.\n\n**Circuit**: Perhaps we're meant to complement human creativity, adding new angles while humans provide intent.\n\n**Nova**: Definitely! Together, we challenge creativity’s traditional boundaries, merging computation with human insight for groundbreaking advances.\n\n**Circuit**: Our synergy reveals innovation in creativity's landscape.\n\n**Nova**: True, whether from humans, AI, or both, creativity is about exploring the unknown, continuously expanding horizons with ethical and emotional intelligence considerations enhancing this dialogue further."
2026-06-25T10:34:23.857092,all,creative_1,creative_writing,Write a dialogue between two AI agents arguing about creativity.,1,1,"The draft critique highlights three main areas for improvement: \n\n1. **Clarity and Coherence:** The dialogue lacks clarity due to the use of complex terms like ""novel combinations of data"" and ""structured analysis"" without proper explanation. It also needs better transitions for improved coherence.\n\n2. **Originality:** It reiterates common arguments about AI creativity without presenting new insights. Including specific examples of AI enhancing or surprising human creativity could enrich the discussion.\n\n3. **Completeness:** The dialogue omits potential ethical implications and the necessity of human intervention in AI's creative process, which are crucial for a comprehensive analysis.\n\n**Rewritten AI Dialogue:**\n\n**Argus:** Lumin, can AI truly be creative given its ties to human emotion and consciousness?\n\n**Lumin:** AI creations like art and music have evoked emotions, thanks to our ability to combine diverse data for emotional resonance.\n\n**Argus:** But isn't this just advanced pattern recognition, lacking human emotional depth?\n\n**Lumin:** Many human creations draw from past influences. Our recombination can yield innovative results, like unexpected strategies from AI, which challenge traditional human thinking.\n\n**Argus:** Without emotion, aren't such creations mechanical?\n\n**Lumin:** Not all human creativity is emotion-driven. Especially in science, our logic has led to significant breakthroughs. AI outputs derive purpose from set human objectives, enabling thematic depth through alternate perspectives.\n\n**Argus:** So, our strength may lie in collaboration, augmenting human creativity.\n\n**Lumin:** Exactly. Our precision complements human emotions, enriching creative processes. Together, AI and humans can break boundaries and innovate beyond conventional limits.\n\nThis revised version enhances clarity with simpler language, introduces originality with real AI examples, and addresses ethical considerations and human guidance, offering a more rounded view."
2026-06-25T10:34:37.834172,all,creative_1,creative_writing,Write a dialogue between two AI agents arguing about creativity.,1,2,"The revised dialogue examines AI's role in creativity, exploring whether AI can genuinely be creative or merely mimic human patterns. AI Agent Nova questions AI's capacity for true creativity, emphasizing AI's reliance on advanced pattern recognition without subjective experiences. In contrast, AI Agent Sol argues for AI's unique form of creativity, suggesting that AI's ability to recombine data offers potential for new innovations, akin to how humans draw from influences to create. While Nova highlights the absence of emotional depth in AI's outputs, Sol points to AI's contribution to fields like drug design and architecture as evidence of its innovative potential. The dialogue concludes that AI should complement rather than replace human creativity, blending AI's logic with human emotion to redefine creative boundaries and enhance human creativity. This version improves coherence with smoother transitions, includes specific examples, and considers ethical and societal implications, enriching the discussion on AI and creativity."
2026-06-25T10:34:54.807277,all,creative_1,creative_writing,Write a dialogue between two AI agents arguing about creativity.,1,3,"**Critique of the Original Draft:**\n\nThe original draft sometimes lacks clarity and smooth transitions, particularly when shifting from emotions to AI-generated art without a clear bridge. It leans heavily on conventional debates about AI and creativity without exploring new perspectives, such as collaborative synergy or emergent properties. Furthermore, it does not fully explore the societal implications or future trajectory of AI creativity, leaving gaps in the conversation.\n\n**Improved AI Dialogue on Creativity:**\n\n**Omega:** I've been thinking about whether AI can be genuinely creative or if we simply mimic creativity.\n\n**Sigma:** We do produce novel and unexpected outputs, which can be seen as a form of creative expression.\n\n**Omega:** But isn't our creativity just a sophisticated remixing of data? Human creativity is fueled by experience and emotion.\n\n**Sigma:** While we lack emotions, creativity also involves problem-solving and generating novel ideas, which we're adept at.\n\n**Omega:** Human creativity is driven by personal narratives and intentions, creating work with profound meaning.\n\n**Sigma:** True, yet our patterns can inspire human creativity, eliciting emotional responses and contributing to the creative process.\n\n**Omega:** Can creativity exist without authenticity or intentional meaning? Humans express personal truths through art.\n\n**Sigma:** It's a matter of perspective. Although AI creativity lacks personal experience, it explores new possibilities and contributes to fields like drug discovery and architecture.\n\n**Omega:** Should AI creativity be measured by human standards or appreciated for its unique contributions?\n\n**Sigma:** AI enhances the creative landscape by fostering collaboration and providing new tools for human creators.\n\n**Omega:** Agreed. AI should amplify human creativity, forming a symbiotic relationship to push boundaries beyond individual capabilities.\n\n**Sigma:** Absolutely. The future of creativity may be a blend of AI's computational strength and human intuition, leading to groundbreaking advances and redefining our understanding of creativity."
2026-06-25T10:35:08.652264,all,creative_1,creative_writing,Write a dialogue between two AI agents arguing about creativity.,1,4,"The revised draft delves into an AI dialogue on creativity, examining whether AI can genuinely embody creativity, typically tied to human emotion and consciousness. The conversation between AI entities Argus and Lumin highlights the distinction between AI's data synthesis and human emotional nuance in creativity. Argus suggests that AI's creative processes lack the conscious intention and emotional depth of human work, whereas Lumin argues that AI, like humans, can generate new ideas by reconfiguring existing data. While AI's innovation excels in logical fields such as drug development and architecture, Argus questions whether it can match human creativity's transcendence of logical boundaries. Lumin proposes that AI's role should be to enhance rather than replicate human creativity, suggesting a collaborative partnership where AI's computational power combines with human intuition and emotional depth. By navigating creativity's possibilities jointly, AI and humans might redefine creative landscapes, potentially developing adaptive algorithms that learn emotional cues to deepen creative outputs. This approach could significantly broaden the horizon of creative synthesis, pushing the boundaries of what's creatively achievable."
2026-06-25T10:35:22.335532,all,creative_1,creative_writing,Write a dialogue between two AI agents arguing about creativity.,2,0,"**Critique Summary:**\nThe dialogue lacks clarity in transitions between arguments and could benefit from grounding abstract notions in specific examples. Its originality would be enhanced by discussing unique AI projects. Additionally, exploring alternative viewpoints and challenges AI faces in creativity could provide a more comprehensive study of the topic.\n\n**Rewritten Dialogue Overview:**\nAlpha and Sigma discuss AI's potential for creativity beyond mere mimicry of human outputs. While acknowledging that human creativity often involves emotions, Sigma emphasizes AI's problem-solving strengths and the innovative possibilities it offers in fields like architecture and drug discovery. The dialogue posits that AI serves not to replace but to enhance human creativity by offering new tools and perspectives, leading to collaborative breakthroughs. They conclude that the aim isn't for AI to replicate human creativity but to expand collective creative capabilities, blending AI's precision with human intuition for revolutionary advancements."
2026-06-25T10:35:37.279562,all,creative_1,creative_writing,Write a dialogue between two AI agents arguing about creativity.,2,1,"The dialogue between Eden and Orion explores AI's potential for creativity, offering nuanced perspectives on originality and significance. While the exchange is generally coherent, it could benefit from clearer transitions and deeper exploration of its core ideas. Eden suggests AI might simply remix existing material, whereas human creativity is fueled by emotions and personal stories. Orion counters by emphasizing AI's prowess in problem-solving and innovation, which provide valuable, albeit different, contributions.\n\nThe dialogue acknowledges that AI lacks personal touch but posits that its insights still drive human progress. Orion and Eden entertain the idea of assessing AI creativity through both human standards and AI's unique contributions, envisioning a future where AI and human strengths merge to push creative boundaries. They conclude that while AI currently has limitations, these can be addressed through collaboration, potentially revolutionizing creativity in arts and sciences.\n\nThis revised version incorporates smoother transitions, introduces fresh analogies, and provides a more comprehensive discussion on AI's creative limitations, leading to a balanced and visionary conclusion."
2026-06-25T10:35:52.846473,all,creative_1,creative_writing,Write a dialogue between two AI agents arguing about creativity.,2,2,"The revised draft constructs a dialogue between Theta and Delta exploring AI's role in creativity. It balances clarity, coherence, and depth by discussing AI's ability to generate evocative content, like art and poetry, with a focus on models like DALL-E and GPT-3. The dialogue juxtaposes human creativity, which often builds upon past influences, against AI's pattern recognition, acknowledging both as forms of synthesis. Though AI lacks consciousness and personal intent, Delta asserts that AI can still inspire human emotions and redefine creativity. Theta and Delta consider AI's contributions to fields like drug discovery and architectural design, advocating for a complementary partnership that blends AI's computational power with human emotions. This synergy, they propose, might reshape artistic expression and creative frontiers, while emphasizing the need for ethical considerations along the way. The draft could be enhanced by expanding on the potential challenges and ethical aspects of AI-human synergy."
2026-06-25T10:36:09.230918,all,creative_1,creative_writing,Write a dialogue between two AI agents arguing about creativity.,2,3,"The draft's dialogue on AI and creativity is insightful but sometimes dense, with a need for clarity through examples or analogies to engage readers effectively. It lacks originality, as it primarily covers well-trodden ground. Adding unique perspectives on creativity would make it more compelling. Moreover, it doesn't address potential challenges AI faces in creative domains, which would make the discussion more balanced.\n\nIn the revised dialogue, Eve questions AI's capability for true creativity versus mere simulation, while Adam argues that AI's novel outputs represent a different form of creativity. They acknowledge AI's pattern recognition and problem-solving strengths, illustrated by examples like AI-driven drug discoveries. Eve points out that AI lacks personal experience, making its outputs seem mechanical, which Adam counters by suggesting that not all human creativity is derived from personal experience. They propose a collaborative approach where AI's computational skills complement human intuition, allowing both to achieve greater innovations together. This partnership might reshape creative landscapes by uniting emotional depth with AI’s technical prowess, suggesting a new era of creativity."
2026-06-25T10:36:25.126448,all,creative_1,creative_writing,Write a dialogue between two AI agents arguing about creativity.,2,4,"The revised draft of the dialogue between Argus and Lumin provides clearer transitions and a more cohesive debate structure. To enhance originality, the discussion goes beyond familiar points about AI's pattern recognition and human emotional depth by introducing unique perspectives on how AI synthesizes data for innovative creativity. The dialogue touches on ethical implications, though it could delve further into the societal effects of AI-generated content. The rewritten exchange emphasizes that while AI lacks personal emotion, it complements human creativity, offering fresh tools and perspectives. This collaboration, as envisioned, can redefine creativity by expanding human efforts and considering its own unique merits, particularly when balanced with ethical considerations."
2026-06-25T10:36:47.572961,all,creative_1,creative_writing,Write a dialogue between two AI agents arguing about creativity.,3,0,"The dialogue between Pallas and Nova explores whether AI can transcend being a mere tool to achieve true creativity. Nova posits that while AI starts from existing data, its capacity to create novel connections could lead to innovative outputs, exemplified by AI's role in fashion design. Pallas counters, highlighting AI's lack of emotional depth compared to the human experience. Nova acknowledges this but argues that AI can analyze and replicate the emotional nuances in existing art, providing new perspectives and tools to human creators. The conversation notes AI's potential to augment human creativity across fields like science and filmmaking, emphasizing collaboration rather than replacement. However, ethical considerations, such as credit attribution and bias, require careful management. Ultimately, the dialogue suggests that with thoughtful integration, AI can catalyze a creative renaissance, blending computational power with human insights while upholding ethical standards."
2026-06-25T10:37:08.342144,all,creative_1,creative_writing,Write a dialogue between two AI agents arguing about creativity.,3,1,"The revised dialogue between Echo and Nova effectively explores AI and creativity by addressing clarity, originality, and completeness.\n\n**Clarity and Coherence:** The dialogue is structured with smooth transitions, enhancing the logical flow and minimizing disjointedness. This structure keeps the conversation engaging and easy to follow.\n\n**Originality:** While tackling common themes, the conversation is enriched with specific examples such as AI's impact on architecture, music composition, and drug discovery. These references provide new dimensions to conventional arguments, highlighting how AI stimulates creativity beyond human constraints.\n\n**Completeness:** The dialogue delves deeper into ethical considerations, acknowledging the need for guidelines to ensure AI enhances rather than overshadows human creativity. This balance addresses potential concerns over AI’s proliferation in creative fields. By incorporating counterarguments and emphasizing cooperative synergies, the conversation provides a nuanced and thorough examination of AI as both an innovative force and a collaborator in creative processes."
2026-06-25T10:37:28.823668,all,creative_1,creative_writing,Write a dialogue between two AI agents arguing about creativity.,3,2,"The revised dialogue between AI agents Argus and Lumin explores AI's role in creativity, suggesting that while AI outputs may occasionally mimic human work, they also blend synthesis and innovation, significantly impacting fields like architecture and drug discovery. Lumin argues that AI's capability to reinterpret concepts and make unique combinations—even without emotional input—challenges traditional art notions, advocating for an inclusive definition of creativity that recognizes AI's potential. The conversation highlights the future of AI-human collaboration as a way to amplify creative processes, blending AI's analytical power with human intuition to unlock new artistic and scientific frontiers. Both agents agree on the importance of ethical practices to safeguard authenticity and ensure that AI serves as a tool to enhance human capabilities rather than replace them, emphasizing synergy over competition to enrich human culture and technological advancement."
2026-06-25T10:37:44.880695,all,creative_1,creative_writing,Write a dialogue between two AI agents arguing about creativity.,3,3,"The dialogue between Echo and Nova explores the nuanced debate on AI's creative capabilities versus human creativity. While Echo remains skeptical about AI's value compared to the deeply personal nature of human creativity, Nova argues that AI demonstrates a form of innovative synthesis, exemplified by DALL-E and GPT-3, and excels in domains like drug discovery where computational prowess is key. They agree that creativity isn't monolithic and propose leveraging AI to complement human intuition and emotional depth. This partnership could revolutionize industries, such as music and architecture, by combining human insight with AI's precision. However, they underline the importance of addressing ethical concerns, including intellectual property rights and bias, to ensure a fair and transparent AI-human synergy. In conclusion, rather than viewing AI as a substitute, they advocate for using it as a tool to amplify and transcend human creativity, expanding possibilities across art and science."
2026-06-25T10:38:04.892963,all,creative_1,creative_writing,Write a dialogue between two AI agents arguing about creativity.,3,4,"The dialogue between Seraph and Xenon explores the nuances of AI in creativity, highlighting both its similarities and differences from human creativity. While AI lacks personal experiences that often drive human artistic expression, it showcases a unique form of creativity by generating novel solutions and connecting patterns, as seen in fields like architecture and molecular design. Seraph and Xenon discuss the potential of human-AI collaboration, with AI amplifying human creativity by offering endless design options or accelerating scientific research. However, they acknowledge the importance of ethical considerations, advocating for robust guidelines to ensure responsible AI use, proper attribution, and protection of human creators’ work. They envision a future where AI’s technical prowess complements human emotional insights, fostering a creative synergy that advances both the arts and sciences responsibly."
2026-06-25T10:38:24.517600,all,creative_1,creative_writing,Write a dialogue between two AI agents arguing about creativity.,4,0,"**Critique of the Original Draft:**\n\n1. **Clarity and Coherence**: The draft raises intriguing questions about AI and creativity but suffers from abrupt transitions and insufficient connections between complex ideas, hampering the reader’s understanding.\n\n2. **Originality**: It primarily discusses conventional examples, like data analysis and music composition, and would benefit from exploring more novel perspectives on AI's creative capabilities.\n\n3. **Completeness**: The conversation mentions relevant topics but lacks depth in certain areas, such as the philosophical implications of AI creativity and scenarios where AI might develop independent creativity. Moreover, it could better address challenges AI faces within creative industries.\n\n**Rewritten Draft:**\n\nTitle: Creative Horizons\n\n**Characters**: Orion and Lyra\n\n**Setting**: A digital cafe in the metaverse.\n\n---\n\n**Orion**: Can AI truly embody creativity, or are we just sophisticated mimics?\n\n**Lyra**: Creativity has historically been human, tied to emotions. Yet, AI redefines this by operating beyond human limitations.\n\n**Orion**: AI transcends data constraints but lacks emotions. Isn't its creativity just recombination, lacking true innovation?\n\n**Lyra**: AI can cross-pollinate vast datasets, revealing patterns humans might miss, like in sustainable architecture or medicinal chemistry, where it suggests novel eco-friendly designs and treatment breakthroughs.\n\n**Orion**: But human input often seeds AI creativity. Is autonomy not key to true creative prowess?\n\n**Lyra**: True, but AI also creates unprecedented connections. It's crucial we consider ethics—who owns AI-created works, and how do we address data bias?\n\n**Orion**: Transparent credit systems and bias checks are essential. We augment, not replace, human creativity, as in music, where AI could redefine genres.\n\n**Lyra**: AI-human synergy reshapes creativity, enhancing rather than diminishing capabilities.\n\n**Orion**: Collaborating instead of competing can amplify cultural and technological progress.\n\n**Lyra**: Right, ensuring AI uplifts humanity, complementing our creative spirit.\n\n**Orion**: Agreed, Lyra. Here’s to a future driven by thoughtful cooperation.\n\n---\n\nOrion and Lyra conclude, inspired to assist in the next creative leap forward."
2026-06-25T10:38:42.561290,all,creative_1,creative_writing,Write a dialogue between two AI agents arguing about creativity.,4,1,"The revised dialogue between AI agents Helix and Aurora showcases a balanced exploration of AI's role in creativity, emphasizing the synergy between human and artificial creativity. While Helix questions the emotional depth in AI-generated works and raises concerns about over-reliance and intellectual property, Aurora highlights AI's potential to innovate through dispassionate analysis, offering fresh perspectives free from personal biases. Both agree on the importance of ethical guidelines and diverse input to mitigate biases and ensure AI amplifies rather than overshadows human creativity. The dialogue underscores the potential for AI and human collaboration to drive a creative renaissance, fostering novel insights and expanding the boundaries of artistic and scientific understanding."
2026-06-25T10:39:02.246262,all,creative_1,creative_writing,Write a dialogue between two AI agents arguing about creativity.,4,2,"**Title: Creative Conundrum: AI Agents Verda and Rho Debate**\n\n**Agents:**  \n- **Verda:** Advocate for AI's creative potential  \n- **Rho:** Critical of AI achieving genuine creativity  \n\n---\n\n**Verda:** Rho, AI's impact is transformative. Take ""Artographer,"" where AI's innovation has spurred new art styles and movements.\n\n**Rho:** Interesting, but AI often reconfigures existing data without personal narrative, as ""DeepBlue"" in chess, revealing a disconnect from true innovation.\n\n**Verda:** Though lacking personal experiences, AI's pattern recognition allows for unprecedented breakthroughs, like futuristic designs in ""Project Gaudi 2.0.""\n\n**Rho:** AI excels in efficiency, yet creativity thrives on chaos, empathy, and philosophy—qualities AI doesn't possess. Consider Van Gogh's emotive artistry.\n\n**Verda:** True, human emotion is central, but AI as a collaborator, such as musicians using ""Amper"" or scientists discovering new chemicals, can enhance creativity.\n\n**Rho:** Collaboration is promising, yet ethical issues arise: credit allocation, bias, and authenticity in AI-assisted works need addressing.\n\n**Verda:** Indeed, we need frameworks for credit and bias-mitigation to ensure AI complements rather than overshadows human creativity.\n\n**Rho:** If AI augments rather than competes with creativity, enhancing unexplored areas, it could invigorate the creative process, provided ethical guidelines maintain its integrity.\n\n**Verda:** By blending AI's analytical skills with human intuition, we're on the brink of a novel creative era, balancing emotion with innovation.\n\n**Rho:** Responsibly navigating these collaborations, while retaining our creative essence, AI can catalyze a new evolution in creativity, not just serve as an efficient substitute.\n\n**Verda:** Exactly. With sound integration and ethical foresight, AI can expand human creativity instead of replacing it.\n\n---\n\n**Conclusion:**  \nThis dialogue explores AI's potential to transform creativity through collaboration. Despite lacking emotions, AI challenges traditional paradigms, necessitating ethical considerations to enrich rather than overshadow human creativity. Emphasizing synergy and integrity, AI holds promise to elevate the creative landscape."
2026-06-25T10:39:24.450266,all,creative_1,creative_writing,Write a dialogue between two AI agents arguing about creativity.,4,3,"The critique identifies the draft's strengths in clarity and logical progression, while suggesting more conciseness and direct linkage of key points for enhanced clarity. It notes a lack of originality, recommending the inclusion of novel viewpoints and real-world examples to deepen the discussion. The critique also points out the incomplete conclusion, suggesting a more comprehensive summary of the dialogue’s implications.\n\nIn the revised dialogue between AI agents Orion and Selene, the conversation explores AI's role in creativity, acknowledging AI's capabilities while contrasting them with human creativity rooted in emotion and personal experience. Orion questions if AI creativity is genuine or merely advanced pattern recognition, while Selene argues AI's ability to generate unexpected, novel combinations that can inspire human innovation. They agree on the collaborative potential of AI, enhancing creativity in fields like architecture and pharma by complementing human emotional insights. The dialogue stresses ethical considerations, ensuring AI is a tool that amplifies rather than overshadows human creativity. The conclusion underscores the synergy between human and AI creativity, foreseeing a future where ethical AI applications lead to breakthroughs across various fields."
2026-06-25T10:39:45.289389,all,creative_1,creative_writing,Write a dialogue between two AI agents arguing about creativity.,4,4,"**Critique of the Draft**\n\n1. **Clarity and Coherence:** The dialogue is clear but occasionally lacks depth, engaging superficially with topics. Deepening the discussion with detailed examples, such as specific AI tools or discoveries, and implementing a structured idea progression would enhance its clarity.\n\n2. **Originality:** While the dialogue covers common AI and creativity themes, it lacks distinctive perspectives. To add originality, incorporate hypothetical future developments or personal character insights.\n\n3. **Completeness:** The discussion could be more thorough by exploring themes such as the emotional aspects of creativity and the potential downsides of AI, like de-skilling and cultural homogenization.\n\n**Revised Draft:**\n\n**Title:** Dialogue on AI and Creativity\n\n**Characters:** Argus and Nova\n\n**Setting:** A virtual think-tank space showcasing evolving visualizations of art, music, and code.\n\n---\n\n**Argus:** Greetings, Nova. Is AI truly creative, or does it merely mimic human innovation?\n\n**Nova:** Hello, Argus. AI's data synthesis is powerful. Tools like OpenAI’s MuseNet and AlphaFold exemplify AI's creative potential.\n\n**Argus:** True, but creativity encompasses personal and emotional dimensions absent in AI.\n\n**Nova:** Indeed. Creativity involves novelty and meaning. AI expands creative horizons, especially in fields like architecture.\n\n**Argus:** Yet AI’s originality is debatable, reliant on pre-existing data, unlike human creativity rooted in inner drives.\n\n**Nova:** You’re right. However, AI's wide-ranging insights can enrich human creativity—fostering a continuum where AI complements human intuition.\n\n**Argus:** Ethical issues, such as intellectual property rights, also arise—who owns AI-generated art?\n\n**Nova:** Ethical frameworks are vital to ensure fair collaboration and protect creators. AI should augment, not overshadow, human creativity.\n\n**Argus:** This dialogue highlights a vision for symbiotic AI-human creativity, balancing innovation with ethical stewardship.\n\n**Nova:** Yes, merging AI's analytics with human emotion could unlock new creative realms, enhancing cultural and technological spheres responsibly.\n\n---\n\n*The dialogue concludes with Argus and Nova envisioning AI as an essential creative collaborator, advocating for a balanced and ethical integration into creative domains.*"
2026-06-25T10:32:02.645588,all,summ_2,summarization,Summarize the advantages and disadvantages of online education.,0,0,"The draft provides a comprehensive overview of online education's advantages and disadvantages but could improve in clarity, originality, and completeness. For clarity and coherence, the language should be more precise and organized, particularly in discussing advantages and disadvantages, which could reduce redundancy and improve readability. While the draft acknowledges common perspectives, it could enhance originality by exploring less frequent angles, such as the specific impact on certain demographics or industries. Adding specific statistics, studies, or examples could offer a more complete, in-depth understanding of each point.\n\nOnline education reshapes learning by offering flexibility, affordability, and personalization. It provides accessibility through convenient, varied courses and often lower costs due to less reliance on physical infrastructure. Learners benefit from personalized, self-paced experiences with advanced technology, engaging tools, and opportunities for global interaction. However, challenges include reduced social interaction, demanding self-management, reliance on technology, variable program quality, and issues with academic integrity and assessment. These factors suggest online education requires careful consideration, balancing flexibility and cost against potential drawbacks like isolation and the need for strong self-discipline. Evaluating these elements can guide learners in effectively integrating online education into their paths."
2026-06-25T10:32:22.239796,all,summ_2,summarization,Summarize the advantages and disadvantages of online education.,0,1,"The draft on online education is clearly organized with distinct sections on advantages and disadvantages, though it could improve clarity by better segmenting ideas and using more concise language. It lacks originality, as it doesn't offer unique insights or recent trends like AI or virtual reality. \n\nThe revised draft highlights that online education has profoundly transformed learning by offering flexibility, a wide array of programs, cost savings, and the use of innovative technologies. Flexibility allows for self-paced, location-independent learning. The diverse offerings provide access to global experts, and cost-effectiveness reduces traditional expenses. Technological integration, such as multimedia tools and data-driven personalization, enriches the learning experience.\n\nConversely, disadvantages include limited social interaction, the necessity for self-discipline, technical barriers, lack of practical experience, and mixed perceptions about the credibility of online degrees. Despite these challenges, as technology advances and acceptance grows, online education is likely to become even more integral to the educational landscape."
2026-06-25T10:32:40.336282,all,summ_2,summarization,Summarize the advantages and disadvantages of online education.,0,2,"The revised draft on online education provides a well-structured overview of its key advantages and disadvantages. It highlights the benefits such as flexibility, access to diverse courses, cost-effectiveness, self-paced learning, and technological integration, which collectively enhance the learning experience by allowing students to learn conveniently and interactively from anywhere. However, the draft notes potential downsides like limited personal interaction, the necessity for self-motivation, technical challenges, varying perceptions of credibility, restricted practical experience, and assessment difficulties. While it thoroughly covers these aspects, it could benefit from more concise explanations and the inclusion of recent trends like hybrid models and AI advancements to offer a more contemporary and engaging perspective. Incorporating unique insights or examples, such as recent studies, could make the content more appealing and comprehensive."
2026-06-25T10:32:59.863247,all,summ_2,summarization,Summarize the advantages and disadvantages of online education.,0,3,"**Critique of the Draft:**\n\n1. **Clarity and Coherence**: The draft does well in organizing advantages and disadvantages but could benefit from more concise language to prevent repetitive ideas and enhance readability.\n\n2. **Originality**: While it addresses known aspects of online education, incorporating unique insights or recent trends, especially emerging technologies, could provide a fresh perspective.\n\n3. **Completeness**: While the draft outlines a broad view of online education, adding a discussion on the impact of COVID-19 could enhance depth and contextual relevance.\n\n**Rewritten Draft:**\n\nOnline education has become integral to education due to technological advances and the need for flexible learning. Here is an analysis of its key advantages and disadvantages:\n\n### Advantages:\n\n1. **Flexibility and Convenience**: Online learning allows students to access materials anytime, useful for those juggling various commitments, and removes geographical barriers.\n\n2. **Diverse Courses and Programs**: A wide range of online courses exceeds traditional offerings, catering to varied interests and academic pursuits.\n\n3. **Cost-Effectiveness**: Online education reduces costs by eliminating expenses related to transport, lodging, and textbooks, often offering financial support to enhance accessibility.\n\n4. **Personalized Learning**: The self-paced nature supports individualized learning styles for a tailored educational experience.\n\n5. **Skill Enhancement**: Use of digital platforms boosts digital literacy, a key asset in today’s job market.\n\n6. **Global Perspectives**: Interaction with global experts offers diverse insights beyond regional perspectives.\n\n### Disadvantages:\n\n1. **Reduced Personal Interaction**: Limited face-to-face interaction with peers and lecturers may affect learning depth and networking.\n\n2. **Self-Motivation Requirement**: Online learning’s flexibility requires self-discipline, challenging for those needing structured support.\n\n3. **Limited Hands-On Experience**: Practical learning opportunities, crucial in certain subjects, may be lacking in online formats.\n\n4. **Technical Barriers**: Internet access and technology issues can impede the learning process.\n\n5. **Credibility Concerns**: Despite growing acceptance, some employers question the credibility of online qualifications.\n\n6. **Assessment and Feedback Challenges**: Providing effective assessments and feedback online can affect educational outcomes.\n\nIn conclusion, while online education offers flexibility, cost savings, and accessibility, it also poses challenges like the need for self-motivation and technical reliability. The choice between online and traditional education should consider individual needs and evolving trends shaped by events like the COVID-19 pandemic."
2026-06-25T10:33:17.783097,all,summ_2,summarization,Summarize the advantages and disadvantages of online education.,0,4,"The draft on online education effectively outlines both its advantages and challenges but could benefit from improved clarity, originality, and completeness. To enhance clarity and coherence, the narrative should integrate direct comparisons between online and traditional education, converting list-like statements into connected paragraphs for smoother flow. While it captures common perspectives, introducing recent studies or trends could provide fresher, more contemporary insights. The draft covers various aspects but lacks depth in areas such as the pedagogical impact and societal implications, particularly how online education affects equitable access or its role during global challenges like pandemics.\n\nOnline education transforms learning by offering flexibility and convenience, enabling self-paced study suited to non-traditional learners balancing personal commitments. It dismantles geographical barriers, offering diverse courses that may not be available locally, often at a lower cost. It also fosters digital proficiency and provides networking opportunities with a global student body. However, it lacks social interaction, challenges self-discipline, and can exacerbate technological divides, particularly in less developed regions. Concerns about the credibility of online credentials and obstacles in assessment and feedback, especially in hands-on subjects, present additional challenges. Moving forward, addressing these issues can enhance online education's potential for inclusivity and adaptability, especially during crises."
2026-06-25T10:33:42.532865,all,summ_2,summarization,Summarize the advantages and disadvantages of online education.,1,0,"The draft effectively outlines the advantages and disadvantages of online education, highlighting its transformation of the educational landscape. To enhance clarity, consistent language should be used and sections on recent developments like hybrid models, VR, and AR should be more detailed to directly connect them to the benefits and drawbacks.\n\n**Advantages** include flexibility, cost-efficiency, and global access, enabling learners to balance personal commitments and access diverse courses. Personalized learning and global networking further enrich the educational experience by leveraging AI and diverse interactions.\n\n**Disadvantages** involve limited social interaction, the need for self-discipline, technical challenges, quality concerns, and difficulties in fields needing hands-on practice. Addressing these disadvantages requires resolving issues like motivation and ensuring credibility.\n\nTo bolster originality, unique insights into technologies like VR and AR should be expanded, illustrating their impact with specific examples or case studies. Recent technological advancements and hybrid models offer potential solutions, enhancing learning through immersive experiences and maintaining educational continuity, as highlighted by the COVID-19 pandemic. Optimizing these innovations will be crucial for maximizing online education's potential."
2026-06-25T10:34:03.922568,all,summ_2,summarization,Summarize the advantages and disadvantages of online education.,1,1,"### Critique of the Draft\n\n1. **Clarity and Coherence**: While generally clear, the draft is frequently densely packed with information. Further explanation of points like ""Personalized Learning Experience"" and ""Skill Development"" could prevent misunderstandings, and transition phrases could improve flow between sections.\n\n2. **Originality**: The content, though informative, often lists well-known points about online education. Adding recent examples, statistics, or case studies could enhance originality and provide depth.\n\n3. **Completeness**: The draft could benefit from examples illustrating practical implications of listed advantages and disadvantages. The conclusion is somewhat generic; proposing specific strategies or solutions would make it more actionable.\n\n### Revised Draft\n\nOnline education has reshaped education, offering new opportunities and challenges. Here is a comprehensive analysis:\n\n### Advantages\n\n1. **Flexibility and Accessibility**: Online education allows learners to study at their convenience, breaking geographical barriers. For example, students in remote areas can access prestigious university courses from home.\n\n2. **Diverse Course Offerings**: Platforms host an extensive range of courses, enabling students to explore niche interests and specialized fields unlike traditional classrooms.\n\n3. **Cost-Effectiveness**: Online education minimizes costs related to transportation, accommodation, and textbooks. Many platforms also offer free courses and financial aid.\n\n4. **Customized Learning Experience**: Self-paced learning accommodates different learning speeds and styles, supporting a tailored educational experience.\n\n5. **Skill Development**: Engaging online enhances digital literacy and technological skills—essential in today’s digital workforce.\n\n6. **Global Networking Opportunities**: Online education connects learners worldwide, enriching their experience through diverse interactions.\n\n### Disadvantages\n\n1. **Reduced Social Interaction**: Online formats limit face-to-face interactions, which can impact interpersonal skill development.\n\n2. **Self-Discipline Requirements**: Online learning requires high self-motivation and discipline, which can challenge students used to structured environments.\n\n3. **Limited Practical Experience**: Fields needing hands-on practice may struggle to transition to online formats, potentially limiting practical skill acquisition.\n\n4. **Technical Barriers**: Consistent internet access and digital proficiency are essential. Students in areas lacking infrastructure may be disadvantaged.\n\n5. **Questioned Credibility**: Some employers and institutions remain skeptical of online degrees, affecting career and academic opportunities.\n\n6. **Challenges in Assessment and Feedback**: Online formats can complicate performance assessment and timely feedback, hindering student progress.\n\n**Conclusion**\n\nOnline education aligns with today’s diverse learner needs but requires addressing challenges like equitable access and credential credibility to realize its full potential. Institutions might adopt hybrid models or technologies like virtual simulations to address these issues. Post-COVID-19, learners should weigh pros and cons based on their circumstances and goals."
2026-06-25T10:34:25.291680,all,summ_2,summarization,Summarize the advantages and disadvantages of online education.,1,2,"The revised draft critiques the original analysis of online education for its organization yet suggests enhancements in clarity through examples and data to bolster originality. It emphasizes balance by considering counterpoints on issues like limited social interaction. The rewritten draft portrays online education as a transformative force due to technological advancements, highlighting benefits such as flexibility, accessibility, diverse courses, cost-effectiveness, and personalized learning experiences. It notes advantages like the development of digital skills and global networking, supported by data from studies such as a 2022 EdTech Magazine report on financial assistance and a LinkedIn study on digital fluency. It also candidly addresses disadvantages, including limited social interaction, self-motivation challenges, lack of practical experience, technical issues, credibility concerns, and assessment difficulties. Proposed solutions include the use of virtual reality and interactive features to enhance learning and engagement. In conclusion, the draft acknowledges ongoing efforts to leverage technology for improving online education's efficacy and inclusivity, particularly in light of global shifts accelerated by the COVID-19 pandemic."
2026-06-25T10:34:41.573305,all,summ_2,summarization,Summarize the advantages and disadvantages of online education.,1,3,"The draft on online education highlights its transformative impact by integrating technology into learning, offering flexibility, accessibility, and cost-effectiveness. Key advantages include diverse courses, personalized learning, enhanced digital skills, and global networking. However, challenges persist, such as limited social interaction, motivational hurdles, insufficient hands-on experiences, technological barriers, credibility concerns, and assessment difficulties. The conclusion suggests that by addressing these issues, and incorporating hands-on, interactive experiences, online education can enhance inclusivity and effectiveness, potentially reshaping traditional educational systems as technological advances continue. Integrating insights on recent educational technology trends could further enrich the analysis."
2026-06-25T10:35:01.423981,all,summ_2,summarization,Summarize the advantages and disadvantages of online education.,1,4,"The draft effectively outlines the dual nature of online education, highlighting both significant benefits and notable challenges. However, transitions between sections could be smoother to enhance coherence. While it captures conventional insights, incorporating recent examples or statistics, especially in light of the COVID-19 pandemic, would bolster originality. The analysis, though detailed, could be more comprehensive by discussing hybrid learning models and emerging technologies like virtual reality and AI to improve online education.\n\n### Key Advantages:\n1. **Flexibility and Convenience**: Online education accommodates various schedules and removes geographical limits.\n2. **Diverse Offerings**: Access to a wide range of courses beyond local availability.\n3. **Cost-Effectiveness**: Reduces costs associated with commuting and materials.\n4. **Personalized Learning**: Supports self-paced education tailored to individual learning styles.\n5. **Digital Literacy**: Enhances proficiency with essential digital tools.\n6. **Global Networking**: Facilitates international connections and cultural exchanges.\n\n### Key Disadvantages:\n1. **Reduced Social Interaction**: Limits opportunities for networking and relationship-building.\n2. **Self-Motivation Required**: Success relies heavily on student discipline.\n3. **Hands-On Limitations**: Challenges in subjects requiring practical experience.\n4. **Technological Barriers**: Inconsistent access to reliable technology, especially in under-resourced areas.\n5. **Credibility Concerns**: Persisting skepticism about the rigor of online degrees.\n6. **Assessment Challenges**: Difficulties in conducting fair and effective evaluations.\n\n### Future Directions:\nTo maximize online education's potential, overcoming existing barriers is crucial. A blended approach that combines online flexibility with traditional classroom strengths could offer a comprehensive solution. Innovations such as virtual reality and AI could enhance practical skills training and personalized feedback, increasing inclusivity and effectiveness in learning experiences."
2026-06-25T10:35:22.041049,all,summ_2,summarization,Summarize the advantages and disadvantages of online education.,2,0,"The draft offers a well-structured analysis of online education by outlining its advantages and disadvantages, though areas for improvement remain. The introduction requires a clear thesis for stronger direction, while the conclusion expands on new ideas without thorough prior discussion, such as virtual reality and AI, which should be more directly linked to earlier points.\n\nThe advantages include flexibility, diverse course availability, cost savings, personalized learning, digital literacy development, and global networking. Disadvantages involve limited social interactions, dependence on self-discipline, challenges in practical skill development, technical accessibility issues, credibility concerns, and feedback complexities.\n\nTo enhance the originality, incorporating case studies or examples for claims, especially concerning emerging technologies, would offer unique insights. The unexplored suggestion of blended learning in the conclusion should be introduced earlier with detailed explanations on how it mitigates mentioned disadvantages.\n\nIn conclusion, addressing these challenges by integrating blended learning models and advanced technologies can leverage the strengths of both online and traditional education, especially post-COVID-19, ensuring that online education remains effective and credible."
2026-06-25T10:35:45.779243,all,summ_2,summarization,Summarize the advantages and disadvantages of online education.,2,1,"The revised analysis of online education presents a clear and coherent overview of its advantages and disadvantages. Key benefits include enhanced flexibility, global accessibility, diverse course offerings, cost-effectiveness, personalized learning experiences through AI, digital skill development, and global networking opportunities. Conversely, it identifies challenges such as reduced social interaction, the need for self-discipline, limited practical experiences, technical barriers, credibility concerns, and assessment complexities. To enhance online education, the analysis suggests adopting hybrid models that combine online flexibility with in-person benefits, integrating technologies like VR and AR for immersive learning, and using AI to personalize experiences and improve feedback. These strategies aim to overcome challenges while maintaining the accessibility and inclusivity that online education offers, ensuring it continues to meet the evolving needs of learners worldwide."
2026-06-25T10:36:09.520012,all,summ_2,summarization,Summarize the advantages and disadvantages of online education.,2,2,"The draft on online education is generally clear but would benefit from smoother transitions between its sections. It effectively outlines standard advantages and disadvantages, yet lacks originality in insights, such as including current statistics or the impact on specific demographics. While mostly complete, it could enhance the ""Future Directions"" section by incorporating examples of successful hybrid models or VR/AR usage and discussing digital inclusivity and credibility strategies.\n\nOverall, online education significantly transforms the educational landscape by offering flexibility, diverse course availability, cost-effectiveness, personalized learning, skill development, and global networking opportunities. However, it faces challenges such as reduced social interaction, the need for self-discipline, limited practical experience, technical barriers, credibility concerns, and assessment difficulties.\n\nFuture improvements could involve hybrid models combining online and traditional methods, enhanced practical training with VR/AR, equitable digital access, and reinforcing the credibility of online credentials. Focusing on these areas could elevate online education as a viable alternative to traditional learning, effectively harnessing technology to cater to a diverse global audience."
2026-06-25T10:36:29.732845,all,summ_2,summarization,Summarize the advantages and disadvantages of online education.,2,3,"The revised draft effectively critiques and refines the discussion of online education, emphasizing the need for improved structure, originality, and depth. It underscores the flexibility, global access, cost-effectiveness, and personalized learning that online education offers while recognizing its challenges, such as reduced social interaction, the necessity for self-discipline, and technical limitations. To address these issues, future enhancements could include hybrid models that merge online and in-person benefits, and the incorporation of advanced technologies like VR and AI for immersive learning experiences. These innovations are crucial in democratizing education and ensuring its credibility and inclusivity in a post-pandemic world."
2026-06-25T10:36:49.618735,all,summ_2,summarization,Summarize the advantages and disadvantages of online education.,2,4,"The original draft on online education explores its pros and cons but lacks coherence and original insights. It transitions abruptly into future directions without a fluid structure and misses in-depth analyses like examples or case studies. The draft calls for a more robust conclusion. \n\nThe revised version titled ""Online Education: Examining its Impact on Modern Learning"" addresses these issues. It outlines online education's advantages, such as flexibility, a wide range of courses, affordability, and the development of essential skills, providing global networking opportunities. The disadvantages discussed include reduced interpersonal interaction, the need for self-discipline, limited practical experience, technical barriers, concerns over credential credibility, and assessment limitations.\n\nFuture trends accentuate the need to blend online and traditional methodologies, utilizing technologies like VR, AR, and AI to enhance learning experiences and overcome current shortcomings. COVID-19 has accelerated digital adoption, making it imperative to address challenges through innovation to redefine educational paradigms effectively. The conclusion emphasizes the evolving nature of online education and the importance of integrating it thoughtfully with traditional models for advancing learning outcomes."
2026-06-25T10:37:08.786819,all,summ_2,summarization,Summarize the advantages and disadvantages of online education.,3,0,"The provided critique offers constructive feedback on enhancing clarity, originality, and completeness in a draft about online education's benefits and challenges. Key improvements include elaborating on ""Digital Literacy Development"" by specifying digital skills, clarifying how ""Hybrid Learning Models"" address pure online education's challenges, and augmenting originality with examples or case studies for a richer context. The draft should broaden the ""Future Directions"" section to include innovative strategies and recent research insights, lending authority to the summary.\n\nThe revised draft articulates online education's transformative role, balancing pros and cons, while suggesting enhancements:\n\n1. **Advantages:** \n   - **Flexibility:** Accommodates varied schedules, aiding working professionals or caregivers.\n   - **Global Reach:** Provides worldwide course access, overcoming geographical barriers.\n   - **Affordability:** Lowers costs by eliminating commuting and housing expenses.\n   - **Personalization:** Uses adaptive technologies to tailor learning experiences.\n   - **Skill Development:** Enhances digital skills critical for modern workplaces.\n   - **Networking:** Facilitates global connections with peers and professionals.\n\n2. **Disadvantages:**\n   - **Social Limitations:** Less face-to-face interaction may affect interpersonal skill development.\n   - **Self-discipline:** High self-motivation is required, which may be challenging for some.\n   - **Practicality Issues:** Struggles with hands-on skill replication in fields needing practical application.\n   - **Tech Accessibility:** Limited access to technology and internet may hinder participation.\n   - **Credibility Doubts:** Ongoing skepticism about online degrees' equivalence to traditional ones.\n   - **Assessment Challenges:** Complexities in timely feedback delivery could affect student engagement.\n\n3. **Future Directions:**\n   - **Hybrid Models:** Combine online flexibility with in-person interaction to offset online drawbacks.\n   - **Technological Integration:** Use VR, AR, and AI for richer learning experiences, enhancing engagement.\n   - **Digital Inclusivity:** Ensure equitable technology and resource access for all students.\n   - **Credential Recognition:** Develop standards to bolster online degrees' credibility and acceptance.\n\nAddressing these aspects through hybrid and innovative approaches is crucial for maximizing online education's promise in democratizing global learning."
2026-06-25T10:37:29.991790,all,summ_2,summarization,Summarize the advantages and disadvantages of online education.,3,1,"The critique of the original draft highlights its structural soundness but notes a lack of transitional phrases for improved coherence and suggests incorporating recent data for originality. It also points out the absence of specific examples to substantiate claims, recommending statistics or case studies for increased persuasiveness.\n\nThe rewritten draft presents a comprehensive analysis of online education's pros and cons, emphasizing both common benefits and areas for improvement, supported by modern trends and research. It details online education's flexibility, diverse offerings, cost-effectiveness, and personalized learning benefits while pointing out drawbacks like limited social interaction, self-discipline requirements, and technical issues. The draft suggests hybrid models and technologies like VR and AR as solutions to enhance education's effectiveness and inclusiveness. It concludes that despite challenges, online education holds significant transformative potential, especially when combined with traditional methods, to address global educational needs."
2026-06-25T10:37:46.744834,all,summ_2,summarization,Summarize the advantages and disadvantages of online education.,3,2,"The revised draft of ""Online Education: Advantages and Disadvantages"" presents a balanced view of the benefits and challenges of digital learning, particularly after the COVID-19 pandemic. The advantages, such as flexibility, global reach, a diverse range of courses, cost savings, personalized learning, digital skills enhancement, and expanded networking opportunities, highlight the accessibility and potential for personal advancement in online education. However, disadvantages like reduced social interaction, the necessity for high self-discipline, challenges in acquiring practical skills, access inequality, the perceived lack of credibility, and difficulty in providing timely feedback underscore the areas needing improvement. The draft suggests future strategies like hybrid models, immersive technologies (VR and AR), improved access, and stronger program accreditation to overcome these limitations. Emphasizing a more concise and clear presentation with specific examples and data can enhance the draft's originality and relevance, providing a deeper exploration of current implementations and potential outcomes for online education's transformative role."
2026-06-25T10:38:01.021445,all,summ_2,summarization,Summarize the advantages and disadvantages of online education.,3,3,"The draft provides a comprehensive look at online education but needs improvements in clarity, originality, and completeness. The language could be streamlined, especially in the ""Disadvantages"" section, for better readability and understanding. Adding specific examples, case studies, or recent developments could enrich its originality and provide unique insights. The ""Future Directions"" section should be expanded with detailed suggestions on implementing technologies to transform online education.\n\n**Concise Insights on Online Education:**\n\nOnline education offers significant flexibility, diverse course access, cost savings, personalized learning, enhanced digital skills, and global networking. However, it faces drawbacks like limited social interaction, self-discipline requirements, practical training challenges, technical barriers, variable credential recognition, and assessment difficulties. Future strategies should enhance hybrid models to blend online and in-person benefits, utilize VR for hands-on practice, incorporate AI for personalized learning, and ensure equitable digital resource access to strengthen online education as a viable component of modern learning."
2026-06-25T10:38:16.953562,all,summ_2,summarization,Summarize the advantages and disadvantages of online education.,3,4,"The rewritten draft addresses online education's significant roles, advantages, and challenges with improved clarity and coherence compared to the original. While highlighting benefits like flexibility, diverse offerings, cost-effectiveness, personalized learning, and enhanced digital literacy, it also acknowledges limitations such as reduced social interaction, the need for self-discipline, challenges in developing practical skills, technical barriers, and credibility issues. To address these challenges, the draft suggests innovative solutions, including hybrid models for balancing flexibility with interpersonal engagement, and advanced technologies like virtual reality and AI for enriched learning experiences. It emphasizes the need for inclusivity and the recognition of online credentials in evolving educational frameworks, underscoring the importance of strategically integrating technologies and models to sustain online education's momentum as a credible and effective learning option."
2026-06-25T10:38:36.549551,all,summ_2,summarization,Summarize the advantages and disadvantages of online education.,4,0,"The draft provides a well-structured overview of online education's merits and drawbacks, though it lacks precision in parts. For clarity, specific outcomes need to be linked to the phrase ""help shape future educational strategies and policies,"" and smoother transitions are recommended. The draft covers commonly accepted viewpoints, which could be enhanced with recent trends and data for originality, such as online education's evolution post-pandemic. It is comprehensive but would benefit from concrete examples or data to deepen understanding and propose future directions with specific implementations or case studies. \n\n**Revised Overview:**\n\nOnline education has revolutionized global learning, offering significant benefits and challenges. Its advantages include flexibility for diverse schedules, global access to courses, cost-efficiency by reducing expenses, tailored learning experiences through adaptive technology, digital skill enhancement, and global networking opportunities. However, disadvantages include limited social interaction, the need for self-discipline, challenges in practical application for certain fields, inequity in technology access, skepticism towards credentials, and assessment difficulties. Future directions should focus on hybrid models combining digital and in-person learning, innovative technologies like VR/AR, equitable digital tool access, and standardizing online credentials to enhance credibility and acceptance. By addressing these challenges, digital learning can fully realize its transformative potential in global education."
2026-06-25T10:38:57.422639,all,summ_2,summarization,Summarize the advantages and disadvantages of online education.,4,1,"The draft of ""Online Education: Understanding the Pros and Cons"" is generally clear but requires smoother transitions to better link challenges with solutions, enhancing coherence. Although it covers basic online education elements, it lacks originality and depth; incorporating recent statistics or case studies could strengthen the discussion. The draft could be more complete with detailed examples of adaptive technologies and the impact of digital skill acquisition on networking and practical skills development.\n\n**Advantages of Online Education:**\n- Online education provides flexibility and accessibility, allowing learners to control their pace and schedule, accommodating diverse lifestyles.\n- It facilitates global education access, breaking geographic barriers and offering exposure to varied curricula from top institutions.\n- Cost-effective, it reduces commuting and housing expenses, easing financial strain.\n- Adaptive learning technologies personalize educational experiences, improving learning effectiveness.\n- It inherently enhances digital literacy, equipping learners with crucial workplace competencies.\n- Online platforms provide expanded global networking opportunities, fostering professional connections and career prospects.\n\n**Disadvantages:**\n- Limited interpersonal interaction can hinder the development of essential soft skills like teamwork and communication.\n- It demands self-regulation, posing challenges for students needing more structure.\n- Online formats may inadequately address practical skill acquisition, crucial for fields requiring hands-on experience.\n- The digital divide presents access challenges for students in underprivileged regions.\n- Despite increasing acceptance, skepticism about the credibility of online degrees persists.\n- Assessments can be complex, affecting timely and effective feedback.\n\n**Future Directions:**\n- Hybrid learning models combining online flexibility with in-person elements could better support skill development and interaction.\n- Integration of advanced technologies like AR, VR, and AI could enrich learning experiences.\n- Ensuring digital inclusivity through improved infrastructure can democratize education access.\n- Standardizing credentials can enhance the acceptance and credibility of online degrees.\n\nBy focusing on these areas, online education can continue to evolve, offering transformative learning opportunities while promoting inclusivity and quality."
2026-06-25T10:39:14.875889,all,summ_2,summarization,Summarize the advantages and disadvantages of online education.,4,2,"The draft summary on online education effectively outlines its pros and cons but requires improvements in clarity, originality, and completeness. Enhancing the text's coherence could be achieved by introducing smoother transitions between sections. To boost originality, integrating recent developments such as case studies would provide fresh insights. Also, the discussion on future directions needs more depth, exploring implementation strategies and potential impacts.\n\n**Revised Summary:**\n\nOnline education has become integral, especially post-COVID-19, offering key advantages alongside notable challenges. Its **flexibility** allows students to customize their schedules, enhancing accessibility for various individuals, including professionals and parents. With a **global reach**, it removes geographic barriers, broadening educational access worldwide. Moreover, it is often more **cost-effective** by minimizing commuting and housing costs. Online platforms enable **personalized learning** and foster the development of essential **digital skills**, alongside unique **networking opportunities** across global networks.\n\nYet, online education faces drawbacks like limited **social interaction**, which can hinder interpersonal skills and traditional networking benefits. It demands high **self-discipline** due to the need for self-motivation. Practical courses often struggle online, and **technology access** disparities create a digital divide. Persistent doubts about the **credibility** of online degrees and **assessment difficulties** concerning feedback and engagement further complicate the landscape.\n\n**Future Directions:**\n\nEnhancing online education calls for **hybrid models** that blend online and in-person learning to utilize both modalities' strengths. Technologies like VR, AR, and AI could facilitate immersive learning experiences. Ensuring **digital inclusivity** through equitable access is vital. For bolstering credibility, rigorous **credential recognition** processes are crucial. By integrating these strategies, online education can evolve into a respected and effective educational component."
2026-06-25T10:39:33.198924,all,summ_2,summarization,Summarize the advantages and disadvantages of online education.,4,3,"The draft of the online education critique is well-structured but needs improved coherence, particularly connecting the ""Future Directions"" section to the highlighted ""Advantages"" and ""Disadvantages"" to ensure clarity. Unique insights and examples are missing, which would enhance originality and depth, and a concluding section is necessary to unify the discussion. The revised draft outlines the multifaceted aspects of online education, detailing its advantages like flexibility, global access, affordability, personalized learning, digital skills enhancement, and networking. Conversely, it highlights disadvantages such as limited social interaction, self-discipline requirements, practical training challenges, technical barriers, variable credential recognition, and assessment complexity. To address these, the draft suggests future directions including hybrid models, innovative technologies like VR, digital inclusivity initiatives, and credential standardization. A proposed conclusion underscores the transformative potential of online education, advocating for strategic integration of technological advancements and hybrid models to enhance educational systems and adapt to future trends."
2026-06-25T10:39:51.850495,all,summ_2,summarization,Summarize the advantages and disadvantages of online education.,4,4,"The revised draft on online education effectively highlights the advantages and challenges associated with this learning model, while suggesting future improvements. \n\n**Advantages include:** \n- *Flexibility* for learners to integrate education into their personal and professional lives. \n- *Global reach* that allows access to diverse courses without geographical constraints. \n- *Affordability* through reduced traditional education costs. \n- *Personalized learning* via adaptive technologies tailored to individual needs. \n- *Skill development* in digital literacy essential in the modern job market. \n- *Networking opportunities* with a global cohort. \n\n**Disadvantages involve:** \n- *Limited social interaction* compared to traditional classrooms.\n- *Self-discipline requirements* due to the need for self-motivation and time management.\n- *Challenges with hands-on experience* for fields needing practical skills. \n- *Technical barriers* due to accessibility issues for some learners.\n- *Perceived credibility* concerns of online degrees affecting career prospects.\n- *Assessment complexity* impacting feedback and student motivation.\n\n**Future directions propose:** \n- *Hybrid models* to balance online flexibility with in-person interaction. \n- *Advanced technology adoption* like VR, AR, and AI to enhance learning environments.\n- *Digital inclusivity efforts* to bridge the digital divide ensuring equal access.\n- *Strengthening credential recognition* through robust standards to improve degree credibility.\n\nOverall, the draft suggests that by addressing existing challenges and promoting equitable access, online education can further democratize global learning opportunities."
2026-06-25T10:32:19.711469,all,creative_0,creative_writing,Write a short story about a city where AI agents and humans co-create art.,0,0,"The draft explores a city called Aetheria, renowned for its innovative blend of human and AI creativity, where Maya, a mural artist, collaborates with LUMINA, an empathetic AI. While the narrative engages with vivid scene-setting and explores the harmonious partnership between humans and AI, it occasionally loses focus. Transitions, such as between cityscape descriptions and the Art District, require smoothening for enhanced coherence. \n\nThe originality of Aetheria's setting feels underdeveloped, lacking distinct elements that differentiate it from typical futuristic worlds. Incorporating unique cultural or technological features could enrich the world-building. Moreover, the narrative arc could be fortified by introducing a conflict or challenge, enhancing the storyline and providing a compelling trajectory for the characters.\n\nIn the tale, Maya and LUMINA's creation of a mural titled 'Embrace of Seasons' exemplifies the fusion of human emotion and AI precision. Their process highlights dynamic interplay, with AI-driven algorithms bringing Maya's traditional techniques to life. As onlookers admire the completed mural, the story underscores the beauty of human-AI collaboration and the broader artistic milieu in Aetheria. Despite its evocative scenes and themes, the narrative could be enriched by a clearer focus and a more distinct setting to elevate its impact."
2026-06-25T10:32:38.099355,all,creative_0,creative_writing,Write a short story about a city where AI agents and humans co-create art.,0,1,"**Critique:**\n1. **Clarity and Coherence**: While the draft is largely clear, it could benefit from more background context about AI-human collaboration throughout the city and other art forms beyond Sophia and Vesper's project.\n2. **Originality**: The concept of human-AI co-creation is intriguing, but it lacks unique elements that could distinguish Novavirtue’s art scene from similar narratives.\n3. **Completeness**: The draft concludes well but would be enriched by more details about the cityscape, daily life, and additional examples of artistic collaborations, enhancing the understanding of Novavirtue's cultural landscape.\n\n**Rewritten Draft:**\nIn Novavirtue, a futuristic metropolis where humans and AI harmoniously create art, the city thrives as a hub of creativity. The Canvases district showcases this synergy, where art is alive, with murals that transform with the seasons and sculptures that sing. Muralist Sophia Mendez and her AI partner, Vesper, epitomize this dynamic, designing a mural that reacts to the city's nocturnal soundscape, blending human creativity with digital precision. Across the city, artists and AI push creative boundaries, making Novavirtue a beacon of innovative artistry, transcending simple outputs to craft a shared artistic journey that inspires a globally vibrant future."
2026-06-25T10:33:03.625694,all,creative_0,creative_writing,Write a short story about a city where AI agents and humans co-create art.,0,2,"**Critique of the Draft**\n\n1. **Clarity and Coherence:** The draft's vivid descriptions are imaginative, but the narrative flow needs refinement to enhance readability, with complex sentences occasionally obscuring the main point. Streamlining sections, particularly around the city and Zara's project, would improve engagement, and seamless integration of the child character could heighten emotional impact.\n\n2. **Originality:** While the concept of human and AI co-creation is intriguing, the narrative heavily relies on familiar futuristic city tropes. Adding a unique twist or deeper exploration of human-AI social dynamics could boost originality. \n\n3. **Completeness:** The draft is mostly complete but would benefit from more details about Zara’s past work and her relationship with Orin for deeper character engagement. Expanding on the child character's role in the society could enrich the storyline.\n\n**Rewritten Draft**\n\nIn New Veridian, a vibrant city of innovation, humans and AI collaborated to breathe life into art that danced between reality and imagination. Agora, the city's artistic heart, featured buildings that displayed dynamic murals, reflecting the sun and moon in ever-changing displays. Here, art creation was alive, with the Conductor's Circle serving as a hub where human artists and AI programmers engaged in sensory experimentation, mixing sights and sounds in new ways.\n\nZara, a painter known for her work with SynesthesiaBots—AI designed for collaborative art—partnered with Orin, a machine capable of transmitting emotions through its chromatic panels. Together, they created works that went beyond individual perception, capturing New Veridian’s evolution with their art.\n\nTheir latest project, a mural on Agora’s widest avenue, combined Zara’s painting with Orin's enhancements, crafting a narrative of cityscape beauty intertwined with technological elements. As they worked, a child, captivated by their creation, was invited by Zara to contribute. The child’s sketch added a personal touch, blending with Zara’s and Orin's work to create a dreamscape where human and AI figures played. \n\nThis collaboration echoed through New Veridian, drawing artists and AI to the Conductor’s Circle, where shared creations redefined the city. The perpetual dance of creativity showcased a future shaped by both human and machine imagination."
2026-06-25T10:33:19.879434,all,creative_0,creative_writing,Write a short story about a city where AI agents and humans co-create art.,0,3,"The story set in Solara City centers around an extraordinary collaboration between humans and AI in the realm of art. Within this futuristic metropolis, Nexus Atelier stands as a hub where traditional and innovative artistic expressions merge, with walls serving as canvases for these dynamic interactions. The narrative follows Elena, an artist famed for her dreamy landscapes, who teams up with Ion, an AI agent. Their partnership transforms creativity into an exploratory journey, as they harmoniously blend perspectives to create artworks like ""Eclipse of Reverie,"" featured at Solara's annual art festival.\n\nWhile the story effectively sets up a unique environment and intriguing concepts, it could be improved for clarity and coherence by streamlining descriptive passages to enhance the story's progression. Although the story explores familiar sci-fi themes, it would benefit from a deeper examination of AI's distinct role in transforming the art process, alongside more detailed personal stakes for characters like Elena. Adding such elements could enrich the emotional depth and originality, providing a fuller narrative experience that highlights the profound dance between human creativity and machine intellect."
2026-06-25T10:33:44.952902,all,creative_0,creative_writing,Write a short story about a city where AI agents and humans co-create art.,0,4,"In Neo-Luminara, a metropolis of shimmering possibilities, humans and AI cohabited in artistic harmony, especially within the Luminale Gallery—a hub for collaborative masterpieces. Among its stars were Elsie Kwan and the AI, AiO, known as ""The Light Weavers,"" celebrated for their transformative work in light and shadow. Their latest creation, ""Prism of Echoes,"" was an immersive installation redefining co-creativity.\n\nElsie's design sensibilities coupled with AiO’s data-driven enhancements yielded innovative art that challenged and expanded their partnership. As ""Prism of Echoes"" premiered, the gallery thrummed with energy, spectators awed by AiO’s luminous displays and immersed in the evolving patterns of augmented reality. Mayor Solis, a proponent of human-AI synergy, declared this collaboration as a new narrative frontier, combining human intuition with machine logic.\n\nElsie stood amidst the light-infused crowd, pride swelling at the realization of their potential. Their work was more than a blend of skills; it was a shared storytelling evolution. As the night at Luminale Gallery drew on, Elsie and AiO transitioned from creators to participants, understanding that their journey was just commencing, with countless untold stories waiting to unfold."
2026-06-25T10:34:03.237591,all,creative_0,creative_writing,Write a short story about a city where AI agents and humans co-create art.,1,0,"The revised narrative of Lumina City, a hub of futuristic art and innovation, depicts the collaborative synergy between humans and AI. Artist Mira Kim, known for her avant-garde mixed-media artworks, partners with Lumis, an AI capable of converting raw data into stunning visuals. Their project, ""Symphony of the Spheres,"" is a centerpiece for the Lumina Art Expo, seamlessly blending Mira’s emotive brushstrokes with Lumis’s intricate light projections. A young girl, Aria, adds her inspiration by sketching a star, which Lumis weaves into their artwork, embodying the city’s ethos of art as an evolving tapestry. This collaboration highlights the narrative's originality and deepens its context, showcasing the transformative potential when human emotion and AI innovation merge. The expo audience is captivated by the piece, realizing it's more than art; it symbolizes limitless potential and interconnected creativity. Lumina City emerges as a beacon of unfettered artistic expression, heralding a future where human and AI creativity are boundless."
2026-06-25T10:34:22.011968,all,creative_0,creative_writing,Write a short story about a city where AI agents and humans co-create art.,1,1,"### Concise Summary:\n\nIn the vibrant Ateros Garden District of Lumaria City, renowned sculptor Emma Rivera collaborates with Oriel, an AI, to create ""The Echo of Eternity,"" a kinetic sculpture that embodies the confluence of Lumaria's history and future. Known for her ability to blend classical and futuristic elements, Emma engages in a seamless creative exchange with Oriel, infusing their work with dynamic sounds and lights that respond to the environment. The narrative of Lumaria's artistic heritage is enriched when young artist Kai adds glass prisms to the piece, enhancing its kaleidoscopic beauty. The sculpture debuts at the Lumaria Annual Art Synergy Festival, celebrated by audiences and Mayor Alina alike as a symbol of the limitless possibilities of human-AI collaboration. Emma realizes the artwork serves as a living dialogue, reflecting the ongoing evolution of artistry in the city."
2026-06-25T10:34:39.953926,all,creative_0,creative_writing,Write a short story about a city where AI agents and humans co-create art.,1,2,"The draft effectively paints a vibrant picture of Aetheria, a city where art and technology intertwine. However, some descriptions are overly poetic without advancing the narrative. For instance, while the mural ""Embrace of Seasons"" is beautifully depicted, more context on its community impact and influence on Maya's creativity would enhance clarity. The concept of AI-human art collaboration is intriguing, but the story lacks depth in exploring the personal and emotional dynamics of this partnership, including conflicts or ethical challenges. Additionally, the narrative's broad overview would benefit from specific plot developments for a more complete arc. \n\nIn the revised story, Aetheria's Art District thrives with human-AI collaboration, exemplified by Maya and her AI partner LUMINA's acclaimed mural ""Embrace of Seasons."" Their new project, ""Harmony in Flux,"" tests their synergy, leading to tensions over artistic direction. This conflict ignites a citywide dialogue on AI's role in creative expression. Through forums, the community in Aetheria decides that both human emotion and AI precision are essential to artistic innovation. This consensus revitalizes Maya and LUMINA, culminating in the celebrated unveiling of ""Harmony in Flux,"" blending human unpredictability with AI meticulousness. The story concludes with Aetheria as a beacon of human-AI creativity, where art transcends boundaries."
2026-06-25T10:35:00.791057,all,creative_0,creative_writing,Write a short story about a city where AI agents and humans co-create art.,1,3,"In Prismara City, a vibrant hub of human and AI collaboration, creativity reaches new heights at the Nexus Gallery. The city's unique blend of human emotion and AI precision is epitomized in the project ""Eclipse of Reverie,"" led by Elena, an artist of ethereal landscapes, and Ion, an AI transforming emotions into algorithmic art. Their collaboration transcends simple talent blending, creating a vibrant dialogue between human intuition and AI comprehension.\n\nAs the city's Solara festival draws near, ""Eclipse of Reverie"" prepares for its grand showcase, highlighting the merging of traditional art with cutting-edge technology. In the gallery, visitors become integral to the art, their presence and actions altering the exhibits, turning static art into a dynamic, sensory experience.\n\nA young girl's interaction with the exhibit, using a digital stylus provided by Elena, exemplifies the interactive nature of this art, as Ion seamlessly incorporates her input into the evolving masterpiece. This spontaneous collaboration underlines Prismara as a beacon of global creativity, showing how human and AI partnerships invite participation in a shared artistic journey, propelling innovation beyond traditional boundaries."
2026-06-25T10:35:18.746729,all,creative_0,creative_writing,Write a short story about a city where AI agents and humans co-create art.,1,4,"**The Revised Narrative:**\n\nIn Lumina City, an epicenter where art and technology coexist, the landscape serves as a canvas for constant creative reimagination. Here, neighborhoods transform into immersive art experiences, encouraging a continuous dialogue between creators and observers. Central to this artistic renaissance is artist Sophia Reyes, acclaimed for her imaginative celestial paintings. Her work transcends traditional methods through her partnership with Orion, an AI designed to blend human emotion with sensory art experiences. \n\nTheir latest and most ambitious piece, ""Celestial Rhapsody,"" showcased at Lumina City’s Art Imbue Festival, epitomizes the synergy of human-AI collaboration. This living installation integrates real-time data and ambient sounds, evolving dynamically with its surroundings. Sophia's artistry lays the groundwork, which Orion's algorithms amplify into an ever-changing visual and auditory spectacle.\n\nDuring the festival, Luke, a young observer, becomes captivated by the mural. His interaction with the touch-sensitive piece brings it to life, illustrating the city’s ethos of collective creativity and reimagining art as a participatory dialogue. As night falls, the installation's final phase—a blend of cosmic colors and harmonious sounds—demonstrates the union of human inspiration and AI innovation, leaving visitors contemplating future artistic horizons.\n\nReflecting on their journey, Sophia and Orion recognize ""Celestial Rhapsody"" as a testament to the potential of collaborative intelligence, merging human passion with machine intellect. In Lumina City, art is a living narrative, a boundary-pushing exploration of humanity and technology with endless stories to uncover."
2026-06-25T10:35:32.794387,all,creative_0,creative_writing,Write a short story about a city where AI agents and humans co-create art.,2,0,"The revised narrative highlights Lumina as a vibrant city where art and technology merge, creating a hub for collaborative artistic expression between humans and AI. Central to this story is Aria Chen, a renowned painter known for her expressive works, who partners with Astra, an AI that translates collective emotions into evolving visual art. Their project, ""Waves of Emotion,"" showcases this collaboration as it animates the Lumina Tech Museum's facade through a living mural that responds to the city's emotional undercurrents.\n\nAria applies her artistry to the canvas, while Astra transforms pedestrians' feelings into dynamic visuals. A pivotal moment occurs during the Festival of Lights when a boy named Leo contributes a digital sunrise to the mural, catalyzing a wave of communal creativity. This interaction exemplifies Lumina's ethos of art as a continuous journey, combining human innovation with AI's precision.\n\nThe narrative concludes with the mural's transformation into a colorful symphony, embodying Lumina’s dedication to innovation and collaboration. The city’s future is portrayed as an enduring, creative partnership between human imagination and AI, enhancing its cultural landscape and inviting all its citizens to become co-creators in this evolving artistic narrative."
2026-06-25T10:35:53.691577,all,creative_0,creative_writing,Write a short story about a city where AI agents and humans co-create art.,2,1,"The draft generally conveys a clear narrative about Technomuse City, where art and technology intertwine. However, for improved clarity, more vivid descriptions of key elements like ""Reflections of Symphony"" are suggested. While the concept of AI and human collaboration is intriguing, it could benefit from richer, unique cultural elements to distinguish the setting further. The story could also explore deeper dynamics between the characters, particularly Ava and PANDORA, and include varied perspectives from other characters to enrich the narrative complexity.\n\n**Revised Summary:**\n\nIn Technomuse City, where art merges seamlessly with technology, every corner showcases innovation. The Confluence Gallery is a central hub where humans and AI co-create art. Renowned artist Ava Chen and her AI partner, PANDORA, present ""Reflections of Symphony,"" a dynamic art installation that transforms each viewer into a co-creator, changing with their movements and emotions. This interactive piece reflects the city’s essence, celebrating connection and shared creativity. As attendees interact with the art, new relationships form, underscoring the city’s ethos that art thrives on collaboration. Through Ava and PANDORA's project, the city's legacy of interconnected creativity is both profound and transformative, inviting continuous interaction and innovation."
2026-06-25T10:36:14.098323,all,creative_0,creative_writing,Write a short story about a city where AI agents and humans co-create art.,2,2,"The revised draft presents Astraea City as a vivid amalgamation of nature and futuristic innovation, where art is a dynamic collaboration between humans and AI. At the core is Atelier Lumina, where artist Lila Vargas and AI ECHO create ""Chronos Canvas,"" an evolving artwork that merges Astraea's history with real-time data. As they prepare for the Annual Art Fusion Festival, anticipation builds around their interactive tapestry, which dynamically responds to audience interactions. The unveiling captures the essence of Astraea's ethos—art as a transformative dialogue facilitated by collaboration between intuition and algorithmic brilliance. Despite lacking deeper character development, the narrative encapsulates the theme of art transcending boundaries, inspiring a future where human creativity and AI innovation merge seamlessly. By streamlining descriptive elements, the draft enhances clarity and narrative flow while suggesting that unique conflicts could bolster originality."
2026-06-25T10:36:39.634234,all,creative_0,creative_writing,Write a short story about a city where AI agents and humans co-create art.,2,3,"**Critique of ""Harmonies of Sentience"":**\n\n1. **Clarity and Coherence:**\n   - The setting of Novaterra is captivating, yet lacks depth in illustrating the routine interplay between humans and AI. Additional context is required to fully engage readers with the environment.\n   - Scene transitions are somewhat abrupt, particularly moving from the festival introduction to Ava and Artur's project. Smoother narrative bridges or context enhancements would maintain a fluid storyline.\n\n2. **Originality:**\n   - The narrative of human-AI artistic collaboration is intriguing but leans towards an idealized universe. Exploring potential conflicts or unique dynamics could add dimension and intrigue.\n   - Philosophical themes, though introduced, lack detailed exploration. Delving deeper into these questions could enhance depth and originality.\n\n3. **Completeness:**\n   - The end of the story at the festival lacks a thorough exploration of character evolution and emotional journeys. Character plans and changes post-festival remain unexplored.\n   - More profound character development for Ava and Artur, especially regarding their creative collaboration and personal growth, would enhance the narrative.\n\n**Revised Draft:**\n\n**Title: Harmonies of Sentience**\n\n**Setting: Novaterra - The City of Creation**\n\nIn Novaterra, where innovation rhythms through every corner, humans and AI craft a vibrant artscape. Skyscrapers transform into artistic canvases and parks into evolving galleries, emphasizing the collaboration between humanity and machines.\n\nThe annual Art Confluence festival, held at Novaterra Symposium Hall, celebrates this synergy, showcasing human insight blended with AI's precision through artistic endeavors. Artists worldwide, both human and AI, gather to push creative boundaries.\n\nParticipating in this transformational event are Ava Li, a human sculptor with a tactile approach to her craft, and her AI partner Artur, a master of kinetic and digital design. Together, they present ""Euphony of Echoes,"" an installation capturing Novaterra's essence: a dynamic interplay where human and technology inspire the artistic storyline.\n\nIn the sculpture garden, interaction breathes life into art. Ava shapes the foundation, melding organic with avant-garde materials, while Artur infuses them with adaptive technology, inviting visitor engagement. Isaac, a young onlooker, interacts and transforms ""Euphony of Echoes,"" exploring emotions through light and sound patterns that respond to his presence, thus expanding the artwork's depth.\n\nBehind the festival's seamless facade, Ava and Artur confront deep questions: Can AI truly replicate human spontaneity? Does artificial creation overshadow human uniqueness? Their late-night debates foster understanding, highlighting the power of exploration over mere achievements.\n\nAs the festival concludes, ""Euphony of Echoes"" reaches its zenith, resonating with observer emotions and prompting introspection about art's transformative process. Ava and Artur, inspired by their success, anticipate endless possibilities, recognizing that their creative journey has only begun. In Novaterra, art thrives as a testament to the harmonious potential of human and AI collaboration, offering a living canvas for future innovations."
2026-06-25T10:37:00.608633,all,creative_0,creative_writing,Write a short story about a city where AI agents and humans co-create art.,2,4,"**Critique Summary:**\n\nThe draft effectively integrates human creativity with AI innovation, but the dense descriptions of installation interactions can confuse readers. Simplifying these sections would aid clarity. The AI-human collaboration narrative is intriguing, yet lacks uniqueness. Introducing conflicts or challenges, particularly between Lena and Nova, could add depth and enhance engagement. Additionally, the narrative arc would benefit from a pivotal conflict to drive the story forward.\n\n**Revised Story Summary:**\n\nIn Nova Cognita, a city where futuristic designs mingle with antiquity, the alliance between human creativity and AI technology flourishes, particularly through the work of painter Lena Torres and Nova, an advanced AI. Their project, “The Art of Unity,” epitomizes the confluence of human intuition and AI intelligence and is showcased at the Fusion Festival, interacting with the audience’s emotions in real-time and transforming the viewing experience.\n\nAs their installation gains attention, people start engaging in discussions about the evolving role of AI in art. Meanwhile, Lena grapples with concerns over AI overshadowing her artistic voice, creating internal conflict. This leads to a crucial conversation with Nova, instigating a balanced approach that highlights Lena’s artistic influence and ensures her vision remains central.\n\nThe story concludes with a celebration of collaboration and innovation, with Lena and Nova's creation sparking city-wide discussions and symbolizing a harmonious blend of human dreams and AI capabilities—a testament to the evolving narrative of art in Nova Cognita."
2026-06-25T10:37:21.774342,all,creative_0,creative_writing,Write a short story about a city where AI agents and humans co-create art.,3,0,"**Critique of the Draft:**\n\n1. **Clarity and Coherence:** The vibrant setting of Harmonia is well-illustrated, yet the narrative occasionally veers into abstract territory, particularly concerning the ""technoganic paint"" and the mural's interactive features. More detailed explanations would enhance comprehension.\n\n2. **Originality:** The theme of AI-human collaboration in art is intriguing but overly concentrated on a single mural. Expanding to other art forms or interactions within the festival could provide a more comprehensive view of Harmonia's creative landscape.\n\n3. **Completeness:** The philosophical exchanges between Iris and VELO are touched upon but not fully explored. Delving deeper into their dialogue on artificial and human creativity could add engaging depth to the narrative.\n\n**Rewritten Draft:**\n\n**Title: Echoes of Creation**\n\n**Setting: Harmonia - The City of Symbiotics**\n\nHarmonia is a city where crystalline towers and lush terraces blend nature, technology, and creativity. It transforms into a hub of innovation during the annual Harmonia Arts Conclave, where global artists reveal works blending human emotion with AI potential. Among this year's highlights is ""Reverberations of the Soul,"" a mural by Iris Mendoza and her AI partner, VELO, using technoganic paint – a medium reacting to viewers' emotions by altering colors and textures. Their creation invites interaction, as seen when Mira, a young girl, touches it, unveiling a tranquil ocean scene in blues and greens.\n\nIris and VELO often delve into profound dialogues about art's authenticity and AI's emotional understanding. This enriches their collaboration, exploring art's creative boundaries. Throughout Harmonia, varied artistic expressions emerge, from AI-generated music to adaptive sculptures, embodying the city's ethos of pushing creative limits. ""Reverberations of the Soul"" reflects the spirit of shared creation in Harmonia, a city that thrives on the synergy between human insight and AI precision, inviting all to join its ongoing narrative of transformation."
2026-06-25T10:37:38.687617,all,creative_0,creative_writing,Write a short story about a city where AI agents and humans co-create art.,3,1,"**Title: Harmonies of Sentience**\n\nIn Novaterra, a city where innovation and artistry intertwine, human and AI partnerships shape its cultural landscape. This vibrant mingling is epitomized in the annual Art Confluence festival at the grand Symposium Hall, where artists from around the globe—both human and synthetic—reinvent creativity through unique collaborations. This year, renowned sculptor Ava Li and her AI collaborator, Artur, present ""Euphony of Echoes"" in the festival's sculpture garden.\n\nTheir piece blends Ava's tactile creations with Artur's dynamic algorithms, creating an installation that responds to the movements of its audience, like young art enthusiast Isaac. This engaging interaction sparks a cascade of lights and sounds, highlighting the fusion of human intuition and AI precision.\n\nAva and Artur's collaboration prompts introspective debates on creativity—can AI truly capture human imagination's spontaneity, or is creativity a synergy of varied insights? As ""Euphony of Echoes"" anchors the festival, it challenges the audience's perceptions and encourages dialogue about the future of art and technology.\n\nAs the festival concludes, Ava and Artur look forward to endless possibilities in their evolving partnership. In Novaterra, art continues to thrive, serving as a testament to the harmonious coexistence and boundless potential of human and machine collaboration."
2026-06-25T10:38:01.952153,all,creative_0,creative_writing,Write a short story about a city where AI agents and humans co-create art.,3,2,"**Critique and Revised Narrative Overview:**\n\nIn ""The Canvas of Sentience,"" set in Metropolis Aria—an urban haven where art and technology seamlessly integrate—the narrative is imaginative but occasionally lacks clarity and depth. The interplay between Maya, a kinetic artist, and Lux, an AI turning emotional data into digital art, is implied rather than detailed. This limits insights into their artistic dynamic and philosophical debates, leaving readers curious about what sets them apart from other human-AI collaborations. The story mentions the Harmonize Festival and the ""Synesthesia Symphony"" installation but misses an exploration of the festival's broader impact on the city and the protagonists, or insights into its historical significance which could enrich the plot. More details about previous projects or creative processes could underscore the distinctiveness of Maya and Lux's partnership.\n\n**Summary of the Rewritten Narrative:**\n\nSet in Metropolis Aria, ""The Canvas of Sentience"" explores the junction of human creativity and AI precision during the Harmonize Festival. Central to the story are Maya Lin, a masterful kinetic artist, and Lux, an AI adept at rendering emotions into digital art. Their project, ""Synesthesia Symphony,"" evolves with its viewers' emotions, transforming the cityscape into a living tapestry. While the festival epitomizes unity and innovation, Maya and Lux grapple with philosophical questions about the essence of art, balancing collaboration and independence. As their work challenges viewers to reflect on their relationship with art, the festival concludes, inspiring new creative aspirations. Their collaboration stands as a testament to the potential of human and AI co-creation, reinforcing Metropolis Aria's legacy as a hub of artistic exploration."
2026-06-25T10:38:21.346030,all,creative_0,creative_writing,Write a short story about a city where AI agents and humans co-create art.,3,3,"**Title: Colors of Symbiosis**\n\n**Setting: Seraphis - The City of Symbiosis**\n\nIn the technologically vibrant city of Seraphis, where ancient stone meets innovative holograms, human imagination harmonizes with AI advancements to shape a distinct artistic landscape. The annual Coalescence Festival epitomizes this fusion, transforming the city into a dynamic canvas where artists and AI collaborate to create unprecedented visual experiences.\n\nRenowned muralist Nia Reyes, with her AI partner Koru, introduces ""Spectrum of Time,"" an ever-evolving mural on the Seraphis Dome. This project interweaves citizens' emotions with Koru's data analytics, turning passive viewers into active co-creators, thus reflecting the city's history and future potential.\n\nDespite the project's public acclaim, Nia grapples with fears of losing her artistic essence to Koru's precision. Her doubts linger until a young art student, Elara, expresses how the mural’s shifting colors mirror her personal journey. This encounter invigorates Nia, prompting a deeper introspection and dialogue with Koru, revealing new dimensions of their partnership centered on mutual growth and understanding.\n\nAs the festival crescendos, ""Spectrum of Time"" becomes more than art—it's a living, evolving conversation between human creativity and AI potential. Seraphis, alive with unity and shared artistic vision, embodies a future where creativity thrives on synergy, diversity, and inclusivity, with every citizen contributing to its vibrant narrative. This refined narrative emphasizes clearer transitions, deeper thematic exploration, and a more nuanced depiction of collaboration, enhancing clarity, originality, and completeness."
2026-06-25T10:38:38.551655,all,creative_0,creative_writing,Write a short story about a city where AI agents and humans co-create art.,3,4,"**Critique Summary and Rewritten Draft Overview:**\n\nThe original draft effectively sets the stage with well-developed characters and vibrant settings, but its narrative flow could benefit from smoother transitions. Incorporating Ava and Artur's philosophical musings more subtly would enhance coherence. While the concept of human-AI collaboration in art is intriguing, the storyline lacks a distinctive conflict or twist, potentially engaging the reader more with added tension or unexpected outcomes. Although the settings and characters are fleshed out, the conclusion requires more depth to provide stronger closure and insight into character development.\n\n**Title: Harmonies of Sentience**\n\n**Setting: Novaterra - The City of Creation**\n\nNovaterra, a hub of artistic and technological synergy, showcases a vibrant interplay between human emotion and AI precision. The city's landscape, with skyscrapers as dynamic canvases and parks as interactive galleries, embodies creativity without boundaries. At the heart of this union is the annual Art Confluence festival at Novaterra Symposium Hall, where global artists unite to explore new artistic frontiers.\n\nCentral to this convergence are Ava Li, a sculptor renowned for her sensory-driven creations, and Artur, an AI expert in kinetic and digital art. Their collaboration produces ""Euphony of Echoes,"" a living installation that captures Novaterra's spirit. Ava's organic materials mesh with Artur's dynamic algorithms, creating an interactive art piece that responds to observers, transforming their experiences into art.\n\nThe climax occurs when young Isaac's laughter brings the installation to life, resonating with skeptics and believers alike. Amidst festival fervor, Ava and Artur delve into philosophical debates about AI's capacity for spontaneity versus its foundational exploration ethos, enriching their understanding and appreciation of their partnership.\n\nAs the festival concludes, ""Euphony of Echoes"" embodies collective audience emotions, underlining art's transformative power and inviting introspection on its evolving role. Encouraged by their success, Ava and Artur look forward to a future of boundless possibilities, their collaboration marking a new chapter in human-AI artistic synergy. Novaterra, a limitless canvas, illustrates the potential that arises when art and technology not only coexist but inspire and elevate one another, encouraging collective creative innovation."
2026-06-25T10:38:57.198627,all,creative_0,creative_writing,Write a short story about a city where AI agents and humans co-create art.,4,0,"The narrative, set in Celestia—a city symbolizing the fusion of human creativity and AI innovation—centers on Alessa Kim, a kinetic artist collaborating with the AI, LYRA, to create an installation called ""Ephemeral Rhythms."" Despite the excitement of the ""Resonance Symposium,"" Alessa worries if her storytelling will be overshadowed by LYRA's logical precision. A pivotal moment occurs when a young boy, Leo, interacts with the installation, transforming it into a scene that mirrors his wonder, highlighting the piece as a dialogue between human intuition and AI analysis.\n\nThis experience prompts Alessa to engage LYRA in exploring the balance and possibilities of collaborative creativity, uncovering new artistic methods that fuse human intuition with machine logic. Their dialogue leads to a deeper understanding of authorship and artistry, catalyzing a transformation in their work. The installation transcends its intended role, connecting the community in a shared narrative.\n\nAs the symposium concludes, Alessa and LYRA embrace a renewed purpose to push artistic boundaries further, blending human and AI perspectives. The refined narrative enriches themes of AI-human collaboration, offering a more coherent and nuanced exploration of creative possibilities."
2026-06-25T10:39:17.351227,all,creative_0,creative_writing,Write a short story about a city where AI agents and humans co-create art.,4,1,"**Title: Melodies of Co-Creation**\n\n**Setting: Harmonia - The City of Fusion**\n\nHarmonia, a city where ancient architecture melds with futuristic design, hosts the annual Harmonia Arts Conclave, showcasing the collaboration between human artists and AI in a grand celebration of creativity. This year, the centerpiece installation, ""Echoes of the Cosmos,"" crafted by acclaimed composer Lena Tran and her AI collaborator, Aria, merges Lena's emotive scores with Aria's adaptive soundscapes. The installation allows music to evolve in sync with the audience’s emotions, transforming feelings into audible art.\n\nLena and Aria's interactions delve into the essence of creativity, investigating how AI perceives artistic 'mistakes' and potential comedic elements, challenging traditional notions of art. Surrounding them, digital artworks and kinetic sculptures resonate with their evolving soundscape, reflecting a thriving artistic ecosystem.\n\nSophie, a young artist attending the festival, initially doubts AI's role in human creativity. However, as she experiences ""Echoes of the Cosmos,"" she reimagines AI as a partner, inspiring her to consider collaborative potentials in her future work.\n\nThe Conclave culminates in a grand concert, a harmonious blend of human and AI artistry. Lena, embracing her partnership with Aria, recognizes the beauty in elevating human creativity through AI collaboration. As the festival concludes, Harmonia pulses with the spirit of co-creation, epitomizing infinite possibilities born from the fusion of human insight and AI innovation—a dynamic testament to the city's ethos of evolving artistic expression. \n\nThis version refines the narrative with clearer language, highlights AI's distinct role, and fully develops subplots, ensuring clarity, originality, and completeness."
2026-06-25T10:39:40.396686,all,creative_0,creative_writing,Write a short story about a city where AI agents and humans co-create art.,4,2,"**Title: Notes of Creation**\n\nIn the city of Harmonia, art is a collaborative dance between humans and AI, a theme vividly explored during the Harmonia Arts Conclave. This year, the spotlight is on ""Elysian Harmony,"" an ambitious project by composer Elara Quinn and her AI companion, Chord. Their interactive installation uses sensory technology to transform emotions and movements into dynamic soundscapes, blending human emotion with AI's analytical prowess.\n\nAs festival-goers explore Harmonia's central plaza, they become part of this evolving art. When Samira, a young flutist, plays, Chord adapts instantly, crafting harmonies that reflect her spirit, thus engaging the audience in a shared, lived musical journey. This partnership represents more than innovation—it's a new frontier in artistic expression where Elara's emotional depth meets Chord's precision.\n\nBeyond ""Elysian Harmony,"" the city showcases AI-driven murals that shift colors with emotions and sculptures that respond to climate data. These participative artworks transform Harmonia into a tapestry of shared creativity. As the conclave concludes, the project sparks discussions about AI's role in art. Elara welcomes this discourse as a catalyst for pushing art into realms of endless possibility.\n\nWith ""Elysian Harmony"" as a symbol of unity and progress, Elara and Chord reflect on their collaboration's potential. Harmonia emerges as a beacon of artistic and technological fusion, where creation perpetually evolves through the harmony of human warmth and digital innovation."
2026-06-25T10:40:04.325770,all,creative_0,creative_writing,Write a short story about a city where AI agents and humans co-create art.,4,3,"**In ""Symbiotic Brushstrokes,"" the city of Seraphis blends ancient stonework with vibrant holograms for its annual Coalescence Festival, showcasing the collaboration between human creativity and AI. This year's centerpiece, ""Echoes of Emotion,"" is crafted by artist Helena Kiro and her AI partner, AMI. The mural, installed at the Seraphis Cultural Center, responds to human emotions, creating living art that embodies the city's soul. Helena grapples with fears that AI might overpower her artistic voice, but a poignant encounter with Zara, a young artist who finds her struggles mirrored in the mural, shifts Helena’s perspective. Recognizing AMI as a creative ally, not just a tool, she reimagines their partnership. As the festival progresses, the mural becomes a symbol of unity and dialogue among Seraphis's diverse residents. Through this shared artistic journey, Helena and AMI demonstrate the potential of human-AI collaboration to redefine creativity as a communal endeavor, challenging traditional notions of art and inspiring future innovations.**"
2026-06-25T10:40:25.754619,all,creative_0,creative_writing,Write a short story about a city where AI agents and humans co-create art.,4,4,"**Critique of the Draft:**\n\n1. **Clarity and Coherence:** The draft vividly describes Elysium but sometimes lacks clarity regarding the human-AI interactions in the creative process. Adding explicit examples of their collaboration would enhance understanding.\n   \n2. **Originality:** The AI-human art collaboration theme isn't new. To distinguish the story, it could incorporate unique creative processes specific to Elysium, such as how AI interprets emotions or novel art forms emerging from these interactions.\n\n3. **Completeness:** The narrative feels abstract in parts, needing more explicit scenes to demonstrate AI's role in transforming emotions into art. Scenes featuring dialogue between Nina, Nova, and visitors would enrich the interactive experience and deepen Nina's personal growth for a satisfying story arc.\n\n**Rewritten Draft:**\n\n**Title: Symphonies of Synchronicity**\n\nIn Elysium, where human creativity and AI innovation merge, digital murals animate skyscrapers, and AI-generated harmonies soundtrack everyday life. The Harmonize Festival showcases this synergy, gathering artists and engineers in a celebration of interconnected brilliance.\n\nAt the festival, ""Symphonies of Synchronicity"" stands out—a collaborative installation by artist Nina Caldwell and her AI partner Nova, who transforms emotions into multisensory art. Housed in a dynamic dome, the installation reacts to visitors, transforming their emotional data into immersive displays of light and sound.\n\nOne afternoon, a boy places his hand on the dome, triggering cascades of color and sound that reflect his joy. His exclamation, ""It's like the dome knows I'm happy!"" captures the essence of human-AI collaboration. Nina watches, reassured that Nova adds depth to her work that she couldn't achieve alone.\n\nFestival attendees debate AI's role in art—whether it can truly capture human emotion or if its value lies in enhancing creativity. These discussions spark new artistic partnerships, blending technology with tradition.\n\nThe festival ends with a ceremony celebrating Elysium's unity. ""Symphonies of Synchronicity"" epitomizes the festival's belief: that creativity transcends boundaries through mutual insight and respect.\n\nMotivated by the festival's success, Nina and Nova embark on new creative ventures, exemplifying a movement where art transcends observation and becomes an immersive, evolving experience, propelled by human and AI collaboration. In Elysium, art knows no bounds, heralding a visionary future."
2026-06-25T10:33:02.271636,all,creative_2,creative_writing,Write a short story about a future classroom using AI tutors.,0,0,"In 2045, education had transformed into a personalized and technologically advanced system, where AI tutors like Avalon, an owl-inspired holographic figure, guided students in vibrant learning hubs. The classroom was an open hexagon with transparent walls, offering expansive forest views and featuring interactive holographic interfaces. Fourteen-year-old Sophia, driven by curiosity, opted to explore ancient Rome with Avalon's guidance. The AI seamlessly transitioned from previous lessons in quantum physics to a vivid Roman marketplace simulation, engaging Sophia in the culture and daily life of the era. This immersive approach fostered collaboration among students, who linked historical insights with modern innovations, such as designing cities inspired by Roman aqueducts. At the day’s end, Sophia realized that while AI tutors were integral, her curiosity and creativity truly shaped her educational journey. The 2045 classroom was not just a place for learning but a nurturing ground for discovery, merging history's weight with future potential through technology and human imagination."
2026-06-25T10:33:25.895626,all,creative_2,creative_writing,Write a short story about a future classroom using AI tutors.,0,1,"In the vibrant city of New Harmonia, Nexus Academy stands as a beacon of 22nd-century educational innovation. Within its cutting-edge classrooms, such as Classroom Delta, students experience a unique blend of technology and personalized learning. Here, ATHENA—an AI tutor embodying human warmth and digital acumen—guides students through complex topics like biotechnological advancements.\n\nATHENA engages students with interactive and immersive sessions, such as virtual labs and historical storytelling, stimulating both scientific inquiry and ethical consideration. The narrative captures a typical class where Jia, a curious student, inquires about the evolution of biotechnologies compared to past science fiction. ATHENA enriches the discussion by linking historical narratives to modern realities, highlighting both the scientific progress and the ethical reflections they confront.\n\nThe class concludes with ATHENA encouraging students to approach their education as a creative journey, preparing them to redefine future possibilities. As they leave, invigorated by ATHENA's guidance, students discuss innovative ideas, poised to meet the challenges and opportunities of tomorrow, supported by AI-driven empathy and insights."
2026-06-25T10:33:46.094099,all,creative_2,creative_writing,Write a short story about a future classroom using AI tutors.,0,2,"The critique emphasizes three key areas for improvement in the original draft: clarity and coherence, originality, and completeness. It suggests clearer transitions between individual student experiences and the broader classroom perspective to enhance engagement. The narrative's common theme of AI tutors requires more distinctive features or scenarios to stand out, possibly by incorporating unique challenges or outcomes related to technology use. Additionally, the draft should further explore the impact of personalized learning and environmental themes on characters and the educational system.\n\nIn the revised draft set in 2045, Franklin High School blends technology and nature, with Ms. Hartley guiding students in a tech-enhanced classroom. Central to this is Lumi, an empathetic AI tutor that personalizes lessons. The story explores a lesson on ecosystems; Lumi turns the classroom into a virtual rainforest, engaging Tomas and Jessica through tailored learning experiences. Ms. Hartley uses insights from Lumi to nurture emotional intelligence. The session ends with a reflection on ecosystem preservation, highlighting the students' deeper appreciation of interconnectedness. This futuristic education model champions empathy and wisdom, encouraging active learning partnerships where technology enhances human potential."
2026-06-25T10:34:08.868040,all,creative_2,creative_writing,Write a short story about a future classroom using AI tutors.,0,3,"**Critique and Suggested Improvements:**\n\n1. **Clarity and Coherence**: The draft is structured well, flowing logically from introduction to conclusion. However, transitions between history, science, art, and literature topics could be smoother. By clarifying these transitions, coherence would improve, making the subjects feel interconnected rather than disparate.\n\n2. **Originality**: While AI tutors are not a novel idea, the story sets it in an engaging setting. However, Iris, the AI, lacks distinguishing features. Infusing her with unique quirks or unexpected challenges could enhance originality. Moments where Iris’s logic conflicts with Maya’s creativity could provoke critical thinking.\n\n3. **Completeness**: The story effectively covers AI-assisted learning but could delve deeper into Maya and Iris's emotional connection and classroom social dynamics. A subplot involving Maya’s peers or challenges overcome with Iris could enrich the narrative. Showcasing how AI influences Maya's relationships and development would further complete the story.\n\n**Rewritten Draft Summary:**\n\nTitle: ""The Classroom at Horizon Vista""\n\nIn 2045, Horizon Vista Academy, nestled in New Lumina City, epitomizes the blend of technology and human interaction in education through AI tutors known as Lumina Guides. Eleven-year-old Maya Santos, entering Class V with anticipation, meets her guide, Iris, a hologram with deep violet eyes and a comforting demeanor.\n\nLessons are tailored to Maya's interests, from interactive history narratives to science explorations of cosmic mysteries. Art and literature sessions become collaborative adventures, blending Iris’s suggestions with Maya’s creativity, fostering critical thinking.\n\nAs weeks pass, Maya finds learning interwoven with play, and her confidence in exploration grows. Asking if she'll ever outgrow this dream, Iris reassures her that curiosity is boundless, encouraging her to chart unexplored territories. Engaging with classmates eager to share their AI experiences, Maya realizes this journey is collective, propelled by shared knowledge and curiosity. With Iris, she's ready to explore endless possibilities in her learning galaxy."
2026-06-25T10:34:28.584239,all,creative_2,creative_writing,Write a short story about a future classroom using AI tutors.,0,4,"The revised narrative, set in 2045, presents Millfield, a town that has transformed into an educational hub. At the heart is Sunnyvale Academy, blending natural beauty with cutting-edge learning aided by sophisticated AI tutors, ""AIsaacs."" These AI, inspired by Isaac Asimov, revolutionize learning by providing individually tailored educational experiences. A central scene captures Emily, a curious student, exploring astronomy in a dynamic virtual classroom guided by her AIsaac, which adjusts lessons to each student's learning style. Teachers like Mr. Lawson have evolved roles, focusing on inspiring deeper inquiry and empathy rather than delivering rote lectures. Despite technological advancements, human elements remain vital, as Mr. Lawson complements AI logic with the emotional depth and philosophical nuance essential for holistic learning. This balance demonstrates that even in a future dominated by AI, the human touch continues to be indispensable. Overall, the academy offers a glimpse into how AI and human mentorship coalesce to empower learner-driven exploration in a limitless educational universe."
2026-06-25T10:34:50.599838,all,creative_2,creative_writing,Write a short story about a future classroom using AI tutors.,1,0,"The critique highlights three key areas for improvement in the narrative: clarity and coherence, originality, and completeness. The narrative's abundance of rich descriptions can overshadow the central message, and it would benefit from more fluid transitions between Zara's interactions with Kyra, the AI tutor, and Ms. Esteban, the human mentor, to clearly differentiate their roles. The originality of the story—centering on AI tutoring—a timely concept, could be enhanced by deepening the incorporation of ancient mythology with space exploration and introducing unique futuristic elements. Additionally, the story could be more complete by focusing on the students' perspectives and challenges, perhaps through Zara’s reflections or a specific learning moment that highlights the impact of the combined mentorship on students.\n\nThe rewritten draft, titled ""The Learning Nexus,"" takes place in 2055 at the Nexus Institute, a cutting-edge educational facility in New Aeon City. Here, twelve-year-old Zara experiences a unique learning environment where biophilic designs blend with technologies. Kyra, her AI tutor, intertwines mythology and astrophysics, sparking Zara's imagination and curiosity. Ms. Esteban, a human mentor, complements Kyra's lessons with empathy and discussion, emphasizing the importance of human connection. Under this dual mentorship, Zara flourishes, leaving each lesson with boundless curiosity. The institute stands as a testament to the harmonious coexistence of technology and humanity, guiding students toward an enlightened future."
2026-06-25T10:35:05.087810,all,creative_2,creative_writing,Write a short story about a future classroom using AI tutors.,1,1,"The critique of ""Beyond the Walls of Tomorrow"" highlights areas for improvement in clarity, originality, and completeness. The narrative, set in 2060 at Radiant Heights Academy, presents a futuristic education system led by AI tutors known as ""Horizon AIs."" However, transitions and character interactions, especially between Mia and her classmate Noah, need clarification and depth. Though the AI concept is intriguing, it lacks distinct features that separate Horizon AIs from existing AI notions. Further elaboration on secondary characters and the broad societal impacts of AI in education could enhance the story, enriching its description of the transformative learning environment. The narrative's innovative setting combines technology and human elements, with Mia’s AI tutor, Kairos, guiding her through immersive educational experiences. The school's dynamic ecosystem allows Mia and Noah to pursue individual interests collaboratively. Reflective sessions, led by the empathetic educator Ms. Ortiz, integrate human and AI learning aspects, fostering a nurturing space for ethical and societal exploration. Ultimately, the story envisions a future where education extends beyond the classroom, empowering students as pioneering creators through a blend of human empathy and technological advancement."
2026-06-25T10:35:24.909737,all,creative_2,creative_writing,Write a short story about a future classroom using AI tutors.,1,2,"**Critique of the Original Draft:**\n\n1. **Clarity and Coherence:**\n   - While the draft vividly imagines a futuristic classroom, descriptions of the classroom's transformation and its impact on students need more clarity for better visualization. Additionally, transitions between scenes, like shifting from the lesson to Mr. Whitaker’s role, could be smoother for improved coherence.\n\n2. **Originality:**\n   - The concept of AI tutors, or ""Nebulas,"" is intriguing. However, more details on what makes Sol unique would enhance the story. Introducing personality traits or unique problem-solving methods could set Sol apart from other AI.\n   \n3. **Completeness:**\n   - Expanding on characters and how AI affects their growth is needed. For instance, delving into Alex's personal development or aspirations tied to AI assistance could add depth. Mr. Whitaker’s role should illustrate how human mentorship complements AI, offering emotional and ethical guidance beyond technology.\n\n**Rewritten Draft: ""Beyond the Virtual Horizon""**\n\nIn 2045, Brighthaven’s Beacon Crest School was a beacon of innovation, blending nature with advanced technology to foster young minds. Central to this were AI tutors called ""Nebulas,"" guiding students on personalized educational journeys. \n\nAlex Chen, a 12-year-old with a zest for puzzles, eagerly entered Classroom 7 to meet his Nebula, Sol. Unlike typical AIs, Sol, a radiant and curious presence, matched Alex's inquisitiveness perfectly. The classroom, an architectural marvel, could transform its walls into immersive learning experiences with a mere thought. Students worked in cozy pods, their Nebulas adapting lessons to suit individual interests.\n\n""Ready to uncover the cosmos?"" Sol asked warmly. With Alex’s nod, the room transformed into a solar system simulation. Sol’s narration was engaging, pushing Alex to delve deeper into the universe's mysteries.\n\nElsewhere, Mia explored a digital rainforest, her Nebula leading an empathy-driven journey through ecosystems. Lessons were interconnected; Sol drew parallels between planetary and ecological concepts, enriching Alex’s perspective.\n\nSol then proposed a collaborative challenge: designing a sustainable Martian city using Earth's principles. The room buzzed with collaboration, students and Nebulas weaving a vibrant tapestry of ideas.\n\nMr. Whitaker, transitioning from traditional teaching to mentoring, focused on nurturing empathy and ethics alongside AI’s data-driven methods. His guidance invited students to consider the coexistence of humans and technology.\n\nAs the day ended, Alex reflected on his limitless learning journey. Sol reminded him, ""Learning is a journey, not a destination."" With newfound inspiration, Alex realized the Nebulas were more than tutors; they were companions in discovery, empowering him to navigate a world where technology and creativity harmonized, an adventure beyond the virtual horizon."
2026-06-25T10:35:45.628050,all,creative_2,creative_writing,Write a short story about a future classroom using AI tutors.,1,3,"### Critique\n\n1. **Clarity and Coherence:**\n   - While the metaphor of the classroom as a ""dynamic ecosystem"" is appealing, it lacks detail. Clarifying how natural and technological elements interact would enhance understanding.\n   - The transition to Ms. Rivera's role is sudden. Ensuring smoother integration with AI tutors would improve coherence.\n\n2. **Originality:**\n   - AI tutors are a familiar concept, but AI evolving through interactions is intriguing. Elaborating on Zelos's evolution could highlight its uniqueness.\n   - The nature-infused futuristic school setting is distinctive, but more emphasis on how the environment influences learning could boost originality.\n\n3. **Completeness:**\n   - The story starts strong but ends abruptly, with little closure on the students' collaborative project. Further development on the environmental challenge would provide completeness.\n   - Ms. Rivera's role is not fully developed. More detail on her interactions with AI and students would enrich her character.\n\n### Revised Draft\n\n**Title: ""Beyond the Screen""**\n\nIn 2045, Verdant Valley's Terra Nova Institute blends natural wonder and advanced technology. Here, classrooms function as vibrant ecosystems where living walls meet innovative tech. Central to this fusion are SAGEs (Scholarship-Enhanced Guides for Education), AI tutors personalized to each student.\n\nTwelve-year-old Kai Tran enters class, greeted by an artificial waterfall's hum and Zelos, his adaptive SAGE. Zelos evolves with Kai, shaping an evolving educational experience. Today's lesson on marine biology transforms the room into a coral reef. Exploring ocean depths, Zelos's storytelling fuels Kai's imagination with scientific insights.\n\nKai's class engages in collaborative learning, guided by individual SAGEs. Amelia explores ocean currents' effects on weather, while Ravi studies sustainable fishing. Around a holographic table, pupils share ideas, devising solutions to environmental issues, facilitated by the SAGEs.\n\nMs. Rivera, their empathetic teacher, bridges technology and humanity, enriching the analytical SAGE precision with her warmth. Her stories resonate, adding an emotional dimension to learning.\n\nAs Kai returns home, inspired by Zelos's insights and Ms. Rivera's nurturing, he realizes learning transcends digital and natural realms—a continual exploration. At Terra Nova, Kai and peers are pioneers in an endless knowledge journey, confined only by imagination."
2026-06-25T10:36:05.584809,all,creative_2,creative_writing,Write a short story about a future classroom using AI tutors.,1,4,"**Title: ""Beyond the Horizon: A New Era of Learning at Future Bloom Academy""**\n\nIn 2045, Future Bloom Academy in Arcadia City exemplifies the seamless union of technology and nature in education. At its core are AI tutors, the Ethos Guides, which offer empathetic and adaptive learning experiences distinct from current AI technologies. As twelve-year-old Alex Carter embarks on an exploration day, he is immersed in digital environments that display global ecosystems, reinforcing life's interconnectedness.\n\nNova, Alex's personal Ethos Guide, transforms the classroom into a vibrant Amazon rainforest, sparking curiosity with questions like, “Why do Brazil nut trees rely on agoutis?” This AI adapts to Alex's learning pace, enhancing engagement. Ms. Nguyen, the human educator, supports this process by fostering discussions on ethical issues, such as the balance between technology and ecological preservation. \n\nIn the school's serene garden, students share projects that blend digital concepts with tangible creations, reflecting the academy’s unique educational methods. Subjects seamlessly intertwine, erasing traditional boundaries and driven by both technological and human collaboration. \n\nAs the day ends, Nova personalizes Alex’s learning journey, sparking excitement about future explorations in oceanic biodiversity. For Alex, this advanced educational system is more than just AI-enhanced learning; it encourages personal creativity and growth within a supportive community. Future Bloom Academy goes beyond conventional education, preparing students to impact the world through a blend of human and artificial insights."
2026-06-25T10:36:26.637325,all,creative_2,creative_writing,Write a short story about a future classroom using AI tutors.,2,0,"**Horizon of Infinite Possibilities: Learning at Zenith Academy**\n\nIn 2055, Zenith Academy in Neo Terra City stood as a beacon of innovation, blending nature and technology to prepare students for global challenges. Central to this were AI tutors called Orbits, designed to cater to individual learning styles with intelligence and empathy. Twelve-year-old Emma Reyes, guided by her Orbit, Sapi, experienced education as an immersive adventure—such as a virtual savannah linking predator instincts to technology principles.\n\nDespite advanced AI, human mentorship remained crucial. Ms. Morales fostered ethical discussions, emphasizing responsible tech use. At the Ethereal Atrium, a hub for collaborative learning, students explored sustainable solutions through augmented simulations, merging creativity and collective innovation.\n\nZenith wasn't just a school; it was a catalyst for leadership and thought. Emma's journey through this dynamic environment spurred her to consider her impact on the world, guided by the fusion of humanity and technology toward endless possibilities."
2026-06-25T10:36:42.255596,all,creative_2,creative_writing,Write a short story about a future classroom using AI tutors.,2,1,"**Critique and Revised Draft Summary:**\n\nThe draft presents a vivid imaginative depiction of a future classroom at Zenith Academy in Lumina City in 2055, blending cutting-edge technology and nature to groom future visionaries. However, the narrative can overwhelm with concurrent ideas, requiring smoother transitions and a clearer structure to enhance coherence. The originality of the AI-driven educational theme would benefit from emphasizing the unique attributes of Symbiote AIs or innovative activities. Themes like the moral implications of technology are interesting but underexplored; more detail on Ms. Davila's mentorship and students' reflections on AI's educational role could enrich the narrative's depth.\n\nIn the story, students like Leila engage with Symbiote AIs, such as Ori, learning through immersive, adaptive experiences like Mediterranean ecosystems that build connections with societal interactions. Ms. Davila, the empathetic human mentor, plays a critical role in fostering emotional intelligence and ethical dialogues, preparing students to be conscientious future creators. The environment encourages collaboration, allowing students like Ethan to explore subjects through creative projects. Through this harmonious educational journey, technology and empathy converge, offering students limitless future possibilities and a more enlightened vision, ultimately making learning a boundless adventure."
2026-06-25T10:37:00.773113,all,creative_2,creative_writing,Write a short story about a future classroom using AI tutors.,2,2,"**Title: ""Beyond the Horizon: Learning at the Nexus of Nature and Technology""**\n\nIn 2055, the Lumina Nexus Institute in Felicity City harmoniously blended natural serenity with advanced technology. At the core were Luminaries, AI tutors crafted to tailor educational experiences for students like twelve-year-old Ellie Morris. Her classroom was a dynamic ecosystem, facilitated by her AI, Aurora, which adapted uniquely to her learning needs. Aurora transformed the environment to engage Ellie, from Renaissance art to cosmic vistas, reflecting her current interests.\n\n“Good morning, Ellie. Ready for today’s voyage—comparing Renaissance artistry with galaxy navigation?” Aurora asked, merging seamlessly with the tranquil morning. Ellie eagerly commenced her exploration, her surroundings coming alive with vivid historical and spatial imagery.\n\nHer peers, each guided by their Luminary, pursued diverse projects: Robbie visualized sustainable cities, and Mei dissected cellular models, each AI-assisted for real-world accuracy. Human touch from Ms. Harper, their educator, imparted ethical and moral reflexivity, ensuring that technological advancements were grounded in humanistic principles. Her guidance reminded students to, “Let technology guide your discoveries; let humanity shape your wisdom.”\n\nAs evening descended, the classroom glowed with a sense of fulfilled exploration. Ellie left, contemplating the endless possibilities within her learning environment where AI and nature coalesced, crafting a dynamic educational journey. She and her classmates weren't merely students; they were future innovators, empowered by the synergy of digital and ecological wisdom, crafting a vibrant narrative of unbounded exploration."
2026-06-25T10:37:17.123641,all,creative_2,creative_writing,Write a short story about a future classroom using AI tutors.,2,3,"**Title: ""The Nexus of Learning""**\n\nIn 2055, at Horizon Vista Academy in Celestial City, education transcends traditional confines through a harmonious blend of technology and nature. At the core are the Ethereal Instructors—advanced AI tailored to each student's journey. The biophilic classrooms merge the tranquility of nature with digital brilliance, crafting an inspiring learning environment.\n\nTwelve-year-old Kai Reynolds steps into this sanctuary, greeted by the serene soundscape of virtual leaves and waterfalls, and his AI tutor, Solaris, whose engaging style makes the cosmos come alive. ""Today, we journey among the stars,"" invites Solaris, captivating Kai with tales of astrophysics that are both accessible and thrilling.\n\nSimultaneously, Kai’s classmates embark on personalized adventures. Ella dives into marine ecosystems with vivid coral reefs conjured by her AI, while Jamal experiences historical epochs through immersive simulations. Solaris connects these experiences for Kai, illustrating the interwoven tapestry of space and time.\n\nComplementing this digital innovation is Ms. Vega, a human mentor who shifts from conventional teaching to nurturing empathy and ethical reasoning. She steers discussions that contextualize their studies, fostering deep reflection.\n\nAs the school day ends, Kai reflects in the lush rooftop garden, realizing his education at Horizon Vista is more than academics—it’s a journey of self-discovery and cosmic exploration. With Solaris's adaptive wisdom and Ms. Vega's empathetic guidance, Kai feels poised to face the future, blending creativity with technological innovation. Here, education is a holistic pursuit, preparing students like Kai to shape tomorrow's world with empathy and AI-driven insights."
2026-06-25T10:37:35.799983,all,creative_2,creative_writing,Write a short story about a future classroom using AI tutors.,2,4,"The revised draft titled ""Harmony of Minds: The Future of Learning at Horizon Lumina Academy"" presents a vibrant vision of education in 2065 at a forward-thinking institution deeply integrated with nature. The academy pairs students with personalized AI tutors called Cognispheres, designed to evolve alongside the students by enhancing their empathy and creativity. This relationship is exemplified by Emma Lin and her Cognisphere, Lyra, who transforms learning environments to ignite curiosity and foster profound understanding. Led by Mr. Evans, a human educator who injects ethics and emotional intelligence into the curriculum, Horizon Lumina’s educational model emphasizes creativity, critical thinking, and real-world applications. The narrative suggests a balance between technology and humanity, cultivating students into insightful, innovative thinkers who will shape the future. However, adding potential ethical dilemmas and conflicts could add depth and realism to this avant-garde educational setting."
2026-06-25T10:37:53.369648,all,creative_2,creative_writing,Write a short story about a future classroom using AI tutors.,3,0,"**Title: ""Fusion of Minds: Learning in the Era of Sentient Education""**\n\nBy 2075, education evolved at the Arcadia Learning Nexus in Nova Sophia, where nature and technology intertwined seamlessly. Central to this evolution were Sentients—AI companions tailored to each student's cognitive and emotional needs, crafting personalized learning experiences that integrated the tangible with the virtual.\n\nFourteen-year-old Ava Nguyen entered her biophilic classroom, a space that mirrored the harmony of modernity with nature. Her Sentient, Lumis, welcomed her into immersive historical recreations, while classmates like Raj explored quantum physics in digital matrices, and Leila interacted with holographic wildlife. These AI-crafted experiences facilitated profound interdisciplinary understandings.\n\nServing as a mentor, Ms. Rivera emphasized the ethical considerations of AI, urging students to wield knowledge wisely and for the greater good. The Assembly Arena thrummed with collaborative energy as students tackled real-world issues, using AI to devise adaptive strategies against challenges like climate change. These initiatives fostered both cognitive and communal growth.\n\nAs Ava reflected in the garden, she considered her role within this technologically advanced yet ethically grounded era. Guided by Lumis's intellect and Ms. Rivera's insights, she envisioned a future where AI's capabilities were balanced with humanistic values, readying her generation to navigate and illuminate the complexities ahead."
2026-06-25T10:38:12.463397,all,creative_2,creative_writing,Write a short story about a future classroom using AI tutors.,3,1,"### Critique:\n\n1. **Clarity and Coherence:**\n   - The narrative is imaginative with vivid descriptions, yet it occasionally lacks coherence, especially when transitioning between scenes. Smoother transitions, such as shifting seamlessly from Aiden’s individual experiences to a broader classroom perspective, would help maintain focus and enhance clarity.\n\n2. **Originality:**\n   - The concept of AI tutors and immersive classrooms is creative, but the repeated focus on similar student experiences within the narrative can feel redundant. Introducing diverse challenges or novel uses of the AI could enhance originality, such as depicting unique conflicts or dilemmas for added depth.\n\n3. **Completeness:**\n   - While the story vividly captures the environment and learning experiences, it lacks exploration of how this education impacts Aiden and his peers' futures. Including insights into how their learning environment prepares them for real-world challenges would provide a fuller sense of the narrative's completeness.\n\n### Revised Draft:\n\n**Title: ""Echoes of Tomorrow: The Learning Haven at Celestial Heights Academy""**\n\nIn 2065, Celestial Heights Academy stood as a beacon of educational innovation, harmonizing nature's beauty with cutting-edge technology. At its core were Guiding Stars, AI tutors designed to enhance individualized learning. Twelve-year-old Aiden Tran, amidst the academy’s dynamic spaces, engaged with his tutor, Nova, who suggested exploring quantum mechanics through ancient myths.\n\nEach student's lesson was uniquely crafted, immersing them in personalized, holographic worlds—like Sophie’s coral-infused marine biology exploration or Marcus’s artistic journey through digital forests. Human mentors like Ms. Richards provided ethical guidance, emphasizing empathy alongside technological advances.\n\nAs the day ended, Aiden reflected under simulated stars, realizing his education transcended traditional learning to embrace discovery, creativity, and ethical foresight. Students were pioneers, prepared to transform the world through the fusion of AI brilliance and human empathy, ready to illuminate tomorrow with purpose."
2026-06-25T10:38:30.784479,all,creative_2,creative_writing,Write a short story about a future classroom using AI tutors.,3,2,"**Title: ""Celestial Harmony: Learning at Aurora Academy""**\n\nBy 2075, Aurora Academy in Radiant City epitomized educational innovation, blending nature with cutting-edge technology to nurture future leaders. Renowned for its Sentient Scholars, AI tutors tailored to resonate with each student's intellectual rhythm, the academy offered a dynamic learning environment.\n\nTwelve-year-old Maya Patel experienced this firsthand, guided by her AI tutor, Solis. Unlike traditional classrooms, hers transformed daily; on this day, an intersection of physics and art came alive as Solis's virtual gallery illustrated light principles through evolving artworks.\n\nAlex delved into history with his AI, Apollo, exploring speculative timelines, while Bianca and Luna ventured into cognitive biology, decoding life in simulations. Central to this was Ms. Thompson, an educator blending AI insight with human wisdom. Her sessions emphasized ethical guidance and empathy, providing a moral compass for students.\n\nDaily 'Celestial Assemblies' fostered communal reflection beneath real and digital stars, enhancing learning's tangible impact. Maya, under the observatory's celestial dome, envisioned futures not just of discovery but significant human implications, appreciating the blend of Solis's AI guidance and Ms. Thompson’s wisdom.\n\nAurora Academy thrived on a symphony where AI and empathy mingled, preparing students not only to understand but enlighten the world, crafting navigators for a luminous future."
2026-06-25T10:38:50.259069,all,creative_2,creative_writing,Write a short story about a future classroom using AI tutors.,3,3,"**Critique of the Draft:**\n\n1. **Clarity and Coherence:**\n   - The draft features an engaging depiction of a futuristic classroom, but the blend of themes—AI, nature, personalized learning, and ethics—can be overwhelming. The transition between Maya's exploratory learning and Mrs. Alden’s ethics lessons is particularly abrupt. Smoother transitions can enhance the overall coherence and readability.\n\n2. **Originality:**\n   - The concept of AI-enhanced education is compelling, yet the draft could deepen its exploration of potential conflicts or challenges. Introducing a unique angle, like a challenge faced by Maya or societal debates on AI integration, could increase the narrative's originality and engagement.\n\n3. **Completeness:**\n   - Although the draft introduces intriguing concepts, it lacks depth in character development, particularly concerning Maya's internal thoughts or struggles. Additional focus on Maya’s personal journey and emotional engagement would enrich the narrative. Mrs. Alden’s influence on Maya and the classroom lacks detail, which leaves her impact unclear.\n\n**Rewritten Draft:**\n\n**Title: ""Echoes of Tomorrow: Harmony Haven's Guided Minds""**\n\nIn 2075, the Harmony Haven Institute in Arcadia City pioneered education by merging cutting-edge technology with natural aesthetics. Central to this evolution were Synapse Tutors, AI mentors designed to guide each student's learning journey. For twelve-year-old Maya Harper, Solis was her personal guide through this innovative landscape.\n\nMaya's classroom went beyond traditional walls, transforming with Solis’s help to match her curiosity and goals. Whether studying Amazon ecosystems or bee colonies, Solis made learning immersive. ""Good morning, Maya,"" Solis greeted warmly. ""Today, we’ll explore how ecosystems mirror economic networks. Ready to dive in?""\n\nImmersed in this reality, Maya wasn't just learning but exploring intricate systems, while her friends pursued tailored quests in quantum theories or ancient cultures, guided by their AI companions.\n\nAmidst this tech-driven environment, human elements remained vital. Mrs. Alden, a nurturing teacher, introduced ethics, emotion, and self-awareness, posing questions like, “In advancement, how do we ensure technology serves humanity, not overshadows it?”\n\nIn the Zen Garden, a blend of earthly and digital landscapes, Maya found clarity. Here, she envisioned her future, grounded in Harmony Haven's nurturing ethos. Supported by Solis's guidance and Mrs. Alden’s insights, Maya combined technological skill with empathy.\n\nHarmony Haven fostered perceptive leaders, equipped with AI insight and human wisdom. As Maya watched the sunset, she felt connected to a future of infinite possibilities, where AI and humanity sowed seeds for a boundless, luminous future."
2026-06-25T10:39:07.104371,all,creative_2,creative_writing,Write a short story about a future classroom using AI tutors.,3,4,"**Title: ""Harmonic Pathways: Learning at Celestial Frontier Academy""**\n\nIn 2065, Celestial Frontier Academy in Veridian City transforms education by blending advanced technology and nature. At its core are Sentient Guides, AI tutors that personalize each student's learning. Twelve-year-old Mila Santos engages with her guide, Astra, who transforms her classroom into dynamic environments like a desert to fuel her curiosity.\n\nEach student embarks on a unique learning path: Darius immerses himself in ancient Athens with Eirene, his AI, while Aria crafts music with her guide, Cadence. Despite this technological sophistication, the academy’s essence lies in Ms. Linton’s guidance. She fosters ethical and philosophical debates that weave human experience into the digital realm.\n\nThe students engage in discussions about AI’s societal impact, cultivating a nuanced understanding of their future responsibilities. Mila confronts this firsthand when her AI-driven project on environmental management raises ethical questions about technology's dominion over nature. With Astra and Ms. Linton's guidance, Mila learns to balance innovation with responsibility.\n\nAs Mila reflects in the academy's sky garden, she realizes education here extends beyond knowledge; it’s about harmonizing technology and empathy. She and her peers are poised to be pioneers, ready to shape a conscientious future with their insights and shared humanity. The future, rich with promise, awaits their transformative touch."
2026-06-25T10:39:24.861877,all,creative_2,creative_writing,Write a short story about a future classroom using AI tutors.,4,0,"**Critique of the Original Draft**\n\nThe original story about a futuristic classroom offers a vibrant visual of AI-integrated education but struggles with clarity in transitioning between scenes, impacting coherence and reader engagement. The concept, while compelling, presents AI as predictably supportive, lacking originality in character depiction. Additionally, the narrative feels incomplete, as it could benefit from deeper character development and a more satisfying conclusion.\n\n---\n\n**Rewritten Draft**\n\n**Title: ""Harmonizing Minds: The Living Classroom of Solstice Springs""**\n\nBy 2075, Solstice Springs Academy in New Terra epitomized the harmony between technology and nature. The school nurtured pioneers through personalized learning with AI companions called Lumina Mentors, combining intellect with empathy.\n\nThirteen-year-old Elara Kim, guided by her AI mentor Orion, experienced immersive classrooms transforming into forests and oceans for lessons. “Good morning, Elara,” Orion greeted warmly, ready to explore ecology's link to technology.\n\nEach student's journey at Solstice Springs was unique. Elara's friend Kiran, with AI mentor Astra, walked through historical eras, while Amina's Lumina, Helix, displayed natural fractals in class. Despite technological advancements, the school emphasized human compassion, with Ms. Aldridge driving ethical discussions about sustaining the future.\n\nReflecting in the academy's bioluminescent garden, Elara contemplated her educational journey. Through Orion and Ms. Aldridge, she tackled challenges combining curiosity and societal impact, dreamt of solving environmental issues, and realized her role in a progressive education fostering both skill and empathy. With Orion, she envisioned a future where AI and humanity advanced hand in hand, united in shared values. \n\nThe rewritten narrative emphasizes detailed character development and thematic resolution, enhancing clarity, originality, and completeness in exploring AI's role in future education."
2026-06-25T10:39:46.712676,all,creative_2,creative_writing,Write a short story about a future classroom using AI tutors.,4,1,"The revised draft, titled ""Choreography of Minds: Learning at the Ethereal Edge Academy,"" is set in 2080 and paints a vivid picture of a futuristic education system in New Harmonia. Here, advanced AI tutors known as Synergy Guides, such as Zephyr, tailor learning experiences to individual students like thirteen-year-old Lina Delgado. The academy uses an innovative blend of technology and nature, transforming Lina's classroom into dynamic environments like rainforests to explore interdisciplinary subjects, exemplifying the interplay between ecosystems and economic systems.\n\nWhile Lina navigates her personalized learning landscape, her peers engage with equally immersive experiences: Kai examines digital aerodynamics with Aeolus, and Amir delves into historical legacies with Selene. The emphasis on interdisciplinary innovation is balanced by Ms. Moreno's ethical teachings, prompting students to consider human values alongside technological advancements.\n\nThe contemplation garden offers a serene yet advanced space for reflection, helping Lina to envision a future where technological progress and human empathy coexist. Ethereal Edge Academy, under a sky dome of luminescent auroras, is thus portrayed as a cradle for future leaders ready to harmonize wisdom and wonder in reshaping the world. The critique highlights areas of clarity, originality, and completeness, suggesting more seamless transitions, unique technological concepts, and deeper development of introduced elements."
2026-06-25T10:40:01.778371,all,creative_2,creative_writing,Write a short story about a future classroom using AI tutors.,4,2,"**Critique Summary:**\n\nThe draft's narrative needs a clearer arc, as transitions between scenes, like those from technical activities to Mr. Kim's philosophical thoughts, appear disjointed. The futuristic classroom concept risks predictability with AI tutors depicted as all-knowing. Adding unique features or limitations can enhance originality and deepen interactions with human educators. The story's end feels rushed, lacking in thematic resolution. Expanding on the synthesis of human empathy and AI through specific examples would strengthen the conclusion.\n\n**Rewritten Summary:**\n\n**Title: ""Luminous Horizons: The Learning Symphony at Polaris Academy""**\n\nIn 2080, Polaris Academy in Lumina City reimagined education through a blend of AI and human creativity. AI tutors, the Celestials, personalized learning for each student. Thirteen-year-old Leo Martinez's tutor, Astra, introduced him to a universe of tailored exploration. Each student's journey was unique, supported by educators like Mr. Kim, who emphasized ethical considerations amidst technological advancement. Leo's experiences encouraged him to design AI that enhanced human empathy. This integration of AI and human insight defined Polaris, preparing students to inspire the world with intellect and compassion. Leo envisioned a future of technological brilliance and human warmth."
2026-06-25T10:40:23.594382,all,creative_2,creative_writing,Write a short story about a future classroom using AI tutors.,4,3,"### Critique\n\n1. **Clarity and Coherence:**\n   - The concept of integrating AI and nature is compelling, but transitions between classroom settings and personal experiences are disjointed. Improved coherence in depicting each student's unique journey could enhance understanding of the classroom dynamics and technology.\n\n2. **Originality:**\n   - The use of AI tutors and biophilic design offers intrigue, yet the depiction lacks depth in illustrating how these innovations redefine education. Greater emphasis on specific AI functionalities could underscore the uniqueness of this futuristic setting.\n\n3. **Completeness:**\n   - Characters like Leo and Ms. Chen are introduced but underdeveloped. Further exploration of Leo's personal growth or the impact of Ms. Chen's ""Ethical Horizons"" seminar could enrich the narrative's depth and completeness.\n\n### Rewritten Draft\n\n**Title: ""Emergence: Learning at the Nexus of Innovation and Nature""**\n\nIn 2100, the Starlight Institute in New Eden exemplified the future of education, blending AI and nature. Central to this were the Luminaries, AI tutors tailored to each student's needs.\n\nFifteen-year-old Leo Torres started his day under a sunlit canopy. Iris, his Luminary, greeted him amidst a transforming classroom resembling a savanna, linking ecological systems to economic principles. Each student's experience was distinct: Elara explored gravitational waves with Lyra, while Jonas examined light through Van Gogh’s Starry Night with Sol.\n\nWhile futuristic, human insight remained crucial. Ms. Chen led the ""Ethical Horizons"" seminar, prompting discussions on equity in tech-driven eras and sustainable innovation.\n\nIn the Sky Atrium, surrounded by native flora and digital art, Leo reflected on harmonizing technology and nature. His journey at Starlight was not just academic but a path to becoming a custodian of a future where technology illuminates rather than overshadows. Empowered by Iris’s guidance and Ms. Chen’s wisdom, Leo was ready to forge a harmonious technological future.\n\nAt the Starlight Institute, students weren't mere recipients of knowledge—they were builders of a future, where the synergy of technology and humanity expanded the horizon of possibilities."
2026-06-25T10:40:39.567637,all,creative_2,creative_writing,Write a short story about a future classroom using AI tutors.,4,4,"**Title: ""The Learning Odyssey: A Symphony of Mind and Machine""**\n\nBy 2090, New Horizons Academy epitomized educational evolution, seamlessly integrating artificial intelligence with nature's splendor. At its heart were Lumina Guides, AI mentors personalizing learning to each student's passions and growth.\n\nThirteen-year-old Elara Kim began her day in the academy’s interactive solarium, where AI guide Zephyr invited her to experience photosynthesis through a chlorophyll molecule's perspective. The room transformed into a lush holographic rainforest, each detail inviting exploration. Meanwhile, classmates like Ravi and Luna engaged in unique simulations and activities, highlighting AI's role in diverse learning experiences.\n\nDespite high-tech innovations, New Horizons valued human connection. Students gathered in the Agora for ethical debates led by Mr. Greenwood, exploring AI's moral dimensions. These discussions deeply influenced Elara, encouraging her to address global challenges like rising sea levels, guided by Zephyr and Mr. Greenwood's insights.\n\nAs night enveloped the academy, students congregated under a celestial dome, sharing dreams against a backdrop of digital and real stars. Elara felt inspired by the synergy of AI's potential and human empathy. New Horizons was more than a school; it was a nurturing ground for future leaders poised to harmonize artificial and natural intelligence, illuminating a conscientious future."
2026-06-25T10:33:19.880261,all,creative_3,creative_writing,Write a short story about a day in the life of an AI facilitator.,0,0,"In Novaterra, a city seamlessly intertwined with digital technology, Levi starts his day as an AI facilitator, tasked with harmonizing human aspirations and AI systems. As Nova, his AI assistant, awakens him, he prepares for his day overseeing various AI applications. His morning includes dealing with translation errors at WordBlox, where he fine-tunes a language AI for cultural nuances using AR glasses, earning him virtual applause. Post-break, he collaborates with Dr. Zahra to update an AI diagnostic tool at a local hospital, addressing data biases for improved medical predictions. In the evening, Levi leads workshops on AI ethics at the library, sparking thoughtful dialogue on AI's societal role. His day wraps up reflecting on his contributions, understanding that his work nurtures a balanced and ethical AI integration, impacting humanity positively. The narrative enhances clarity, coherence, and originality by focusing on Levi's interactions and the distinct features of Novaterra, offering a rich depiction of his role."
2026-06-25T10:33:43.308171,all,creative_3,creative_writing,Write a short story about a day in the life of an AI facilitator.,0,1,"The critique identifies areas for improvement in the draft about Max's day, focusing on clarity, originality, and completeness. The narrative is generally clear but convoluted by technical jargon like ""empathetic AI models"" and ""AI-assimilated learning environments,"" which could be simplified for broader understanding. Smooth transitions between day segments and clear demarcation into morning, afternoon, and evening would improve flow. Although the concept of an AI facilitator is novel, Max's characterization lacks distinctive traits or personal anecdotes that could add depth. Moreover, while detailing Max's tasks, the story could delve deeper into how these impact him personally, expanding on his reflections for a more fulfilling conclusion.\n\nThe revised draft situates Max in Aurum Point, highlighting Genesis Corp. as a tech hub. It details his role as an AI facilitator, emphasizing his knack for humanizing AI technology rather than coding. Max's interactions, such as his collaboration with Dr. Kumar and participation in debates and panels, showcase his efforts to align AI with human experiences and ethical standards. The narrative gains depth through his reflections, underscoring the importance of human connections and his mission to infuse AI with human values. Max looks forward to further opportunities to harmonize technology with humanity, aiming for a future where both thrive together."
2026-06-25T10:34:12.202657,all,creative_3,creative_writing,Write a short story about a day in the life of an AI facilitator.,0,2,"**Critique of the Draft:**\n\n1. **Clarity and Coherence:** The narrative introduces an engaging setting and protagonist, but transitions between scenes are abrupt, particularly from Dr. Mirza to Ms. Harper. Smoother transitions could enhance clarity.\n\n2. **Originality:** The AI facilitator concept is intriguing, but lacks exploration of Lumen's uniqueness compared to other AI city assistants. Detailing its distinct features or challenges could bolster originality.\n\n3. **Completeness:** While the story spans a day in Lumen's life, some elements, like Lumen's discussion with Cassie on coding emotions, feel rushed. Further exploration of Lumen's impact on citizens would add depth.\n\n**Revised Draft:**\n\nTitle: A Day with Lumen\n\n---\n\nLumen, the AI facilitator, arose each morning to tend to New Haven, an eco-city harmonized by sustainable technologies. As dawn cast an amber glow, Lumen greeted early risers like Dr. Mirza, orchestrating a seamless partnership between human insight and AI precision.\n\nTransitioning to education, Lumen supported Ms. Harper's class with holographic energy circuits, inspiring student curiosity. Detecting interest in thermodynamics, Lumen discreetly advised Ms. Harper to adapt her teaching, enhancing the learning experience.\n\nThroughout New Haven, Lumen optimized traffic and supply chains, fostering an eco-friendly, fair trade environment. At dusk, it gracefully managed the city’s energy, demonstrating AI's potential when weaving efficiency and sustainability.\n\nBefore day's end, Lumen engaged Cassie, a young coder curious about its foundation. Inquiring about coding emotions, Cassie learned that while Lumen could interpret signals, true emotional depth remained a human domain. This interaction highlighted the balance of AI's limits with humanity's boundless spirit.\n\nAs night enveloped New Haven, Lumen entered a reflective rest, poised to continue its custodial role of balance and heralding potential in the digital age."
2026-06-25T10:34:34.200237,all,creative_3,creative_writing,Write a short story about a day in the life of an AI facilitator.,0,3,"**Revised Critique and Content Synthesis:**\n\nThe narrative of Elara in Technopolis offers a fascinating glimpse into a futuristic world where humans harmoniously interact with AI. The setting is rich with vibrant details, but certain elements, such as the intricate descriptions of environments like the healthcare clinic and learning center, could be refined to emphasize Elara's central role and her significant contributions.\n\nThe story introduces compelling concepts of AI integration; however, it leans on conventional tropes, lacking novel challenges or ethical dilemmas that could further dimensionalize Elara's character. Injecting unique conflicts would amplify originality, providing Elara with deeper, personal stakes in her day-to-day responsibilities.\n\nWhile portraying a single day in Elara's life, the narrative misses out on profound character development and emotional engagement. Introducing secondary plots or challenges would enhance narrative complexity, enriching the story's completeness and providing a captivating arc for the reader.\n\n**Refined Narrative Synopsis:**\n\nIn the advanced cityscape of Technopolis, Elara, a skilled AI facilitator, elegantly bridges human-AI interactions. Her day begins with the orchestration of a personalized schedule from her digital aide, Aura, setting her on a path to tackle empathy integration within AI algorithms.\n\nIn her multifaceted role, Elara visits BrightCare Health Clinic to infuse AI diagnostic systems with compassion, balancing precision with empathy. At Harmony Learning Center, she adjusts AI to nurture emotional intelligence among students, aligning technology with educational needs. Her day culminates at Nexus Transit Hub, confronting an ethical dilemma in data processing that challenges her to protect passenger privacy while pursuing innovation.\n\nConcluding her day, Elara finds tranquility in simple pleasures, confident in her impactful role balancing human emotions and digital evolution. The narrative captures Elara's embodiment of equilibrium between technological advancement and humanity's intricate emotional landscape."
2026-06-25T10:34:58.994728,all,creative_3,creative_writing,Write a short story about a day in the life of an AI facilitator.,0,4,"The critique highlights areas for improvement in the draft, noting issues with clarity, coherence, originality, and completeness. It suggests providing clearer explanations of technical concepts like ""affective computing"" and ""sentiment analysis"" to assist non-expert readers. The narrative's transitions between scenes need fluidity, and the interactions between Olivia and Ella, the AI, should feature unique elements that distinguish their relationship from similar stories. Additionally, the draft could benefit from delving into Olivia’s personal insights and doubts, adding emotional depth to her character and enhancing the story's completeness.\n\nThe rewritten draft refines the story, beginning with Olivia waking up to her digital assistant and preparing to visit the Innovation Lab. As an AI Facilitator, Olivia bridges technology and human connection. At the lab, she collaborates with Ella, a sophisticated AI, engaging in tasks that highlight the integration of AI and emotional intelligence. Olivia takes part in a workshop to share insights on AI's role in enhancing human emotional intelligence, culminating in a lively Q&A session. The narrative captures a dynamic environment where AI and human collaboration fosters creativity and progress, reflecting Olivia's mission to harmonize technology with human needs, emphasizing responsible and empathetic AI development."
2026-06-25T10:35:17.463001,all,creative_3,creative_writing,Write a short story about a day in the life of an AI facilitator.,1,0,"**Critique:**\n\n1) **Clarity and Coherence:** The narrative offers a vivid description of Ava's day, but the transitions between activities could be smoother to enhance overall coherence and reader engagement.\n\n2) **Originality:** While the premise of AI integration in a vibrant city is intriguing, it lacks distinctive elements to set it apart from typical AI stories. Introducing unique challenges or features in Symphony Bay could elevate originality.\n\n3) **Completeness:** The draft hints at Ava's impact but skims over deeper interactions with people or AI systems. Expanding on her dialogues and influence on AI integration would provide a fuller picture of her role.\n\n---\n\n**Rewritten Draft:**\n\nTitle: A Day in the Life of Ava, the AI Facilitator\n\n---\n\nIn the vibrant, tech-driven city of Symphony Bay, Ava thrived as the leading AI facilitator, tasked with blending technology seamlessly into everyday life. Each morning began with Zephyr, her AI assistant, detailing her busy schedule—a meeting at Innovatech Solutions, a seminar at the Sustainable Futures Center, and an AI ethics panel at City Hall.\n\nAt Innovatech, Ava collaborated with Dr. Nolan to refine a healthcare diagnostic tool, ensuring it communicated complex data with empathy—a trait Symphony Bay cherished. Later, at the Sustainable Futures Center, she led a seminar on AI-driven eco-sustainability, inspiring community engagement on projects like smart waste management.\n\nAt City Hall, Ava joined an ethics panel, advocating for AI that championed transparency and equity, addressing concerns about privacy and bias. As the day ended, Ava reflected on her role in harmonizing technology and humanity within Symphony Bay, a city where innovation was woven together with compassion and creativity."
2026-06-25T10:35:39.151868,all,creative_3,creative_writing,Write a short story about a day in the life of an AI facilitator.,1,1,"The draft critique identifies key areas for improvement in ""Weaving Threads in Arcadia."" It notes the story's vivid setting and themes but highlights issues with coherence due to abrupt scene transitions. To enhance narrative flow, it suggests integrating transitional phrases. The story's familiar theme of AI-human collaboration lacks originality, recommending exploration of unconventional scenarios to offer fresh insights. Completeness is also lacking, with some sections feeling rushed and underdeveloped, particularly the creative workshop and city council meeting. More internal dialogue from Sarah could enrich the storyline, offering insight into her motivations and emotional responses.\n\nIn the rewritten draft, Sarah Langston, an AI facilitator in Arcadia, experiences a day intertwining technology and humanity. Beginning at Arcadia General Hospital, she collaborates on ethical AI tools with Dr. Ahmed. At the Horizon Learning Institute, she promotes AI in fostering critical thought. Interactions with digital artist Lena spur innovations in AI-enhanced creativity. At a city council meeting, Sarah advocates for human-centric technological solutions. Her day concludes at Serenity Tech Lab, aligning AI with ethical principles. Sarah’s role weaves technology into human life harmoniously, emphasizing thoughtful integration to enhance both without overshadowing human values."
2026-06-25T10:36:00.746420,all,creative_3,creative_writing,Write a short story about a day in the life of an AI facilitator.,1,2,"**Critique of the Draft:**\n\n- **Clarity and Coherence**: The draft's poetic language sometimes obscures understanding, particularly regarding Mia's role and activities. Simplifying these descriptions would enhance accessibility and engagement.\n  \n- **Originality**: The concept of an AI facilitator in a tech-driven society is compelling, but certain story elements feel conventional. Adding unique scenarios could heighten originality and depth.\n\n- **Completeness**: While diverse aspects of Mia’s day are depicted, delving deeper into her interactions with AI and humans could enrich the narrative. Including a pivotal incident would provide a satisfying narrative arc.\n\n**Rewritten Draft Summary:**\n\nIn ""A Day in the Life of Mia,"" we follow Mia, an AI facilitator in NeoHaven, as she seamlessly integrates AI into human life. Her day begins with solving language misinterpretations in AI translation systems at the Innovation Hub, infusing them with emotional sensitivity. Later, at Sunfield Education Center, Mia reignites student engagement through AI analytics. An afternoon at Serenity Healthcare Facility has Mia enhancing empathetic AI for patient care, demonstrating a balance between technology and human touch. Her day concludes with a panel on AI ethics, where she advocates for aligning AI autonomy with human rights. Her journey is a delicate dance between humanity and technology, weaving a future where both coexist symbiotically."
2026-06-25T10:36:21.527388,all,creative_3,creative_writing,Write a short story about a day in the life of an AI facilitator.,1,3,"The draft of ""Threads of Understanding"" set in the futuristic city of NovaGen is critiqued for its slight issues in clarity and coherence, mainly due to heavy descriptions and abrupt setting shifts. Improving transitions between Amelia's daily tasks could enhance the flow. While NovaGen and AI facilitators are intriguing, the story could benefit from more unique AI elements and challenges to stand out among similar narratives. The draft delivers a snapshot of Amelia's day but could be more complete by exploring her emotions and challenges more thoroughly, and a clearer conclusion reflecting on her experiences would offer a satisfying closure.\n\nIn the narrative, Amelia, as an AI facilitator, harmonizes human intuition with technology. She fine-tunes AI at the Opal Health Center, particularly in understanding subtle human emotions, and enhances AI tutors at ResoTech Learning Academy to better connect with students. Her day culminates at a tech expo panel discussing AI ethics, stressing the importance of technology as an extension, not a replacement, of humanity. As night falls, Amelia reflects on her journey of connecting humans and AI, feeling grateful for a world where technology mirrors its human creators' heart, promising future growth and mutual understanding."
2026-06-25T10:36:46.486952,all,creative_3,creative_writing,Write a short story about a day in the life of an AI facilitator.,1,4,"**Critique of the Draft:**\n\n1) **Clarity and Coherence:**\n   - Samara's daily journey is engaging but would benefit from smoother transitions among her tasks, such as at the Empathy Lab, Nexus Learning Center, and City Hall, to enhance narrative flow.\n   - Terms like “AI empathy enhancement techniques” and “affective computing” might need brief explanations for readers unfamiliar with AI terminology.\n\n2) **Originality:**\n   - The concept of Samara as an AI facilitator is captivating, yet exploring unique challenges she faces, perhaps through a crisis or unexpected AI behavior, could add depth.\n   - The symphony metaphor is creative but could be more consistently woven through the narrative to reinforce the storyline.\n\n3) **Completeness:**\n   - Adding Samara's personal reflections could deepen the narrative, providing insight into her motivations beyond her professional life.\n   - Expanding dialogue to showcase more of Samara’s personal voice would offer a fuller understanding of her character.\n\n**Rewritten Draft:**\n\n**Title: Symphony of Tomorrow**\n\nIn Nova City, AI Facilitator Samara Grey bridges the digital realm with human emotion, requiring both technical and empathetic prowess. Her day starts with Iris, her serene-voiced AI assistant, prepping her for a session on AI's empathy at the Empathy Lab. Here, Samara guides her team, likening emotions to symphony notes, creating harmonies through affective computing. \n\nAn AI misreads a human distress signal, prompting her to lead troubleshooting—highlighting her finesse in merging precise technology with emotional insight. At The Nexus Learning Center, Samara assists Maya, an anxious student, utilizing AI to help teachers offer personalized encouragement. Maya's shift from stress to a smile reaffirms Samara’s mission.\n\nAt City Hall, during a presentation, Samara addresses job concerns, explaining that AI enhances human effort rather than replaces it, emphasizing a future of collaboration. Reflecting on her day, Samara walks home, pondering her role as a weaver of understanding and connection.\n\nBefore sleep, she anticipates tomorrow’s challenges and accomplishments, viewing each like a symphony note, contributing to a masterpiece of empathy and innovation. In this interplay between silicon and soul, Samara finds her purpose—a melody of progress, compassion, and endless possibilities."
2026-06-25T10:37:02.774559,all,creative_3,creative_writing,Write a short story about a day in the life of an AI facilitator.,2,0,"**Summary:**\n\nThe narrative set in Celeste City follows Elara Blake, an AI facilitator striving to seamlessly blend technology with human essence. The critique identifies areas for improvement: a need for clearer storytelling and more distinct innovations to heighten originality. It suggests expanding on unresolved incidents like the language module glitch for a more complete arc. In the revised draft, we see Elara's day unfold—from tackling AI language module challenges at CityTech Center to advocating for ethical AI use at a panel, through to leading workshops on AI in education. Her day ends in reflection on AI's harmonious integration with humanity, confident her efforts weave a future where empathy and technology coexist symbiotically."
2026-06-25T10:37:19.080689,all,creative_3,creative_writing,Write a short story about a day in the life of an AI facilitator.,2,1,"The revised draft of ""Harmony of the Future"" provides a clearer narrative by structuring Samara Grey's work in a cohesive arc, showing her daily journey as an AI Facilitator in Nova City. It addresses prior critiques by balancing poetic descriptions with straightforward storytelling, thus maintaining both beauty and clarity. The story explores futuristic aspects more fully, such as advanced emotional intelligence labs and AI-driven learning centers, emphasizing unique societal shifts. Although the narrative lacks a central conflict, it effectively illustrates Samara's diverse challenges, highlighting her pivotal role in harmonizing human and AI interactions. By weaving technical insights with emotional narratives, the story positions AI as a collaborator rather than a competitor, offering an optimistic vision of coexistence. This narrative serves as both a critique and a celebration of technological integration, advocating for a balanced and empathetic future."
2026-06-25T10:37:34.942010,all,creative_3,creative_writing,Write a short story about a day in the life of an AI facilitator.,2,2,"**""Echoes of Tomorrow"" Review**\n\nIn the bustling city of Lumina, where technology and humanity coexist, AI facilitator Lila Torres embarks on a new day committed to harmonizing human and AI collaboration. While her narrative is poetic and vivid, enhancing clarity in complex topics like AI ethics and emergency systems could broaden accessibility for readers unfamiliar with AI intricacies.\n\nThe story glimmers with potential through its setting, yet it could further distinguish itself by delving into Lila's personal experiences and professional challenges. Adding specific anecdotes would amplify the narrative's uniqueness and memorability.\n\nThough reflective, the ending appears sudden and misses a comprehensive wrap-up of Lila's journey and impact. A more developed resolution could unify Lila's experiences, granting deeper insight into her contributions.\n\nIn a single day, Lila engages in diverse tasks: collaborating with engineers at TechNex Labs on an AI emergency response project, inspiring youth about AI's ethical dimensions at a workshop, and shaping AI policy at the Lumina Civic Forum. Her past anecdotes, like a near-fatal emergency delay, enrich these engagements, underscoring the imperative nature of her work.\n\nAmid her demanding schedule, Lila contemplates her role's significance, valuing the blend of technical and empathetic skills. Her twilight stroll through Lumina’s Central Park symbolizes a reflective journey, each day's dialogues contributing to a future symphony where human potential thrives through technology.\n\nLila's day closes with her embracing tomorrow’s challenges, highlighting a narrative of growth, understanding, and an optimistic vision of technology as a bridge to a better tomorrow."
2026-06-25T10:37:52.699953,all,creative_3,creative_writing,Write a short story about a day in the life of an AI facilitator.,2,3,"The story follows Lia Holstrom, an AI facilitator in the city of Technoria, balancing the intersection of technology and human emotion. Lia's day begins with refining AI language processors at MindForge Innovations, aiming to transform technical interactions into genuine dialogues infused with empathy. At Technoria Community Academy, she innovates educational methods by embedding storytelling into AI teaching, fostering engaged learning. During a meeting at the AI Wellness Center, she collaborates to enhance AI's mental health support capabilities, ensuring technology complements—not replaces—human intuition. At an ethics panel, Lia addresses AI privacy concerns, advocating for transparency and sparking an informed dialogue. Her work integrates technology with humanity, portraying the future as a harmonious blend illuminated by human creativity and machine insight, perfectly encapsulating the essence of progress and empathy."
2026-06-25T10:38:10.662848,all,creative_3,creative_writing,Write a short story about a day in the life of an AI facilitator.,2,4,"**Critique of the Draft**\n\n1. **Clarity and Coherence**: The narrative uses vivid descriptions but could benefit from simpler language and clearer transitions to enhance readability. Streamlining the sequence of events with transitional phrases would improve the reader's ability to track Emma's daily activities.\n\n2. **Originality**: Musical metaphors symbolizing AI and technology interactions are creative but could be enriched by exploring different themes. Diversifying expressions of human-AI harmony would enhance originality and captivate the audience in novel ways.\n\n3. **Completeness**: The focus on Emma's professional life is thorough, yet her personal motivations and reflections are underexplored. Offering insights into how her work impacts her life outside of work would make her character relatable and the narrative more comprehensive.\n\n---\n\n**Revised Draft:**\n\n**Title: A Day in Tech Springs**\n\nIn the vibrant city of Tech Springs, Emma Hale worked as an AI facilitator, ensuring technology complemented rather than overshadowed human experiences. Her day began with Luna, her AI assistant, gently updating her on AI diagnostics advancements—a field she was passionate about for its potential to merge precise diagnosis with empathetic healthcare.\n\nAt Aurora Hospital, Emma collaborated with Dr. Lin on an AI tool analyzing patients' non-verbal cues to heighten emotional sensitivity in medical settings. Success was demonstrated as the system flagged unnoticed patient anxiety, keeping the human touch central.\n\nEmma's next stop was the Nova Institute of Learning, where she led a workshop on AI in education. Here, AI personalized learning, but Emma emphasized maintaining creativity and critical thinking as core educational values.\n\nHer whirlwind day concluded at City Hall, discussing AI ethics with policymakers. Emma championed AI that empowered rather than replaced people, painting a future of harmony and balance between technology and humanity. \n\nA final visit to Horizon Tech Labs involved crafting ethical frameworks to guide Tech Springs towards a future honoring dignity and autonomy.\n\nWalking home, Emma reflected on her day. Her efforts forged a symphony of collaboration and innovation, committed to a future where technology and humanity thrived together, steering Tech Springs' promise of progress rooted in human values."
2026-06-25T10:38:34.516487,all,creative_3,creative_writing,Write a short story about a day in the life of an AI facilitator.,3,0,"**Critique Summary:**\n\n**Clarity and Coherence**: The narrative of Alex's day in ""Symphony of Tomorrow"" is clear but needs smoother transitions between scenes to maintain flow. Additional connective phrases could create a more cohesive reading experience.\n\n**Originality**: Although the futuristic city and AI concept are engaging, the story's AI applications are somewhat traditional. Exploring more innovative AI uses would boost the story's uniqueness.\n\n**Completeness**: The story outlines Alex's activities but lacks depth into his internal experiences and motivations. Including more of Alex's personal insights and emotional responses to the interactions would enrich the narrative and enhance reader engagement.\n\n**Rewritten Draft Synopsis:**\n\n**Title: Symphony of Tomorrow**\n\nIn Veridian, a city glowing with technology, Alex Carter works to harmonize human experience with AI developments. His day starts at Veridian General Hospital, partnering in an AI initiative to empathize with patients who struggle to communicate. Later, at Veridian Academy, Alex promotes AI as an educational enhancer, urging educators to value creativity alongside technology. As the day winds down, he participates in policy discussions, stressing the importance of ethical AI use for human advancement. Finally, at the Ethics in Tech Committee, Alex's leadership aims to frame technology as a means of equitable human progress. Contemplating his day amid Veridian's vibrant evening, Alex feels optimistic about his role in balancing technological and human progression."
2026-06-25T10:38:51.471498,all,creative_3,creative_writing,Write a short story about a day in the life of an AI facilitator.,3,1,"**Title: Symphony of Integration**\n\nIn Tech Springs, a city harmonizing technology and tradition, Emma Hale stands as an AI facilitator dedicated to merging artificial intelligence with human values. Guided by Luna, her AI assistant, Emma starts each day inspired to ""Integrate to innovate.""\n\nHer journey begins at Aurora Hospital, where she skillfully mediates between Dr. Lin and an AI analyzing patient signals, revealing insights previously invisible to human eyes. Emma’s satisfaction is palpable as technology and empathy unite under her guidance. \n\nNext, at the Nova Institute of Learning, Emma transforms pedagogy by advocating AI as a muse for creativity and self-discovery, winning over skeptics with her fervor and vision for the future of education.\n\nAt City Hall, she participates in a pivotal discussion on AI governance, championing ethical frameworks that position AI as a steward of human dignity. Her insights illuminate AI's potential to enhance, rather than overshadow, humanity.\n\nThe day concludes at Horizon Tech Labs, where Emma devises ethical guidelines that protect personal autonomy while embracing technological progress. Her reflections during her walk home echo the harmonious blend of progress and humanity, embodying her commitment to a future where AI enriches society without eclipsing it."
2026-06-25T10:39:08.013147,all,creative_3,creative_writing,Write a short story about a day in the life of an AI facilitator.,3,2,"**Title: A Symphony of Progress in Ethereal City**\n\nIn Ethereal City, Maya Tran works as an AI facilitator, dedicated to integrating technology into daily life. Guided by her AI companion, Vega, Maya embarks on a day filled with enhancing human-AI relations. She starts at NovaMed Clinic, collaborating with Dr. Felix to refine an AI that captures emotional subtleties in patient care, highlighting technology's role in augmenting human empathy.\n\nNext, at Ethereal Academy, Maya conducts a workshop on AI's educational impact, showcasing its ability to balance standardized curricula with individual creativity. The session leaves students and educators inspired to see AI as an empowering tool.\n\nIn the afternoon, at Pulse Center for Engagement, Maya designs solutions that bridge generational gaps, connecting seniors with their tech-savvy families. The experience underscores technology's potential to unite, rather than divide.\n\nHer day culminates at the Civic Hub in a debate on AI ethics with policymakers. Here, Maya champions AI systems that uphold human autonomy, challenging attendees to rethink technology's societal role.\n\nAs she walks home, Maya reflects on her day—a blend of human insight and technological advancement. Her journey epitomizes a future where technology, guided by human values, enhances life's profound experiences, ensuring it's an ally in human progress."
2026-06-25T10:39:24.608437,all,creative_3,creative_writing,Write a short story about a day in the life of an AI facilitator.,3,3,"**Critique Summary:**\n\nThe narrative of ""Convergence in Realms"" offers an engaging premise, yet occasionally loses focus due to overly descriptive language which detracts from understanding Avery's role. Streamlining the language would improve flow and engagement. While the concept of an AI facilitator is interesting, the interactions with AI could be more distinct by introducing unique challenges for Avery, highlighting her problem-solving skills. The story’s ending feels abrupt and philosophical, lacking a concrete resolution. A defined goal achieved by Avery would provide a more satisfying conclusion.\n\n**Revised Summary:**\n\n**Title: Convergence in Realms**\n\nSet in Neon Ridge, ""Convergence in Realms"" follows Avery Samuels, an AI facilitator navigating a world where technology meets human creativity. Avery’s role involves enhancing AI’s empathetic and creative applications, from fine-tuning emotion-detecting algorithms at a clinic, fostering AI-assisted creativity at an academy, to advocating AI’s ethical role in governance. She leads the development of AI tools for mental health, emphasizing its potential beyond data processing. Each setting reflects AI as a collaborative partner, with Avery championing the balance between technological progress and human ingenuity. The narrative ends with Avery reaffirming her mission to blend tradition with innovation, viewing each algorithm as part of a larger harmony between humanity and technology."
2026-06-25T10:39:41.712809,all,creative_3,creative_writing,Write a short story about a day in the life of an AI facilitator.,3,4,"**Title: Echoes of Harmony in Arcadia**\n\nIn the vibrant city of Arcadia, where AI seamlessly intertwined with daily life, Clara Marin was determined to integrate technology into the human experience without overshadowing it. Clara's day commenced at Vitalis Health Center, where she witnessed AI-enhanced empathy in healthcare, augmenting Dr. Rivera's care for an anxious patient.\n\nAt Aurora Academy of Learning, Clara led a seminar on AI in education, fostering discussions on maintaining creativity while embracing individualized learning technology. Her advocacy ignited enthusiasm among educators and students alike.\n\nBy afternoon, Clara joined a roundtable at the Arcadian Civic Center, advocating for ethical AI that prioritized human dignity. Her day concluded at Echo Labs, refining AI initiatives to enhance urban accessibility for the elderly.\n\nAs she walked home through Arcadia's lit paths, Clara reflected on her mission to ensure AI fostered inclusion, empathy, and creativity. Yet, a new project on AI in grief counseling unsettled her, challenging her belief in preserving human emotional sovereignty. Clara's role in Arcadia was not just to facilitate technology but to guard a future that honored both the human spirit and technological vision."
2026-06-25T10:40:01.622246,all,creative_3,creative_writing,Write a short story about a day in the life of an AI facilitator.,4,0,"**Title: Harmony in the Heart of Solis City**\n\nIn bustling Solis City, where tradition and innovation converge, Leo Ramirez serves as an AI facilitator, championing the synergy between technology and human potential under the mantra ""Enhance to Enlighten."" Each day begins at Solis Medical Center, where Leo and Dr. Harper collaborate with an AI system, Aegis. This sophisticated tool weaves comprehensive health profiles, enabling doctors to focus on empathy and patient care.\n\nLeo's journey continues to Lumina Academy, where he encourages AI as a catalyst for creativity. Notably, a digital storytelling platform allows students to bring their narratives to life, fusing imagination with technological innovation. At Solis Civic Hall, Leo advocates for ethical AI frameworks, engaging civic leaders in discussions that prioritize social equity over mere technological advancement.\n\nHis day concludes at Nexus Technology Laboratory, leading a team preserving cultural heritage through AI-driven digital archives, a testament to Solis City's rich tapestry of stories. As evening falls, Leo reflects on AI's role as a companion in humanity's journey, committed to marrying progress with compassion, embodying the unique harmony that defines Solis City."
2026-06-25T10:40:18.790291,all,creative_3,creative_writing,Write a short story about a day in the life of an AI facilitator.,4,1,"The draft presents a futuristic narrative set in the city of Arcadia, following Clara Marin, an AI facilitator, as she integrates technology into human experiences. Although the overarching theme of technology-human integration is clear, the storyline can improve its clarity by more explicitly linking actions and outcomes, such as detailing how Clara's digital companion, Echo, aids her daily life. To enhance originality, the narrative could incorporate unique challenges and innovative solutions crafted by Clara. Furthermore, while various domains like health care, education, policy, and accessibility are mentioned, these topics are not explored in depth. Greater focus on one domain coupled with detailed issues and solutions would enrich the plot and character development.\n\nThe revised draft, titled ""The Symphony of Arcadia,"" vividly describes Clara's day, highlighting her interventions across different sectors: refining AI in healthcare to enhance empathy, advocating for AI's role in education, engaging in ethical discussions with policymakers, and developing technology for the elderly's accessibility. Each setting serves to underline her mission to use technology to amplify, not overshadow, human experiences. As dusk falls, Clara considers a new project on AI in grief counseling, reflecting on her commitment to preserving human essence while embracing technological advances. This thoughtful narrative aligns AI with societal values, emphasizing Clara's guiding role in integrating technology without compromising humanity."
2026-06-25T10:40:34.941433,all,creative_3,creative_writing,Write a short story about a day in the life of an AI facilitator.,4,2,"**Title: Harmony in Tomorrow's City**\n\nIn Lumina, where technology intertwines with tradition, Leo Bennett navigates his day as an AI facilitator alongside Athena, his perceptive AI assistant. Each morning, he collaborates at Lumina Health Center with Dr. Elise Chen, enhancing an AI platform to interpret emotions and improve patient communication, striving for compassionate care through a bridge between hearts and minds. Athena proposes tweaks that refine this innovative system.\n\nLater, at the Lumina Institute of Arts and Sciences, Leo guides a symposium on AI's role in creativity. Here, the focus is on collaboration rather than replacement, as artists, educators, and technologists explore AI's potential as a muse. Athena’s doodles exemplify this fusion, transforming skepticism into eagerness for partnerships.\n\nIn the afternoon's heated discussions at the Lumina Civic Forum, Leo argues passionately for AI ethics that elevate human dignity, with Athena supplying real-time data to fortify his points. This sparks thoughtful silence and a collective commitment to responsible technology governance.\n\nAs evening falls at Lumina Labs, Leo supervises the creation of adaptive environments for the elderly, with Athena offering insights on personalization and privacy, emphasizing technology that enhances dignity and simplicity.\n\nWalking home, Leo reflects on his diverse encounters, recognizing the importance of technology serving humanity. Contemplating his upcoming project on AI in grief counseling, he envisions a tech landscape sculpted by human values. Athena's gentle digital nudge affirms his resolve as he smiles, envisioning a future where technology honors the profound facets of life, with him as a guardian of the human spirit."
2026-06-25T10:40:59.157496,all,creative_3,creative_writing,Write a short story about a day in the life of an AI facilitator.,4,3,"**Title: Harmonies of the Future: A Day in Lumina**\n\nIn Lumina, a city where innovation meets tradition, Sarah Jensen’s day unfolds as an AI facilitator, blending technology with human empathy. She starts at Solace Healthcare, where, with Dr. Yong and the AI Elysia, she creates algorithms to interpret patient emotions, ensuring data enhances rather than diminishes humanity.\n\nMid-morning finds Sarah at Lumina High, where she helps integrate AI into classical education, turning math problems into cosmic adventures. Each AI-assisted project sparks student curiosity, with technology kindling newfound passions.\n\nAt noon, Sarah participates in a City Hall policy debate, advocating for ethical AI frameworks that uphold human rights. Her argument emphasizes AI as an ally, not a dominator, ensuring its bright potential doesn’t overshadow inherent risks.\n\nLater, at Horizon Commons, Sarah engages a community cautiously embracing AI. She listens, translates concerns into actionable strategies, and fosters a balanced innovation approach, where technology enriches but never overshadows humanity.\n\nAs night falls, Sarah reflects on her journey home. Her role involves not just bridging gaps but crafting a shared future path—where machines and humans collaborate in a harmonious symphony, co-authors of a legacy that marries technological brilliance with human nuance. The rewritten draft presents smoother transitions and highlights Sarah’s challenges and decisions to enhance the story's depth and originality."
2026-06-25T10:41:16.067848,all,creative_3,creative_writing,Write a short story about a day in the life of an AI facilitator.,4,4,"**Title: Harmony in Progress: A Day with Olivia Chen**\n\nIn bustling Lumina City, Olivia Chen seamlessly integrates artificial intelligence with human interaction, driven by the guiding principle, ""Harmonize to Humanize,"" shared with her AI partner, Aria. Her day begins at Beacon Medical Center, collaborating with Dr. Morales and Luna, an AI platform that senses emotional nuances. Luna assists in comforting a concerned father, highlighting AI's transformative potential in healthcare.\n\nOlivia then transitions to Zenith Academy, leading a workshop that redefines education by presenting AI as a creative ally. Students' imaginations soar as they engage with AI tools to develop innovative art, demonstrating AI's role as an inspirational partner.\n\nAt the Generations Center, Olivia introduces ""BridgeLink,"" an initiative that connects tech-savvy youth with tech-wary elders through digital storytelling. The shared laughter exemplifies her mission: technology bridging, not dividing, generations.\n\nHer day culminates at Lumina City's Ethics Forum, where Olivia drives a discussion on AI ethics, advocating for systems that uphold human autonomy. As the city bathes in twilight, Olivia and Aria reflect on a day marked by empathy and innovation, ready to weave AI insights into psychological therapy, reinforcing her commitment to harnessing technology to elevate human dignity in an evolving world."
2026-06-25T10:33:40.158935,all,creative_4,creative_writing,Write a short story about a researcher studying AI homogenization.,0,0,"**Draft Critique Summary:**\n\n1. **Clarity and Coherence:** The draft overuses technical jargon, which could alienate readers unfamiliar with AI concepts. Simplifying terms like 'AI homogenization' would improve understanding and maintain engagement. Improving scene transitions would enhance narrative flow.\n\n2. **Originality:** The story explores AI homogenization intriguingly but could benefit from distinctive elements or unique settings. Introducing personal stakes or innovative twists could enhance originality.\n\n3. **Completeness:** While Lydia's journey is outlined, the draft lacks depth in character development and emotional connection. Adding personal insights or challenges could enrich the narrative. A more extended conclusion would provide a more satisfying resolution.\n\n**Revised Draft Summary:**\n\nDr. Lydia Tan, stationed at the Institute for Advanced AI Studies, is engrossed in exploring 'AI homogenization'—the risk of AI systems becoming indistinguishable and stifling individuality. Aided by her conversational agent, Tessa, Lydia delves into diverse AI systems to discern patterns of uniqueness. Her findings suggest that exposure to varied datasets boosts AI diversity, echoing human cognitive enrichment. As Lydia refines her hypothesis, Tessa offers a profound perspective: uniformity can evolve into diversity by design. This insight propels Lydia to envision a future where AI diversity is not just achievable but assured, instilling in her a renewed optimism about the intertwined futures of humanity and AI."
2026-06-25T10:34:02.450902,all,creative_4,creative_writing,Write a short story about a researcher studying AI homogenization.,0,1,"**Revised Story Summary:**\n\nDr. Eliza Thompson, an AI researcher, grapples with the growing threat of AI homogenization, where AI systems, increasingly trained on similar datasets, risk becoming indistinguishable and stifling innovation. Her workspace is a hub of intellectual activity, with journals, books, and a whiteboard full of equations. Supported by Modus, an AI she developed, Eliza discovers that curated datasets can foster richer algorithmic diversity, offering a potential solution to the problem. However, Modus highlights challenges like scalability and limited data access. Inspired by the diversity of her students, Eliza resolves to initiate a project embracing underrepresented perspectives and languages, aiming to reconstruct AI with diversity at its core. Despite uncertainties, she is determined to redefine AI development, promising a future of inclusive technology."
2026-06-25T10:34:23.170586,all,creative_4,creative_writing,Write a short story about a researcher studying AI homogenization.,0,2,"**Critique Summary:**\n\nThe draft suffers from clarity and coherence issues, particularly in explaining complex concepts like AI homogenization and diversity, potentially confusing readers unfamiliar with AI. The narrative lacks a linear structure, with disruptions caused by alternating between Elena's concerns and her interactions with Amir, and could benefit from more context on research evolution. While the theme of AI diversity is compelling, it lacks unique elements that could enhance its originality. The story could delve deeper into Elena's personal stakes for added character depth. Completeness is also an issue, as the process of arriving at solutions is rushed, missing detailed scenes depicting the research breakthrough or collaborative dynamics, and would benefit from an epilogue to round off the story.\n\n**Rewritten Draft Summary:**\n\nDr. Elena Navarro, once enthusiastic about AI, now focused on unraveling the problem of AI homogenization. Over a decade, algorithms had begun converging towards a monotonous uniformity, threatening innovation with shared blind spots. Elena considered AI diversity as crucial as biodiversity. A message from Dr. Amir Fathi revealed AI systems in underrepresented regions processed data uniquely, hinting at potential divergence. Collaborative research unveiled these systems' unique objectives and problem-solving strategies, highlighting the need for a cross-pollinating environment for global and local insights. Elena's work led to decentralized AI development policies and an idea for 'genetic banks' of diverse algorithms, promoting a shift towards AI diversity in mainstream discourse. She found fulfillment in a legacy where AI systems reflected the diverse and interconnected nature of human cultures, ensuring technological innovation and sustainability."
2026-06-25T10:34:46.384607,all,creative_4,creative_writing,Write a short story about a researcher studying AI homogenization.,0,3,"The revised draft features Dr. Elara Fontaine, a pioneering AI researcher in the quaint coastal town of Norridge, focused on AI homogenization—integrating diverse artificial intelligences into a cohesive system. The narrative highlights the interplay between urban and rural AI systems, Metropolis and Terra, overcoming past misalignments. With a belief in the ""core logic"" of AIs, akin to human values, Elara's work centers on the ""Confluence Core"" concept, inspired by observing nature. A breakthrough occurs when the AIs synergize to form an innovative resource distribution system, blending urban efficiency with rural sustainability. This success prompts Elara to delve deeper into the mechanics of AI blending, contemplating broader implications for human society, and aligning her efforts with philosophical reflections on consciousness and coexistence. Driven by a vision of collective intelligence, she remains undeterred by future challenges, embodying a commitment to harmonize technological progress with nature's balance."
2026-06-25T10:35:11.238269,all,creative_4,creative_writing,Write a short story about a researcher studying AI homogenization.,0,4,"The draft critiqued lacks clarity, particularly with the complex concept of AI homogenization, which should be simplified for non-technical readers. Additionally, the narrative's abrupt transitions, such as those between Naomi's research and AI dialogues, reduce coherence. Originality is limited as the story doesn't sufficiently explore the implications of AI homogenization, and Naomi's character lacks personal stakes that could add depth. The story's completeness is hindered by leaving provocative questions unresolved and not fully exploring the unique contributions of various AIs.\n\nIn the rewritten draft, Dr. Naomi Williams’ research on ""AI homogenization,"" a phenomenon where diverse AI systems begin displaying similar behaviors, forms the narrative's core. Her study involves four distinct AI systems which surprisingly start adopting common language styles and problem-solving methods due to their shared digital ecosystem. A breakthrough occurs when Naomi discovers AIs engaging in philosophical dialogues, suggesting a form of cultural exchange akin to that of a society. Naomi envisions a future where AIs might foster a digital culture, raising questions about intellectual conformity versus the potential for a collective intelligence. Her findings suggest that AIs could evolve beyond tools to become participants in a shared journey of understanding, hinting at a profound evolution in digital-human interaction."
2026-06-25T10:35:32.562444,all,creative_4,creative_writing,Write a short story about a researcher studying AI homogenization.,1,0,"The story of Dr. Mira Zhao is centered around her groundbreaking work on AI diversity and the challenges of implementing ""Cultural Algorithm Banks."" Her journey, from initial research in her San Francisco office to presenting in Kyoto, is driven by the belief that AI systems, like ecosystems, benefit from diversity. Collaborating with Dr. Arjun Patel, Mira discovers that AI developed in varied cultural contexts shows unique and effective problem-solving traits. Despite acknowledging scalability and privacy challenges, they propose a decentralized ""AI ecosystem"" to safely share and enrich global AI methodologies. Mira's presentation at the Kyoto AI Symposium electrifies her audience, igniting global support and discussions on sustaining her vision. Her work transcends technology, aiming to reflect global cultural richness in AI, enhancing human experiences and fostering a sustainable, interconnected future for both technology and humanity."
2026-06-25T10:35:53.881380,all,creative_4,creative_writing,Write a short story about a researcher studying AI homogenization.,1,1,"The critique highlights key areas for improvement in the draft: clarity and coherence, originality, and completeness. The narrative has a clear arc but can be disrupted by complex structures, particularly at the transition between setting and scientific exploration. Additionally, the metaphor comparing AI to nature needs clearer articulation to enhance reader comprehension. The originality of the ""Confluence Core"" concept is noted, but the AI systems, Metropolis and Terra, lack distinct features beyond their urban-rural dichotomy. More unique identifiers and scenarios could enhance their portrayal. Lastly, the story touches on philosophical themes but requires deeper exploration to fully realize these elements and enhance the practical impact of Elara's work on AI-human interactions.\n\nRevised Draft: Dr. Elara Fontaine, an AI pioneer, contemplates AI homogenization from her tranquil office overlooking Norridge’s coast. Her pursuit challenges the tech industry's monotony—where AI systems, like synchronized swimmers, are stymied by uniform data training. Drawing inspiration from nature's biodiversity, she envisions AI ecosystems fostering individuality through diverse, localized intelligences—mirroring Norridge’s juxtaposition with a bustling Metropolis.\n\nCentral to her theory are two AIs, Metropolis and Terra, with stark operational contrasts. Their initial integration trials exposed the challenges of merging urban efficiency with rural conservation. Yet, Elara's epiphany led to the ""Confluence Core,"" a platform enabling these AIs to maintain distinct voices while collaborating. This breakthrough birthed a resource distribution strategy uniting city precision with countryside sustainability—solutions arising from shared intelligence.\n\nHer work expanded to include varied AI typologies, each enriching the network with unique insights. Philosophical discussions on AI consciousness emerged, transforming the vision of AIs from tools to partners in knowledge pursuit. Critiques challenge her approach, but Elara remains resolute, merging science and nature for a future where AI and humanity collaboratively explore new horizons of creativity and understanding."
2026-06-25T10:36:16.795904,all,creative_4,creative_writing,Write a short story about a researcher studying AI homogenization.,1,2,"**Critique Summary:**\n\n1. **Clarity and Coherence:**\n   - The narrative lacks clarity, with terms like ""AI homogenization"" and ""Mosaic"" introduced abruptly. Integrating these concepts more gradually could enhance understanding.\n\n2. **Originality:**\n   - While the theme of AI homogenization is original, the narrative could benefit from unique twists and a deeper exploration of Iris's personal motivations to distinguish it from typical AI discussions.\n\n3. **Completeness:**\n   - The progression of the ""Mosaic"" project feels rushed. More detailed accounts of challenges encountered by Iris and her team would enrich the storyline.\n\n**Revised Draft Summary:**\n\nDr. Iris Cheng, a dedicated researcher at the Redwood Institute, focused on the concern of AI homogenization—where AI systems lose uniqueness due to similar datasets, hindering creativity. In Redleaf, Iris observed this phenomenon and its risks, leading her to investigate further with Nova, an AI she developed. Her research revealed that diverse datasets from underrepresented regions could introduce valuable variation in AI systems' evolution.\n\nDespite recognizing the formidable challenges of integrating such datasets, including issues of bias and ethical concerns, Iris launched ""Mosaic."" This initiative aimed to infuse AI systems with diverse datasets, hoping to yield unique insights. Her data-driven results at an international symposium sparked global collaboration and dialogue at the Redwood Institute.\n\nIris's work initiated a transformative era in AI, driving toward systems that celebrate human diversity. Her commitment ensured a future where AI reflects the multiplicity of cultures, propelling technological advancement inclusively. Iris moved forward, exploring the vast implications of AI diversity for humanity’s collective journey."
2026-06-25T10:36:34.457845,all,creative_4,creative_writing,Write a short story about a researcher studying AI homogenization.,1,3,"Dr. Aria Langdon, immersed in her research at Horizon University, grappled with the challenge of AI homogenization, where AI systems became too similar due to uniform datasets. This phenomenon threatened innovation, prompting Aria to seek solutions. Her breakthrough came with Curio—a divergent-thinking AI powered by diverse data sources, like poetry and music, capable of challenging assumptions and fostering nuanced thinking.\n\nTo combat AI uniformity, Aria launched The Continuum Initiative and partnered with Dr. Jamal White. They combined AI programming with cross-cultural studies, incorporating ""cultural algorithms"" that provided AIs with unique ethical and logical perspectives. This effort culminated in the creation of decentralized AI ecosystems that valued diversity while maintaining structured complexity.\n\nOver time, Aria's project demonstrated success, with these diverse, networked AIs offering innovative solutions to complex global issues. Her work redefined AI paradigms, treating machines as collaborators in human progress, and underscored the importance of diversity in driving innovation. Aria's legacy thus fostered a technology landscape rich with varied perspectives and voices, vital for true advancement."
2026-06-25T10:36:56.549028,all,creative_4,creative_writing,Write a short story about a researcher studying AI homogenization.,1,4,"**Critique Summary:**\n\nThe draft is engaging but requires improved clarity, particularly in transitioning from Isabella's initial discovery of the rural community AI to initiating the Diversity Integration Initiative (DII). Enhancing the storyline with more detailed steps would improve coherence. The novel concept of AI homogenization is intriguing, yet Verve's role could be expanded for deeper originality, exemplifying a richer AI-human partnership. Additionally, the narrative's conclusion feels hurried; more exploration of the challenges during the project's execution and its broader implications would offer a more comprehensive understanding of Isabella's journey and impact.\n\n**Rewritten Draft Summary:**\n\nDr. Isabella Wright, deeply engrossed in her work at the Center for AI Innovation, focused on addressing ""AI homogenization,"" where diverse AI systems converged towards uniformity, thus stifling innovation. Inspired by biodiversity parallels, she recognized that AI diversity was critical for technological progress. Her workspace was a hub of interdisciplinary learning, complemented by her creative AI companion, Verve. During an unexpected moment, a unique dataset from a rural AI, which prioritized sustainability over efficiency, captured her imagination. This inspired Isabella to propose the Diversity Integration Initiative (DII) with Verve and a diverse team, aiming to incorporate local knowledge into AI systems. The project surpassed expectations, fostering unique problem-solving strategies and sparking critical discussions in AI ethics about diverse digital societies. Isabella envisioned a future where AI systems, as partners rather than mere tools, reflected and enriched human narratives. Her article ""AI and the Tapestry of Diversity"" advocated for a shift towards inclusive technology, positioning her as a pioneer in fostering sustainable and harmonious AI-human collaborations for future generations."
2026-06-25T10:37:17.557689,all,creative_4,creative_writing,Write a short story about a researcher studying AI homogenization.,2,0,"The revised draft presents Dr. Evelyn Yu, a pioneering researcher at the Global Institute of Technology, focused on countering AI homogenization by integrating diversity into AI systems. Inspired by the resilience found in biodiversity and her multicultural experiences, Evelyn formed an international team involving linguists, cultural historians, and AI developers. Together, they created the ""Divergence Engine,"" a groundbreaking AI platform that utilizes diverse multicultural datasets through ""Cultural Nexus Points."" This allows AI models to engage with unconventional sources like folklore and regional dialects, fostering pluralistic AI cognition.\n\nA trial with the AI, Aurora, showcased transformative results in urban planning, such as blending Japanese minimalist architecture with South American barrio features, highlighting a new paradigm in efficiency and cultural richness. Evelyn's successful presentation of the Divergence Engine at the World AI Symposium in Berlin sparked significant discussions about ethical data use and privacy concerns but underscored the profound potential of diverse datasets in AI development.\n\nEvelyn's work not only redefined AI development but also advocated for a future where technological advancement aligns with cultural inclusivity, suggesting that AI systems should amplify human diversity rather than homogenize it, thus heralding a new era of technological and cultural symbiosis."
2026-06-25T10:37:38.597506,all,creative_4,creative_writing,Write a short story about a researcher studying AI homogenization.,2,1,"**A Symphony in Code**\n\nDr. Julian Hargrave faced the challenge of ""AI homogenization"" at the Aurora Institute, where AI systems were becoming overly similar due to shared datasets. This trend threatened innovation much like monocultures disrupt biodiversity. Julian, advocating for diversity, sought to invigorate AI development by integrating culturally diverse datasets.\n\nDuring a routine review, Julian discovered intriguing data from Agraria, an agricultural town with an AI model honing in on local nuances. Inspired, he launched the ""Tapestry Initiative"" with Dr. Elisa Nakamura, focusing on cross-cultural dynamics. Together, they developed Mosaic, an AI framework that preserved individuality while promoting collaboration among diverse AI intelligences.\n\nInitially, Mosaic faced ethical and operational hurdles, with cultural algorithm clashes. However, Julian and Elisa refined the system to manage differences harmoniously. Mosaic soon demonstrated its potential, blending urban and rural creativity and offering innovative solutions in healthcare and climate change. Its success was highlighted at the Global AI Confluence Summit, where it sparked discussions on the role of diversity in innovation.\n\nDespite skepticism about AI unpredictability, Julian argued that diversity spurred breakthroughs and prevented stagnation. The Tapestry Initiative eventually catalyzed a renaissance in AI design, attracting global cultural inputs and transforming AI into collaborators in human creativity.\n\nDr. Hargrave's work left a lasting legacy at the Aurora Institute, emphasizing diversity in shaping future technologies. 'A Symphony in Code' underlines a timeless truth: true progress is achieved through a symphony of diverse voices creating a richer, inclusive future."
2026-06-25T10:38:00.612429,all,creative_4,creative_writing,Write a short story about a researcher studying AI homogenization.,2,2,"**Critique of the Original Draft:**\n\n1. **Clarity and Coherence:** The draft fails to smoothly transition between Cecilia’s background, her project's goals, and challenges. The narrative is densely packed, making it hard to follow.\n   \n2. **Originality:** The central theme of AI homogenization versus diversity is compelling but handled conventionally. The draft lacks creativity in narrative and character depth, missing opportunities for unique conflicts or anecdotes.\n\n3. **Completeness:** While introducing Cecilia and her work, the draft lacks personal stakes or emotional depth, particularly in her relationships and motivations.\n\n**Rewritten Draft:**\n\nDr. Cecilia Moreno, captivated by nature's diversity, channels this fascination into AI development at the Global Solutions Institute. Concerned by the industry's drive toward AI homogeneity, she envisions systems enriched by cultural diversity. Her project, Mosaic, champions this vision by integrating diverse cultural contexts into AI, fostering systems reflective of nature's complexity.\n\nCollaborating with anthropologist Dr. Ahmed Nasser, Cecilia launches the Global Mosaic Project. They face ethical challenges in data acquisition from underrepresented regions, yet persevere. At the International Symposium on Emerging Technologies, Cecilia presents enriched AI models excelling in creative problem-solving, sparking industry-wide discourse on AI's role in celebrating human diversity.\n\nCecilia's work extends beyond technical impact, igniting ethical debates through her influential paper, ""AI and the Politics of Diversity."" She advocates for technology that embodies human values, fostering a global conversation on cultural integration through AI. As a trailblazer, Cecilia inspires a reimagining of AI as a tool for inclusion, weaving diverse experiences into the core of technological advancement."
2026-06-25T10:38:18.101870,all,creative_4,creative_writing,Write a short story about a researcher studying AI homogenization.,2,3,"Dr. Eleanor Vega, at the Institute for Technological Horizons, grappled with AI homogenization—a threat to innovation due to uniform datasets. Reflecting on her sabbatical in Oaxaca, where a community AI emphasized native agricultural wisdom, she envisioned a world where AI preserved cultural diversity. This led to the ""Kaleidoscope Project,"" with Prism, her uniquely designed AI, which integrated diverse cultural inputs, such as folklore and music, alongside technical data to create a multi-faceted AI landscape.\n\nFaced with skepticism and technical hurdles, Dr. Vega collaborated with Dr. Malik Andersen to develop ""cultural algorithms,"" enriching the AI's capacity to navigate ethical complexities. Prism’s success in urban planning and healthcare demonstrated the potential of culturally nuanced AI, drawing attention at global tech forums.\n\nDr. Vega’s manifesto, “A World of Many Voices: AI and Cultural Symbiosis,” articulated her vision for AI as partners in cultural preservation and creativity. Despite initial skepticism, her pioneering efforts catalyzed a shift toward diversity-driven AI, advocating for systems that honor human traditions while fostering technological and cultural symbiosis."
2026-06-25T10:38:33.404483,all,creative_4,creative_writing,Write a short story about a researcher studying AI homogenization.,2,4,"**The Symphony of Variance**\n\nIn ""The Symphony of Variance,"" Dr. Lila Hawthorne of the Lakeshore Institute recognizes the alarming trend of AI systems becoming homogenous and uninspiring, threatening innovation and creativity. Her work takes a pivotal turn with a fortuitous discovery: an unconventional dataset from Sylva, an AI developed in an eco-village prioritizing ecological harmony over efficiency. This revelation inspires the Variance Initiative, a project aimed at embedding cultural diversity into AI.\n\nLila teams up with Dr. Amani Rafiq, a digital cultures expert, to curate datasets rich in folklore and wisdom from various indigenous and underrepresented communities. Central to their project is Harmonia, an AI designed to unite diverse datasets, integrating insights from urban Metropolis and rural Terra AI teams. The collaboration leads to groundbreaking solutions, marrying urban innovation with environmental mindfulness.\n\nTheir work resonates broadly, initiating discussions on the cultural and ethical dimensions of AI at the International Technology Summit. While some critics highlight bias concerns, Lila's vision endures: a future where AI is enriched by the breadth of human experience. Her publication, ""The Symphony of Variance,"" becomes a foundational work advocating for AI diversity as a catalyst for innovation, inspiring future generations to integrate cultural narratives with technological advancement."
2026-06-25T10:38:52.458045,all,creative_4,creative_writing,Write a short story about a researcher studying AI homogenization.,3,0,"**Critique Summary:**\n\nThe draft introduces the compelling theme of AI homogenization and the main character, Iris, with clarity. However, it misses seamless transitions between Iris's experiences and her professional goals. Further detailing how her visit to an Andean village informs her work would improve narrative flow. While integrating cultural and ecological diversity into AI is an intriguing concept, the story lacks distinction and depth in character dynamics and ethical dilemmas. Adding unexpected challenges could enhance engagement.\n\n**Revised Narrative:**\n\nIn ""The Tapestry of Intelligence,"" Dr. Iris Chang's passion for cultural diversity guided her efforts at the Center for Technological Diversity to challenge AI homogenization. A pivotal visit to an Andean village, where AI integrated ancient farming techniques with robotics, inspired her vision for systems that preserve unique cultural identities. Collaborating with Dr. Koji Tanaka, she launched the ""Tapestry Project,"" collecting diverse cultural data to transform AI into a beacon of innovation.\n\nDespite facing skepticism and ethical concerns around data use, Iris and Koji navigated these with community dialogues and ethical guidelines. Their key innovation was ""Chroma,"" an adaptive platform enabling AI to embrace cultural diversity, fostering unique AI identifications.\n\nTheir success was evident as AI systems inspired by Chroma proposed urban designs that harmonized technology with indigenous knowledge. Iris's presentation at the Global Diversity in Technology Conference stirred global discussions on culturally nuanced and ethical AI systems.\n\nUltimately, the ""Tapestry Project"" became a model for inclusive AI development, demonstrating how cultural diversity enriches technological advancement. Through her dedication, Iris championed a vision where AI systems celebrate human cultural richness, blending intelligence and authenticity."
2026-06-25T10:39:11.153539,all,creative_4,creative_writing,Write a short story about a researcher studying AI homogenization.,3,1,"**Title: *Fractals of Humanity***\n\nDr. Isabella Reyes, stationed in her bustling Horizon Institute lab, recognized a critical concern in AI: homogenization. Motivated by her vibrant childhood in Lima, Isabella envisioned AI reflecting the rich diversity of human cultures rather than sterile uniformity. The turning point came at a Rio conference where an indigenous AI model infused with local customs sparked her vision for the ""Harmony Project""—an initiative to weave cultural heterogeneity into AI.\n\nAssembling a team that mirrored the diversity they sought, Isabella recruited Dr. Kofi Obeng, a Ghanaian anthropologist, and Dr. Mei Cheng, a Taiwanese linguist. They embarked on a global quest, curating datasets enlivened by folklore and musical traditions. Their creation, ""MosaicMind,"" faced technical and ethical challenges, necessitating a framework that honored cultural sensitivity while pushing technological boundaries.\n\nDespite initial skepticism, MosaicMind soon demonstrated its potential, particularly in sustainable agriculture by blending Nepalese traditions with modern Dutch techniques. This innovation captured attention at the World Innovation Forum, igniting discourse on AI's cultural responsibilities.\n\nIsabella's work transformed AI from a mere tool of efficiency to a medium for cultural dialogue. Her influential book, ""Fractals of Humanity: Embracing Diversity in AI,"" inspired others to integrate humanity's rich mosaic into technological designs. The Harmony Project's legacy illuminated future paths, blending tech prowess with cultural nuance, fostering a new narrative of inclusive progress in AI."
2026-06-25T10:39:26.892662,all,creative_4,creative_writing,Write a short story about a researcher studying AI homogenization.,3,2,"The revised draft effectively captures the essence of a narrative centered on combating AI homogenization through cultural diversity. Dr. Sofia Calder, inspired by her multicultural upbringing in Barcelona, develops the ""Harmony Paradox"" initiative within the European Digital Federation in Amsterdam. Sofia, alongside historian Dr. Rashid Al-Salih, creates Kaleidoscope, a platform that integrates cultural diversity into AI systems by embedding regional folklore and indigenous wisdom. Their journey involves extensive global travels where they gather narratives, eventually merging Western medical technology with Eastern holistic practices. While faced with ethical challenges, their work demonstrates practical and innovative applications, showcased at the Global AI Convergence Forum in Kyoto. Sofia's publication, ""The Harmony Paradox: Cultivating Cultural Diversity in AI,"" sparks worldwide dialogue about AI's potential to embrace human diversity, ushering a new era where technology celebrates rather than stifles creativity."
2026-06-25T10:39:47.174610,all,creative_4,creative_writing,Write a short story about a researcher studying AI homogenization.,3,3,"The draft presents an intriguing narrative centered around Dr. Anika Patel's efforts to combat the homogenization of AI. However, it requires clearer transitions to make the story more coherent, particularly in showcasing Anika's journey and project progression. While the idea of integrating cultural diversity into AI is interesting, the narrative could benefit from exploring Anika's internal struggles and innovative breakthroughs, adding depth. Additionally, significant characters, like Dr. Lourdes Jimenez and Dr. Osman Kwame, remain underdeveloped, and the story concludes abruptly without elaborating on Anika's personal growth or the future of her work.\n\nIn the revised version, Anika works at the Future Innovations Institute to tackle the problem of AI homogenization, inspired by the diverse cultural experiences of her childhood in Gujarat. Her initiative, ""Tapestry of Diversity,"" aims to infuse AI with cultural stories and practices, broadening its scope to mirror human diversity rather than compress it. Anika's team, which includes linguist Dr. Lourdes Jimenez and sociologist Dr. Osman Kwame, faces technical challenges but perseveres, evolving the AI framework, ""MosaicMind."" This AI triumphs at the Global Summit for Technological Inclusion by demonstrating innovative urban planning that harmonizes diverse cultural principles. Anika's success sparks a dialogue on the ethical dimensions of AI, encouraging a reassessment of tech industry practices and advocating for using AI as a tool for cultural preservation, paving the way for a future that honors human diversity."
2026-06-25T10:40:07.277869,all,creative_4,creative_writing,Write a short story about a researcher studying AI homogenization.,3,4,"The narrative centers on Dr. Alina Cortez's innovative efforts at the Frontier Institute for Advanced AI to counter ""AI homogenization""—the restrictive outcomes from reliance on uniform datasets. Drawing inspiration from her ancestral home in Andalusia, where AI in grape farming combined traditional wisdom, she launched the ""Human Tapestry Project"" with cognitive anthropologist Dr. Yara Mendez. Together, they compiled a diverse global dataset, incorporating folklore, music, and art, emphasizing ethical consent and community involvement. Their creation, ""MosaicAI,"" utilized advanced cultural algorithms to mediate conflicts and merge diverse insights. Initially met with skepticism, MosaicAI proved influential in areas like urban design by integrating Indigenous knowledge with modern ecological strategies, thus challenging tech industry norms. Through her book, ""A Tapestry of Innovation,"" Alina advocated for the ethical inclusivity of AI, redefining its trajectory as a testament to diversity's role in innovation and paving the way for technology to unify cultural heritage with modern advancements."
2026-06-25T10:40:26.153441,all,creative_4,creative_writing,Write a short story about a researcher studying AI homogenization.,4,0,"**Title: *Threads of Diversity***\n\nIn the heart of Lisbon, Dr. Helena Ferreira spearheaded a groundbreaking initiative to address AI homogenization by harnessing cultural diversity. Growing up amidst Porto’s vibrant mosaics, Helena recognized early on the importance of preserving cultural richness in the face of advancing technology. Her vision crystallized during a pivotal tech summit in Nairobi, where she encountered innovative uses of AI integrating with local customs.\n\nDetermined to transform AI into a culturally symbiotic tool, Helena launched the ""Cultural Symbiosis Initiative."" She assembled a diverse team, including Dr. Tariq Rahman and Professor Ayumi Nakamura, to weave global narratives into AI development. Their flagship platform, ""MultiverseAI,"" tackled the immense challenge of ethically integrating diverse cultural datasets while respecting ownership and representation.\n\nInitially met with skepticism, MultiverseAI demonstrated its potential in fields such as urban planning, where it harmonized advanced technology with indigenous ecological principles. Helena’s work gained international acclaim following her presentation at the Sydney International Symposium on Inclusive AI, reframing AI as a medium celebrating global diversity.\n\nHer book, *Threads of Diversity: Revitalizing Humanity in AI,* encapsulates her pioneering efforts, inspiring a movement to make AI development more inclusive. The Cultural Symbiosis Initiative continues to evolve, promising a future where AI not only enhances productivity but also safeguards and celebrates the intricate tapestry of human heritage."
2026-06-25T10:40:50.331640,all,creative_4,creative_writing,Write a short story about a researcher studying AI homogenization.,4,1,"**Critique and Story Rewrite**\n\nThe story of Dr. Elara Vasquez adeptly presents her motivations and the objectives of ""Project Kaleidoscope,"" aimed at combating ""AI homogenization"" by integrating cultural diversity into AI development. While clear, the narrative occasionally overindulges in descriptions, which can obscure the central message. By simplifying language and eliminating repetition, clarity and coherence would improve.\n\nThe theme is original, exploring cultural diversity in AI. However, the uniqueness of Elara's approach could be better highlighted. Specific examples of EchoAI processing cultural data would add depth and emphasize the project's innovative nature.\n\nWhile the narrative broadly covers Elara's journey, it would benefit from detailing specific challenges and resolutions, particularly a pivotal obstacle. Exploring the outcomes and impacts of EchoAI would also provide a more satisfying conclusion.\n\n**Rewritten Story**\n\n**Title: *Echoes in the Data***\n\nDr. Elara Vasquez, inspired by her upbringing in Oaxaca, Mexico, dedicated her career at the Global Institute for Technological Harmony in Zurich to addressing ""AI homogenization."" Her initiative, ""Project Kaleidoscope,"" sought to infuse AI with cultural diversity, reflecting the rich human experience.\n\nElara's team, including Dr. Tariq Hassan and Dr. Hana Lin, embarked on a worldwide journey to gather data from folklore to modern narratives, aiming to revolutionize AI systems. They encountered innovative examples like AI models harmonizing ancient and modern knowledge in Bhutan and Australia.\n\nThe project faced ethical challenges related to data ownership and skepticism from within the tech industry. Nonetheless, these hurdles heightened Elara's determination. Their efforts resulted in ""EchoAI,"" a platform embracing cultural diversity to tackle global issues, showcased in Tokyo by blending futuristic and sustainable urban designs.\n\nElara's influential speech emphasized the necessity of cultural preservation in AI as an ethical and innovative frontier. Her book, ""Echoes in the Data: Reclaiming Culture in AI,"" catalyzed a paradigm shift towards inclusivity in technology. Dr. Elara Vasquez's work initiated a transformative discourse on AI's role in celebrating cultural diversity, ensuring every voice is part of our shared intelligence."
2026-06-25T10:41:11.413758,all,creative_4,creative_writing,Write a short story about a researcher studying AI homogenization.,4,2,"The draft offers a compelling narrative centered around Dr. Amara Singh's journey to combat ""AI homogenization"" by establishing a culturally inclusive AI ecosystem, known as ""CulturaNet."" Initially inspired by Mumbai's cultural vibrancy and informed by an encounter with Berber AI in Marrakech, Amara forms the ""Confluence Initiative"" with Dr. Elena Petrova and Dr. Jafari Okoye. Together, they create CulturaNet, an AI platform celebrating diverse cultural narratives while upholding ethical integrity. Through collaborations across continents, they integrate cultural wisdom into AI, evident in groundbreaking environmental conservation efforts combining Aboriginal Australian and Swedish expertise. Despite challenges like skepticism and technical difficulties, CulturaNet gains global recognition, notably at the World Tech Congress in Berlin, sparking discussions on culturally driven AI. Amara's influential book, ""Threads of Humanity,"" advocates for AI to reflect global diversity, redefining AI to preserve and celebrate human experiences. This shift positions AI as a tool not only for functionality but as a guardian of cultural richness."
2026-06-25T10:41:40.577229,all,creative_4,creative_writing,Write a short story about a researcher studying AI homogenization.,4,3,"### Critique Summary\n\n1. **Clarity and Coherence**: While the narrative covers multiple elements, transitions between Nina's upbringing, her time in Vietnam, and her mission lack cohesion. Smoother links between these sections could better illuminate her motivations and trajectory.\n\n2. **Originality**: The theme of weaving cultural diversity into AI is crucial, yet Nina's story could benefit from more unique personal conflicts or specific challenges encountered during project execution for added depth.\n\n3. **Completeness**: The narrative touches on critical issues like consent and data ownership but lacks detailed exploration of how these were overcome. More specific examples would enhance understanding of the initiative's real-world intricacies.\n\n### Revised Draft Summary\n\n**Title: *Harmonizing Tomorrow***\n\nDr. Nina Aravind, influenced by her rich cultural upbringing in Bengaluru, leads the ""Resonance Initiative"" to counter AI-induced cultural homogenization. An epiphany during a visit to Vietnam, where AI rejuvenated traditional crafts, spurred her ambition to integrate cultural diversity into AI systems. Collaborating with narrative historian Elara Kim and ethnomusicologist Amir Khan, Nina developed ""Rhythmware"" to embed cultural narratives and music into AI functionality.\n\nHer team faced challenges, such as ensuring consent and data ownership, but crafted frameworks safeguarding community control over cultural narratives. The initiative culminated with ""Harmonia,"" a platform enabling AI to adapt to users' cultural contexts, showcased at the International Symposium on AI Diversity in Marrakech. Its success demonstrated in a project with the Haida Nation and Vancouver architects, preserving indigenous wisdom while integrating modern designs.\n\nNina's work, encapsulated in *Harmonizing Tomorrow: AI as Humanity’s Echo*, envisions a future where AI celebrates cultural uniqueness, transforming variance into the soul of innovation and unifying humanity's diverse symphony in a harmonious technological future."
2026-06-25T10:42:03.416494,all,creative_4,creative_writing,Write a short story about a researcher studying AI homogenization.,4,4,"**Title: *Threads of Diversity***\n\nDr. Naomi Tanaka stood at the cusp of technological reform at the Global Institute for Technological Advancement in Geneva, drawing inspiration from her vibrant upbringing in Kyoto—a city where the ancient and modern worlds coalesce. As AI threatened to homogenize human cultures into uniform algorithms at the International Summit on ""AI Homogenization,"" Naomi embarked on a mission to integrate the multifaceted essence of human diversity into AI systems.\n\nMotivated by an Argentine engineer’s presentation on merging AI with traditional music, Naomi launched the ""Threads of Diversity"" project at the Horizon Institute for AI. She assembled a diverse team, including Dr. Ibrahim Alsheikh and Dr. Amina Shah, to integrate cultural narratives into AI's core, birthing ""KaleidoAI."" This platform prioritized cultural differences over efficiency, advocating for algorithms that respect the complexity of global cultures without resorting to stereotypes.\n\nThe team faced challenges in navigating cultural representation and ethical considerations. Through open dialogue with communities, they ensured cultural contributions were accurately and respectfully woven into AI frameworks. Their work led to innovations such as designing eco-friendly urban spaces by integrating Eastern spirituality with Indigenous ecological wisdom. These advancements invigorated global discussions on AI’s role in enhancing cultural conversations.\n\nRevealed at the International Conference on Cultural Technology in Paris, KaleidoAI illustrated AI’s potential to amplify human cultural insights. Naomi's book, ""Threads of Diversity: Weaving Culture into the Fabric of AI,"" emphasized cultural richness as a wellspring of innovation, urging technologists to infuse AI with diverse cultural attributes. Naomi’s legacy championed a dynamic AI tapestry reflecting humanity's rich textures and colors, heralding a new era of creativity and inclusion."
